platform,country,region,category,sound_type,duration_sec,views,likes,comments,trend_label,genre,publish_dayofweek,publish_period,creator_avg_views,title_length,completion_rate,traffic_source
1,Us,North America,Food,licensed,26,27099,1868,257,rising,Travel,Sunday,Evening,86079.6,22,0.777,ForYou
1,Us,North America,Fitness,trending,18,172755,8917,1084,seasonal,Music,Sunday,Night,101492.8,17,0.728,ForYou
1,Us,North America,Comedy,trending,62,481882,35108,4168,rising,Pets,Friday,Evening,91145.8,20,0.806,ForYou
1,Mx,North America,Travel,trending,23,33310,3677,307,declining,Lifestyle,Thursday,Afternoon,85917.1,24,0.678,ForYou
1,Mx,North America,Lifestyle,original,41,23423,1373,151,declining,Beauty,Saturday,Night,90734.5,22,0.815,ForYou
1,Mx,North America,Sports,trending,22,8948,819,72,seasonal,Gaming,Saturday,Morning,110084.9,30,0.595,Search
1,Mx,North America,Lifestyle,original,36,25840,1333,198,stable,Gaming,Friday,Evening,105698,23,0.692,ForYou
1,Mx,North America,Fitness,trending,11,30168,2723,237,seasonal,Education,Wednesday,Evening,93727.3,16,0.627,Following
1,Mx,North America,Gaming,licensed,24,79456,5335,849,declining,Food,Sunday,Afternoon,105585.7,25,0.717,ForYou
1,Mx,North America,News,original,31,11171,1121,110,rising,Food,Wednesday,Evening,95967.2,29,0.758,ForYou
1,Mx,North America,News,original,23,152175,13424,1209,declining,Food,Thursday,Night,97568.1,16,0.739,Search
1,Mx,North America,Fashion,trending,30,116006,8492,720,seasonal,Travel,Wednesday,Afternoon,62987.8,19,0.783,ForYou
2,Ca,North America,Finance,trending,41,37907,966,102,stable,Lifestyle,Saturday,Evening,101777.7,22,0.524,Search
2,Ca,North America,Beauty,trending,45,47909,980,142,rising,Dance,Saturday,Evening,93948.2,20,0.551,Search
2,Mx,North America,Education,licensed,61,111043,3664,448,declining,Sports,Friday,Evening,106295.8,22,0.489,Suggested
2,Us,North America,Tech,licensed,85,183491,8635,803,declining,Dance,Friday,Afternoon,86941.3,25,0.425,External
2,Mx,North America,Beauty,trending,18,12889,718,99,seasonal,Beauty,Wednesday,Morning,99598.4,27,0.461,Suggested
2,Us,North America,Comedy,original,62,78342,2034,286,rising,Sports,Saturday,Evening,84206,24,0.689,Search
1,Us,North America,Finance,original,32,35196,2591,170,seasonal,Comedy,Friday,Night,108363,29,0.8,ForYou
1,Ca,North America,Pets,trending,31,10976,790,112,declining,Dance,Thursday,Evening,85369.3,20,0.635,ForYou
1,Mx,North America,Science,trending,26,58774,3119,357,seasonal,Education,Saturday,Night,102851.4,22,0.631,Search
1,Ca,North America,Food,original,19,147717,8707,1233,seasonal,Tech,Wednesday,Evening,113141.1,29,0.532,Following
1,Ca,North America,Finance,licensed,21,160565,11260,1371,seasonal,Pets,Friday,Morning,80410.8,17,0.671,ForYou
1,Us,North America,Comedy,original,12,10154,611,78,rising,Education,Sunday,Evening,107955.4,18,0.692,Search
1,Us,North America,Education,licensed,23,251457,21618,2752,declining,Beauty,Thursday,Evening,97694.6,22,0.557,ForYou
1,Ca,North America,News,original,33,29020,2493,274,stable,Gaming,Wednesday,Evening,93389,30,0.6,Search
1,Mx,North America,Sports,original,15,18039,949,116,stable,Gaming,Thursday,Evening,92277.3,31,0.82,Following
2,Mx,North America,Tech,licensed,29,1865088,57192,8621,rising,Gaming,Friday,Afternoon,122780.7,28,0.472,Suggested
2,Us,North America,Beauty,licensed,82,18302,902,84,declining,Tech,Friday,Evening,111830.6,28,0.546,Home
2,Mx,North America,Science,licensed,19,9879,283,41,seasonal,Gaming,Friday,Evening,78592,26,0.632,Home
2,Mx,North America,Gaming,trending,16,176421,7095,590,stable,Gaming,Friday,Evening,80653.2,27,0.562,Suggested
1,Us,North America,Education,licensed,39,35085,4013,621,seasonal,Comedy,Friday,Afternoon,101280.2,16,0.556,Following
1,Mx,North America,Automotive,trending,38,61492,3869,411,declining,Food,Friday,Morning,112406,29,0.539,ForYou
1,Ca,North America,Education,trending,33,658900,46407,4442,stable,Tech,Friday,Evening,113807.9,26,0.718,ForYou
1,Us,North America,Art,original,15,33360,2133,291,declining,Fashion,Sunday,Afternoon,105639.6,19,0.773,Following
1,Ca,North America,Gaming,trending,28,8436,696,48,rising,Beauty,Friday,Night,93427.1,22,0.807,ForYou
2,Ca,North America,Education,trending,37,56782,3509,234,declining,Food,Saturday,Evening,82918.8,20,0.489,Suggested
2,Ca,North America,Art,licensed,90,13430,550,58,stable,Lifestyle,Friday,Afternoon,93418,23,0.503,Search
2,Mx,North America,Comedy,trending,9,6367,171,22,declining,Comedy,Friday,Evening,116096.1,21,0.744,Suggested
2,Ca,North America,Automotive,original,35,20681,673,59,seasonal,Lifestyle,Friday,Evening,130473.1,27,0.669,Search
2,Ca,North America,Food,licensed,56,57609,2371,213,rising,Comedy,Sunday,Evening,96609.1,29,0.618,Home
2,Mx,North America,News,licensed,29,35300,1723,209,seasonal,Sports,Friday,Night,99253.8,24,0.659,Search
2,Us,North America,Fitness,trending,19,83602,3903,359,declining,Sports,Friday,Evening,98432,26,0.6,Home
2,Ca,North America,Automotive,licensed,39,16328,1063,92,declining,Lifestyle,Sunday,Evening,105585.7,23,0.523,Search
2,Ca,North America,Gaming,trending,36,313561,8115,646,declining,Music,Saturday,Afternoon,103134.2,28,0.692,Home
2,Us,North America,Science,trending,20,64748,1829,163,stable,Fashion,Friday,Night,86941.3,19,0.705,Search
2,Ca,North America,Automotive,licensed,49,52256,2898,447,rising,Education,Wednesday,Afternoon,78592,25,0.633,Suggested
2,Us,North America,Lifestyle,trending,60,165730,5614,497,seasonal,Lifestyle,Friday,Evening,91135.1,22,0.578,Home
1,Us,North America,Sports,original,22,21922,1958,270,stable,Fashion,Wednesday,Evening,119864.1,20,0.609,ForYou
1,Ca,North America,Gaming,licensed,26,72584,4776,412,declining,Comedy,Saturday,Morning,78433.1,20,0.665,ForYou
1,Ca,North America,Music,licensed,19,43626,2978,296,stable,Comedy,Friday,Morning,105795.3,22,0.747,Following
1,Ca,North America,Sports,trending,36,39634,2545,208,seasonal,Fashion,Friday,Afternoon,106642.8,19,0.694,ForYou
1,Mx,North America,Fashion,original,23,137140,6845,456,declining,Music,Sunday,Morning,109255,28,0.587,ForYou
1,Ca,North America,Sports,licensed,28,90836,7604,872,declining,Fashion,Friday,Evening,85903.6,23,0.536,ForYou
1,Us,North America,Science,trending,24,46595,4476,573,declining,Comedy,Friday,Evening,103611.2,17,0.767,ForYou
1,Mx,North America,Travel,trending,16,45225,3235,225,rising,Dance,Thursday,Afternoon,101422.3,25,0.738,Following
1,Us,North America,Beauty,original,75,119197,10837,957,stable,Tech,Wednesday,Night,139280.8,26,0.716,ForYou
1,Ca,North America,Gaming,trending,17,64065,3749,597,stable,Beauty,Thursday,Afternoon,130373.9,20,0.553,ForYou
2,Ca,North America,News,trending,21,118576,4982,765,seasonal,Gaming,Friday,Afternoon,102133.2,28,0.562,External
2,Ca,North America,Pets,licensed,73,491264,34462,3953,rising,Travel,Saturday,Evening,109086.8,23,0.593,Home
2,Mx,North America,Lifestyle,trending,55,126401,5401,634,rising,Travel,Friday,Night,84510.2,17,0.645,Search
2,Us,North America,Art,trending,40,91931,4509,529,rising,Sports,Friday,Morning,81381.2,25,0.548,Suggested
2,Us,North America,Lifestyle,licensed,42,19044,429,52,seasonal,Lifestyle,Saturday,Morning,92655.5,23,0.412,Suggested
1,Mx,North America,Travel,licensed,48,42125,1745,225,stable,Fashion,Friday,Morning,127439.6,18,0.51,ForYou
1,Us,North America,DIY,trending,19,69955,3044,456,declining,Education,Saturday,Afternoon,76368,18,0.589,ForYou
1,Us,North America,Fitness,original,13,19060,859,83,declining,Comedy,Wednesday,Evening,76934.4,11,0.646,Following
1,Ca,North America,Fashion,licensed,30,70734,6134,582,seasonal,Education,Wednesday,Night,88276,32,0.833,ForYou
1,Mx,North America,Art,trending,19,231644,16871,1718,stable,Pets,Friday,Evening,93745.1,19,0.679,ForYou
1,Mx,North America,Fitness,licensed,35,35928,2763,428,declining,Education,Wednesday,Afternoon,79277.7,35,0.52,ForYou
1,Mx,North America,News,original,37,56807,2575,265,rising,Comedy,Wednesday,Evening,116192.9,28,0.635,ForYou
1,Us,North America,Tech,licensed,20,27227,1679,197,rising,Comedy,Saturday,Evening,89981.8,20,0.57,External
1,Us,North America,Music,trending,16,565006,24010,1703,declining,Gaming,Sunday,Afternoon,90734.5,29,0.6,ForYou
1,Us,North America,Sports,trending,36,46800,1906,195,stable,Fashion,Sunday,Afternoon,101280.2,22,0.708,ForYou
2,Ca,North America,Sports,licensed,75,119277,4464,348,seasonal,Dance,Friday,Morning,91135.1,15,0.419,Home
2,Ca,North America,Science,original,44,229870,7465,956,seasonal,Beauty,Saturday,Evening,141830.1,25,0.584,Search
2,Us,North America,Music,licensed,55,21683,631,51,declining,Gaming,Saturday,Evening,90369.7,28,0.467,Suggested
2,Us,North America,Gaming,licensed,50,167513,3354,412,seasonal,Lifestyle,Saturday,Afternoon,106295.8,21,0.614,Home
2,Us,North America,Comedy,trending,38,25690,1963,247,stable,Gaming,Sunday,Evening,96208.1,29,0.671,Home
2,Mx,North America,Travel,original,29,52910,3224,381,declining,Dance,Thursday,Morning,117464.6,23,0.434,Search
1,Us,North America,Music,trending,18,79090,5807,851,stable,Sports,Saturday,Afternoon,87549.4,22,0.594,Following
1,Us,North America,Automotive,trending,28,161186,8890,1055,declining,Food,Monday,Evening,112406,22,0.729,Following
1,Ca,North America,News,original,39,140181,11559,1090,stable,Pets,Friday,Night,88276,19,0.508,ForYou
1,Ca,North America,Science,original,32,23537,1518,186,seasonal,Beauty,Tuesday,Morning,111539.1,18,0.762,ForYou
1,Ca,North America,Tech,licensed,49,33926,1832,124,stable,Pets,Friday,Evening,100266.4,20,0.637,ForYou
1,Us,North America,Lifestyle,original,41,40846,3309,254,stable,Lifestyle,Friday,Evening,76785.9,29,0.693,ForYou
1,Us,North America,Education,trending,11,14944,886,82,stable,Fashion,Tuesday,Evening,93238.5,21,0.609,Search
1,Us,North America,DIY,original,27,48370,4363,300,seasonal,Sports,Friday,Evening,89929.7,22,0.752,External
1,Us,North America,Food,original,27,91551,9491,817,rising,Tech,Friday,Evening,97585.7,23,0.844,Following
1,Mx,North America,Science,trending,37,85152,5747,876,seasonal,Travel,Thursday,Night,106295.8,20,0.67,ForYou
2,Mx,North America,Finance,licensed,36,64578,2881,216,rising,Beauty,Friday,Evening,105585.7,20,0.672,Home
2,Mx,North America,Travel,original,56,29767,890,80,seasonal,Fashion,Sunday,Morning,100230.7,20,0.72,Search
2,Us,North America,Beauty,trending,20,135729,4764,445,declining,Music,Sunday,Afternoon,89037.7,26,0.42,Home
2,Ca,North America,Tech,original,52,238112,15308,2014,stable,Food,Saturday,Morning,120089.6,14,0.683,Suggested
2,Ca,North America,Sports,licensed,27,57152,2641,328,declining,Education,Saturday,Evening,85683.8,16,0.63,External
2,Mx,North America,Comedy,original,14,28244,1069,122,declining,Education,Wednesday,Afternoon,89534.9,20,0.564,Suggested
2,Mx,North America,Science,licensed,54,30452,904,133,seasonal,Dance,Thursday,Evening,90954.4,20,0.591,Home
2,Mx,North America,Comedy,licensed,59,25916,958,100,declining,Beauty,Friday,Evening,92959.7,22,0.681,Home
2,Us,North America,DIY,licensed,49,9556,440,61,rising,Beauty,Saturday,Night,84155.1,28,0.539,Home
2,Ca,North America,Automotive,original,28,41876,2020,175,declining,Pets,Saturday,Afternoon,120866.4,26,0.65,Suggested
2,Ca,North America,Comedy,licensed,63,74455,3269,272,stable,Pets,Tuesday,Night,102133.2,17,0.56,Home
2,Ca,North America,Fashion,licensed,40,21727,1023,132,declining,Comedy,Wednesday,Afternoon,84941,14,0.518,External
1,Mx,North America,Education,trending,34,46472,4327,604,seasonal,Music,Saturday,Morning,96742.3,25,0.585,Search
1,Us,North America,Travel,original,15,38848,3229,410,declining,Music,Wednesday,Evening,78162.1,21,0.587,External
1,Ca,North America,Lifestyle,original,21,109373,12013,1519,rising,Fashion,Friday,Evening,88159.6,20,0.671,ForYou
1,Mx,North America,DIY,trending,15,12206,966,129,stable,Tech,Friday,Evening,62987.8,29,0.587,Search
1,Ca,North America,Art,original,31,292021,21510,1845,seasonal,Lifestyle,Saturday,Afternoon,113307.8,26,0.813,ForYou
1,Mx,North America,News,original,27,15980,1212,86,stable,Tech,Friday,Evening,139280.8,26,0.841,ForYou
1,Us,North America,Gaming,trending,30,18894,1189,144,declining,Fashion,Friday,Night,128892.5,19,0.843,ForYou
1,Ca,North America,DIY,licensed,13,83939,3490,243,stable,Beauty,Wednesday,Evening,112761.3,22,0.569,ForYou
2,Ca,North America,Tech,original,36,26283,1030,120,rising,Pets,Saturday,Night,90412.1,20,0.708,Suggested
2,Us,North America,Pets,trending,25,19474,814,50,rising,Fashion,Friday,Evening,94550.8,21,0.692,Suggested
2,Us,North America,News,trending,71,34346,1457,228,rising,Food,Friday,Evening,109289.1,16,0.706,Home
2,Mx,North America,Fitness,original,61,46896,1798,240,rising,Fashion,Monday,Evening,95866.1,19,0.566,Suggested
2,Mx,North America,Science,original,20,197395,4862,553,stable,Beauty,Wednesday,Afternoon,81777.9,27,0.65,Search
2,Us,North America,Comedy,trending,52,137581,6081,579,stable,Travel,Thursday,Morning,109255,20,0.687,Search
2,Mx,North America,Education,trending,38,43787,1898,218,declining,Food,Monday,Afternoon,120740,23,0.682,Home
2,Ca,North America,Education,trending,60,14000,572,63,stable,Beauty,Saturday,Afternoon,106317.9,22,0.662,Home
2,Us,North America,News,original,51,52496,1770,116,seasonal,Gaming,Saturday,Afternoon,96609.1,29,0.629,Suggested
1,Mx,North America,Tech,trending,19,352757,21770,2049,declining,Travel,Sunday,Evening,123474.6,26,0.558,ForYou
1,Mx,North America,Science,original,28,86139,7147,987,rising,Gaming,Sunday,Evening,120740,29,0.743,ForYou
1,Mx,North America,Beauty,original,45,33481,1601,194,stable,Comedy,Tuesday,Evening,101614.1,29,0.596,External
1,Us,North America,Travel,licensed,22,485800,17226,1345,seasonal,Education,Friday,Afternoon,86911.3,27,0.645,ForYou
1,Us,North America,Tech,original,36,23384,1478,121,declining,Music,Friday,Afternoon,93727.3,23,0.817,External
1,Us,North America,Science,original,17,195754,10131,859,rising,Gaming,Saturday,Afternoon,77464.1,30,0.735,Following
2,Us,North America,Fitness,licensed,31,53762,2766,361,seasonal,Dance,Sunday,Morning,83077.8,20,0.597,Home
2,Mx,North America,Fitness,trending,35,114679,2661,294,rising,Dance,Sunday,Night,102956.3,15,0.403,Suggested
2,Mx,North America,Comedy,original,46,93153,4458,520,rising,Tech,Sunday,Evening,98281.2,25,0.454,External
2,Ca,North America,Education,original,45,37660,868,116,declining,Comedy,Sunday,Afternoon,110281.5,34,0.576,Suggested
2,Ca,North America,Sports,trending,75,80962,2294,205,declining,Beauty,Wednesday,Afternoon,118634.1,22,0.507,Search
2,Mx,North America,Travel,licensed,39,139029,4570,379,stable,Dance,Tuesday,Evening,73883.7,15,0.638,Home
2,Mx,North America,Science,original,35,10191,278,28,declining,Food,Friday,Evening,109258.2,24,0.403,Suggested
2,Mx,North America,Travel,trending,40,53300,2122,307,seasonal,Comedy,Friday,Night,111310.2,26,0.602,Search
2,Us,North America,Finance,trending,90,20126,789,117,seasonal,Fashion,Friday,Evening,87560.6,20,0.434,Suggested
2,Us,North America,Lifestyle,trending,28,39154,1044,101,stable,Lifestyle,Monday,Evening,89206.3,25,0.732,Suggested
1,Mx,North America,Art,licensed,55,17724,635,41,seasonal,Beauty,Tuesday,Evening,84206,28,0.753,ForYou
1,Us,North America,Fitness,trending,32,31304,2146,188,stable,Dance,Tuesday,Morning,102133.2,22,0.5,ForYou
1,Mx,North America,Science,licensed,31,26466,1725,147,declining,Fashion,Sunday,Morning,88998.8,20,0.574,ForYou
1,Mx,North America,Fitness,original,30,34629,2164,295,declining,Education,Monday,Afternoon,93714.6,16,0.643,ForYou
1,Mx,North America,Automotive,trending,27,10117,382,25,seasonal,Comedy,Friday,Afternoon,99200.2,14,0.804,Following
1,Ca,North America,Food,licensed,22,39543,1937,197,declining,Music,Friday,Evening,96403.9,12,0.632,External
1,Us,North America,Science,trending,20,20647,2002,275,declining,Sports,Friday,Evening,101280.2,22,0.55,ForYou
1,Mx,North America,Finance,trending,19,70305,3202,429,rising,Education,Sunday,Evening,94785.6,16,0.6,Search
1,Mx,North America,DIY,licensed,18,32166,2183,262,declining,Pets,Monday,Evening,86206.8,20,0.761,ForYou
1,Ca,North America,Music,trending,52,137254,9431,924,seasonal,Comedy,Thursday,Afternoon,99893.3,21,0.558,ForYou
1,Us,North America,Finance,original,38,41535,2604,245,rising,Gaming,Saturday,Evening,78592,29,0.584,ForYou
1,Us,North America,Music,original,23,158963,10336,1193,rising,Gaming,Monday,Afternoon,109552,28,0.757,Following
2,Us,North America,Music,trending,22,340573,12963,1837,rising,Education,Saturday,Evening,84701.8,16,0.527,Search
2,Us,North America,News,trending,34,69208,2122,214,stable,Pets,Friday,Afternoon,127922.9,17,0.735,Home
2,Ca,North America,Automotive,original,58,18040,341,44,declining,Music,Friday,Evening,112356.1,26,0.6,Home
2,Us,North America,Lifestyle,original,37,208155,5145,541,stable,Lifestyle,Monday,Evening,116060.5,25,0.657,Home
2,Us,North America,News,original,18,171994,7468,617,declining,Food,Friday,Night,123924.6,24,0.561,Suggested
2,Mx,North America,Education,licensed,28,31456,1806,243,declining,Pets,Thursday,Evening,98781.3,17,0.554,Search
1,Ca,North America,Travel,original,21,43796,1856,273,declining,Tech,Monday,Night,93727.3,31,0.543,Following
1,Mx,North America,Beauty,trending,23,54373,4159,333,stable,Comedy,Friday,Evening,103726.9,9,0.587,ForYou
1,Ca,North America,Beauty,licensed,50,9123,955,139,seasonal,Comedy,Wednesday,Evening,97960.8,21,0.81,ForYou
1,Us,North America,Beauty,original,75,42404,2555,353,seasonal,Fashion,Sunday,Evening,101777.7,21,0.82,ForYou
1,Ca,North America,Education,licensed,43,14346,757,105,stable,Gaming,Sunday,Night,100207.3,26,0.521,Search
1,Mx,North America,Art,licensed,20,35767,2394,255,stable,Lifestyle,Friday,Evening,80018.9,24,0.835,ForYou
1,Ca,North America,Comedy,original,31,110031,3695,385,stable,Lifestyle,Friday,Night,99230,32,0.771,Search
1,Us,North America,Pets,original,23,53028,4368,295,stable,Comedy,Friday,Evening,91480.6,23,0.748,ForYou
1,Us,North America,Science,trending,15,48403,2724,247,declining,Pets,Friday,Evening,91401.9,20,0.573,ForYou
1,Ca,North America,Beauty,trending,22,296369,14963,1828,declining,Sports,Friday,Evening,87560.6,24,0.505,External
1,Ca,North America,Sports,licensed,20,14120,1113,145,rising,Travel,Friday,Afternoon,88495,26,0.755,ForYou
1,Mx,North America,Lifestyle,licensed,49,142338,10082,1199,seasonal,Gaming,Monday,Evening,91096.1,25,0.571,ForYou
1,Us,North America,DIY,original,19,97447,10325,924,declining,Education,Saturday,Morning,98232.9,28,0.753,ForYou
1,Us,North America,Music,licensed,24,57472,4303,609,rising,Education,Friday,Evening,106288.7,22,0.675,ForYou
1,Us,North America,Beauty,original,25,14712,1249,203,stable,Travel,Sunday,Night,132877.7,25,0.644,Search
1,Ca,North America,Fashion,original,34,180213,10372,1302,seasonal,Beauty,Saturday,Afternoon,84030.9,22,0.532,ForYou
1,Ca,North America,Finance,licensed,31,31787,3123,305,seasonal,Sports,Friday,Afternoon,92630.9,24,0.742,External
1,Us,North America,Science,original,16,143376,12801,1574,declining,Beauty,Friday,Evening,83077.8,28,0.838,ForYou
1,Ca,North America,Music,original,12,45646,2599,245,seasonal,Tech,Saturday,Evening,98586,29,0.517,Search
1,Mx,North America,Beauty,licensed,68,62829,3675,344,stable,Dance,Thursday,Afternoon,108022.1,22,0.737,Following
1,Ca,North America,Gaming,licensed,17,100644,6122,858,declining,Gaming,Sunday,Morning,105000,24,0.718,Following
1,Ca,North America,Comedy,licensed,25,32878,1813,128,rising,Food,Sunday,Afternoon,95580.2,20,0.64,ForYou
2,Mx,North America,Science,original,50,54750,2569,247,seasonal,Comedy,Sunday,Evening,67358,11,0.638,Suggested
2,Mx,North America,Food,original,30,6836,520,64,stable,Fashion,Friday,Evening,123924.6,22,0.563,Home
2,Ca,North America,Finance,trending,46,25997,1148,83,stable,Dance,Saturday,Evening,79249.9,22,0.715,Search
2,Mx,North America,News,licensed,39,27755,1264,115,declining,Beauty,Friday,Morning,94785.6,25,0.415,Home
1,Ca,North America,Science,original,21,33866,3189,254,rising,Food,Wednesday,Evening,81626.7,24,0.733,Following
1,Mx,North America,Science,trending,31,139921,9421,1307,seasonal,Food,Tuesday,Evening,93663.5,23,0.7,ForYou
1,Mx,North America,Education,trending,11,78046,9378,792,seasonal,Pets,Tuesday,Evening,115352,26,0.655,ForYou
1,Ca,North America,Music,original,31,91505,3639,603,declining,Fashion,Sunday,Afternoon,117704,23,0.539,ForYou
1,Us,North America,Food,original,11,216769,13115,1381,rising,Gaming,Monday,Afternoon,108022.1,28,0.564,ForYou
1,Mx,North America,Art,trending,35,54794,3150,249,rising,Music,Friday,Evening,93827.6,28,0.671,ForYou
1,Us,North America,Fashion,licensed,19,144305,7360,542,declining,Travel,Wednesday,Afternoon,78592,22,0.511,ForYou
1,Mx,North America,Travel,trending,23,156651,19998,1853,rising,Lifestyle,Thursday,Night,103087.9,22,0.674,ForYou
1,Us,North America,Fitness,licensed,23,20864,1778,198,rising,Sports,Friday,Evening,79597.8,22,0.574,ForYou
1,Ca,North America,Pets,licensed,39,149674,11633,1221,seasonal,Beauty,Friday,Evening,100197.7,30,0.664,Following
1,Mx,North America,Comedy,trending,39,50587,4295,663,stable,Beauty,Sunday,Evening,73660.3,22,0.844,ForYou
1,Us,North America,Sports,licensed,36,48691,4299,556,seasonal,Gaming,Friday,Evening,73326.4,24,0.608,Following
1,Mx,North America,Art,trending,8,14398,716,51,seasonal,Sports,Thursday,Afternoon,87413.2,22,0.688,ForYou
1,Mx,North America,Travel,original,20,56558,2783,281,rising,Food,Sunday,Evening,82879.7,27,0.64,ForYou
1,Us,North America,Lifestyle,trending,29,306008,13056,1043,declining,Gaming,Friday,Morning,88068.7,29,0.514,Search
1,Ca,North America,Travel,original,33,50252,2561,311,rising,Comedy,Tuesday,Evening,95337.6,26,0.5,ForYou
2,Mx,North America,Sports,original,79,36677,1586,159,declining,Travel,Friday,Evening,126216.3,20,0.461,External
2,Us,North America,Comedy,licensed,53,69446,2924,401,declining,Dance,Sunday,Night,91699.8,23,0.592,Search
2,Mx,North America,Education,trending,45,67179,2857,299,seasonal,Sports,Sunday,Evening,102133.2,22,0.536,Search
2,Us,North America,Finance,original,31,82387,2142,184,seasonal,Gaming,Friday,Evening,82413.7,27,0.413,Home
2,Us,North America,News,original,33,21662,802,118,stable,Dance,Saturday,Evening,107717.7,20,0.47,Search
2,Us,North America,Travel,original,53,65879,2628,298,seasonal,Gaming,Friday,Afternoon,108133.7,24,0.475,Home
2,Ca,North America,Music,original,81,57316,2381,312,declining,Sports,Tuesday,Evening,123474.6,24,0.679,Suggested
2,Us,North America,Pets,original,51,59132,3566,268,declining,Dance,Monday,Morning,75227.3,22,0.72,Home
1,Mx,North America,Finance,original,20,88487,9576,955,stable,Food,Monday,Morning,92069.4,24,0.53,External
1,Mx,North America,Travel,original,34,145043,12543,1059,seasonal,Comedy,Saturday,Morning,108833.3,20,0.574,ForYou
1,Ca,North America,Education,original,31,118832,5762,785,rising,Tech,Monday,Afternoon,89114.6,26,0.542,External
1,Ca,North America,Art,original,26,146670,7966,1177,rising,Music,Thursday,Evening,97585.7,23,0.527,ForYou
1,Mx,North America,Travel,licensed,21,45376,2987,473,stable,Dance,Tuesday,Evening,92976.5,23,0.624,ForYou
1,Us,North America,Beauty,trending,31,49493,3830,415,rising,Fashion,Friday,Evening,90840.6,20,0.835,ForYou
1,Us,North America,Finance,original,11,72176,3890,292,rising,Comedy,Friday,Morning,83079,27,0.582,External
1,Ca,North America,Fashion,trending,19,153635,10687,1109,declining,Beauty,Friday,Morning,75508.9,23,0.726,ForYou
1,Mx,North America,Beauty,trending,19,170406,9020,792,seasonal,Travel,Wednesday,Night,100266.4,29,0.521,Following
1,Mx,North America,Food,original,52,98842,7039,892,seasonal,Fashion,Sunday,Afternoon,75220.9,20,0.615,ForYou
2,Mx,North America,Gaming,original,64,172586,5101,712,declining,Dance,Thursday,Evening,109552,22,0.548,Suggested
2,Mx,North America,Finance,licensed,44,23207,1230,88,seasonal,Beauty,Friday,Evening,100659.5,25,0.443,Home
2,Mx,North America,Gaming,original,90,130122,4190,639,seasonal,Comedy,Sunday,Evening,96533.9,32,0.488,Home
2,Mx,North America,Fitness,trending,58,47082,2435,184,stable,Fashion,Tuesday,Night,122780.7,17,0.416,Search
2,Us,North America,Finance,original,24,190743,4625,333,seasonal,Food,Saturday,Evening,66324.2,14,0.488,Suggested
2,Mx,North America,Tech,trending,33,200894,10642,735,rising,Comedy,Sunday,Morning,90412.1,18,0.6,Home
2,Ca,North America,Sports,licensed,26,66416,3443,269,stable,Gaming,Friday,Evening,113307.8,26,0.5,Home
2,Mx,North America,Pets,trending,48,35818,914,139,seasonal,Fashion,Friday,Night,92140.4,19,0.527,Search
1,Mx,North America,Beauty,licensed,29,109526,8832,1186,stable,Music,Saturday,Evening,97042.8,21,0.776,ForYou
1,Mx,North America,Science,original,18,58147,1771,141,rising,Lifestyle,Wednesday,Evening,102133.2,21,0.544,ForYou
1,Ca,North America,Fashion,trending,26,21585,1673,205,stable,Music,Thursday,Evening,63890.7,28,0.581,External
1,Mx,North America,Comedy,original,26,39632,2657,345,rising,Sports,Saturday,Evening,68744.1,22,0.827,ForYou
1,Ca,North America,Tech,licensed,26,10395,886,61,seasonal,Sports,Monday,Night,81411.1,24,0.642,External
1,Mx,North America,Pets,trending,33,42568,2134,249,seasonal,Beauty,Wednesday,Morning,107717.7,29,0.585,Following
1,Us,North America,Tech,original,29,15323,909,93,declining,Sports,Friday,Evening,95241.7,25,0.755,ForYou
1,Us,North America,Fitness,trending,23,232086,14667,932,declining,Sports,Monday,Evening,133984.4,24,0.765,ForYou
1,Ca,North America,Finance,trending,21,22660,2249,248,rising,Comedy,Friday,Evening,131156,26,0.838,ForYou
1,Mx,North America,News,licensed,24,70808,5038,602,rising,Tech,Friday,Evening,92871.7,31,0.829,ForYou
1,Mx,North America,DIY,original,26,26729,1296,148,stable,Food,Sunday,Morning,91380.1,18,0.692,Following
2,Ca,North America,Fashion,trending,46,90991,3151,483,declining,Sports,Friday,Evening,86520.6,22,0.563,Suggested
2,Ca,North America,News,original,22,135825,5332,527,rising,Education,Friday,Evening,111632,16,0.673,Home
2,Us,North America,Lifestyle,original,55,72708,1474,192,declining,Lifestyle,Friday,Afternoon,113141.1,25,0.696,Home
2,Us,North America,Beauty,original,40,119238,5354,874,declining,Education,Sunday,Afternoon,89037.7,16,0.545,External
2,Mx,North America,Fitness,licensed,34,152002,5330,370,seasonal,Food,Friday,Afternoon,116192.9,23,0.538,External
2,Us,North America,DIY,licensed,87,12065,375,34,declining,Education,Tuesday,Afternoon,77522.5,22,0.623,Search
2,Mx,North America,Food,trending,23,16224,352,42,stable,Comedy,Thursday,Evening,78135.9,24,0.639,Home
2,Ca,North America,Tech,original,39,36811,1948,250,seasonal,Travel,Wednesday,Evening,90412.1,27,0.415,Home
2,Mx,North America,Fashion,trending,40,30965,1029,118,seasonal,Travel,Saturday,Afternoon,72836.1,23,0.52,Home
2,Mx,North America,News,trending,18,42117,1606,182,stable,Fashion,Thursday,Evening,115920.9,23,0.722,Search
2,Mx,North America,Travel,licensed,72,29635,1039,102,declining,Sports,Saturday,Night,105769.8,22,0.444,Home
2,Mx,North America,Education,original,71,10080,334,38,rising,Sports,Saturday,Night,111310.2,26,0.679,Home
2,Ca,North America,DIY,original,33,30186,1035,133,stable,Sports,Tuesday,Evening,150387.6,25,0.515,External
1,Us,North America,Gaming,licensed,42,39701,1947,266,stable,Music,Thursday,Evening,79277.7,14,0.745,ForYou
1,Mx,North America,Finance,original,23,22770,1317,101,declining,Dance,Tuesday,Morning,102520.5,22,0.609,External
1,Us,North America,Science,original,38,15733,1104,115,declining,Sports,Thursday,Evening,114135.1,28,0.65,Following
1,Mx,North America,Pets,licensed,24,174153,14659,1440,declining,Fashion,Friday,Evening,94562.8,19,0.604,ForYou
1,Mx,North America,Fitness,licensed,38,166965,12143,1104,stable,Pets,Tuesday,Morning,90954.4,17,0.542,ForYou
1,Mx,North America,Music,original,28,56861,3339,486,stable,Beauty,Saturday,Morning,86941.3,22,0.561,ForYou
1,Mx,North America,Science,original,23,193500,8158,565,seasonal,Sports,Monday,Afternoon,100230.7,22,0.587,ForYou
1,Ca,North America,News,licensed,44,24590,1295,113,seasonal,Beauty,Sunday,Night,95730.5,23,0.686,Following
1,Mx,North America,Fitness,licensed,33,4375,316,35,seasonal,Comedy,Wednesday,Evening,115352,23,0.579,ForYou
1,Mx,North America,Beauty,trending,46,194062,21496,2302,seasonal,Travel,Friday,Evening,105790,26,0.622,External
1,Mx,North America,Food,original,16,65140,3272,254,stable,Music,Saturday,Morning,90840.6,28,0.594,Following
1,Mx,North America,Tech,original,30,42123,1765,117,declining,Beauty,Sunday,Evening,115579.1,22,0.717,ForYou
1,Mx,North America,Music,licensed,20,39741,3380,341,declining,Education,Friday,Evening,104979.8,18,0.815,ForYou
1,Mx,North America,Sports,trending,75,57056,3818,335,rising,Food,Saturday,Afternoon,82843.2,27,0.577,ForYou
1,Mx,North America,Fitness,original,53,52233,2038,191,declining,Education,Wednesday,Morning,94740.9,16,0.696,ForYou
2,Mx,North America,Gaming,licensed,42,25205,1157,172,rising,Lifestyle,Friday,Afternoon,104158.3,21,0.721,Search
2,Us,North America,Education,trending,26,17644,420,62,rising,Travel,Thursday,Night,110987.8,17,0.431,Home
2,Us,North America,Pets,licensed,57,12799,364,33,rising,Tech,Sunday,Afternoon,84206,29,0.4,Suggested
2,Us,North America,Lifestyle,original,35,127710,3205,351,declining,Lifestyle,Tuesday,Night,93727.3,30,0.571,Home
2,Mx,North America,Music,trending,14,135466,4172,339,declining,Music,Saturday,Morning,106361,25,0.507,External
2,Ca,North America,Fitness,trending,29,44504,1063,90,seasonal,Food,Tuesday,Morning,70602,14,0.528,Search
2,Ca,North America,Fitness,licensed,35,29079,1006,135,stable,Lifestyle,Friday,Morning,105769.8,22,0.651,Home
2,Mx,North America,Automotive,original,57,55826,2527,198,declining,Pets,Sunday,Night,127922.9,24,0.621,Suggested
2,Mx,North America,Travel,licensed,37,327241,23030,2403,stable,Fashion,Tuesday,Evening,95029.2,19,0.468,Search
2,Mx,North America,News,licensed,36,1213984,29741,3906,seasonal,Travel,Sunday,Afternoon,118319.2,20,0.678,Home
1,Ca,North America,Fitness,original,50,15158,848,79,stable,Education,Tuesday,Afternoon,81897,25,0.778,ForYou
1,Ca,North America,Finance,trending,36,198160,22915,2874,declining,Sports,Thursday,Evening,83485.9,28,0.556,ForYou
1,Mx,North America,Education,trending,43,77123,4785,479,seasonal,Music,Sunday,Evening,92942.5,17,0.793,Search
1,Ca,North America,Beauty,licensed,17,9504,510,41,declining,Beauty,Thursday,Evening,89206.3,23,0.841,ForYou
1,Us,North America,Travel,original,37,117056,9211,1534,stable,Travel,Sunday,Evening,132974.8,30,0.77,Search
1,Ca,North America,Automotive,trending,41,197981,11166,928,stable,Travel,Friday,Morning,121486.6,22,0.612,ForYou
1,Mx,North America,Finance,licensed,42,17044,1641,103,stable,Lifestyle,Friday,Evening,95866.1,25,0.769,Search
1,Us,North America,Sports,original,38,6045,368,38,seasonal,Music,Monday,Evening,107955.4,23,0.553,Following
1,Us,North America,News,trending,57,47358,2945,287,stable,Sports,Sunday,Afternoon,99230,28,0.781,ForYou
1,Us,North America,Tech,trending,15,15280,1088,152,declining,Food,Wednesday,Afternoon,107322.2,23,0.647,Search
1,Mx,North America,Comedy,trending,12,35318,3293,235,rising,Travel,Tuesday,Evening,91362.1,18,0.692,Search
1,Ca,North America,Travel,original,17,81850,6579,996,seasonal,Tech,Monday,Evening,109141.8,27,0.741,ForYou
1,Us,North America,Beauty,trending,22,116803,12845,1770,rising,Gaming,Wednesday,Evening,97125.1,31,0.6,ForYou
1,Ca,North America,Fashion,original,28,42754,1597,191,declining,Sports,Monday,Evening,94123.3,22,0.611,ForYou
1,Mx,North America,Fashion,original,23,3564,229,33,seasonal,Beauty,Friday,Afternoon,102103.6,22,0.813,ForYou
2,Mx,North America,Food,trending,73,57928,3081,357,declining,Music,Sunday,Afternoon,93389,23,0.538,Home
2,Us,North America,Music,original,25,240509,6046,525,declining,Music,Sunday,Morning,102133.2,23,0.716,Suggested
2,Us,North America,Sports,original,45,18021,577,91,declining,DIY,Friday,Morning,83156.5,26,0.604,Suggested
2,Us,North America,Education,original,27,398375,17279,2418,declining,Music,Friday,Afternoon,107955.4,23,0.452,Suggested
2,Ca,North America,Art,trending,43,11948,425,65,seasonal,Comedy,Friday,Afternoon,87342.1,26,0.444,Suggested
2,Us,North America,Beauty,trending,11,124721,6255,854,seasonal,Dance,Friday,Evening,95967.2,20,0.482,Home
2,Mx,North America,DIY,trending,40,42641,1302,162,stable,Beauty,Friday,Evening,77522.5,27,0.528,Home
1,Ca,North America,Automotive,original,17,528961,52207,4571,declining,Comedy,Friday,Evening,89534.9,23,0.5,ForYou
1,Us,North America,Automotive,trending,25,94282,7318,469,rising,Dance,Wednesday,Morning,104341.6,15,0.588,ForYou
1,Us,North America,Tech,licensed,16,26174,1303,209,seasonal,Tech,Thursday,Evening,118476.8,23,0.7,Search
1,Ca,North America,Automotive,licensed,40,65671,2995,464,declining,Beauty,Saturday,Evening,83077.8,28,0.54,ForYou
1,Ca,North America,News,original,33,75675,9585,848,stable,Travel,Saturday,Afternoon,90998.7,26,0.679,Following
1,Us,North America,Fashion,original,40,57636,4181,576,seasonal,Education,Wednesday,Afternoon,106932.7,30,0.56,Search
1,Ca,North America,Gaming,original,61,23482,1301,119,seasonal,Gaming,Friday,Morning,83156.5,27,0.802,Search
1,Mx,North America,Science,trending,13,36179,3317,366,declining,Fashion,Friday,Night,96045.8,19,0.669,ForYou
1,Us,North America,Food,trending,20,184269,13883,2062,declining,Travel,Friday,Afternoon,101576.1,20,0.845,Following
1,Us,North America,Music,trending,24,34434,2011,161,declining,Pets,Sunday,Afternoon,86035.1,19,0.529,ForYou
1,Ca,North America,Pets,trending,16,65513,5845,587,declining,Comedy,Tuesday,Evening,130473.1,24,0.675,Search
1,Ca,North America,Finance,trending,38,18954,1224,82,rising,Dance,Sunday,Night,96398.5,15,0.724,Following
1,Us,North America,Science,licensed,19,152858,10222,1322,seasonal,Beauty,Saturday,Evening,92277.3,29,0.611,ForYou
1,Ca,North America,Art,licensed,24,86188,5105,569,stable,Food,Saturday,Afternoon,97961.5,17,0.533,ForYou
1,Ca,North America,Science,licensed,66,1295487,100574,12673,stable,Comedy,Monday,Evening,134413.3,27,0.756,Following
1,Mx,North America,Travel,trending,50,12792,700,88,stable,Sports,Saturday,Morning,112119.2,24,0.688,ForYou
2,Ca,North America,Art,licensed,28,53540,2330,215,declining,Tech,Tuesday,Evening,105769.8,26,0.439,Suggested
2,Ca,North America,Lifestyle,original,24,94629,2965,284,stable,Travel,Tuesday,Afternoon,96609.1,27,0.5,Home
2,Mx,North America,Automotive,trending,29,36929,1066,162,seasonal,Dance,Sunday,Evening,121071.3,20,0.403,Suggested
2,Ca,North America,Automotive,original,27,4707,138,21,stable,Travel,Saturday,Evening,112761.3,20,0.593,Home
2,Mx,North America,Music,original,56,76915,2693,283,seasonal,Beauty,Wednesday,Morning,108139.9,22,0.657,Suggested
2,Mx,North America,News,licensed,18,21482,941,114,rising,Gaming,Saturday,Evening,88998.8,28,0.572,Suggested
2,Ca,North America,Pets,original,44,24650,851,85,declining,Education,Saturday,Morning,95866.1,24,0.605,Search
2,Us,North America,Travel,trending,68,495478,34370,2071,seasonal,Tech,Tuesday,Evening,87617.4,24,0.55,Home
2,Ca,North America,Fashion,trending,71,226472,7115,1010,seasonal,Comedy,Wednesday,Evening,96007.1,26,0.599,Home
2,Us,North America,Education,licensed,28,118662,2938,467,seasonal,Travel,Saturday,Evening,93389,25,0.561,Suggested
2,Us,North America,Music,licensed,72,183168,6992,510,declining,Comedy,Thursday,Afternoon,121071.3,34,0.744,Search
1,Mx,North America,Education,original,37,13435,550,82,rising,Comedy,Saturday,Afternoon,87740.9,23,0.573,External
1,Mx,North America,Automotive,trending,20,152991,7494,926,stable,Gaming,Friday,Afternoon,102956.3,30,0.55,ForYou
1,Mx,North America,Pets,licensed,38,125623,7142,929,rising,Travel,Monday,Evening,87668.6,17,0.503,ForYou
1,Us,North America,Science,trending,28,16423,2193,308,declining,Music,Friday,Evening,116192.9,23,0.629,Following
1,Mx,North America,Art,original,9,251970,11744,996,seasonal,DIY,Sunday,Evening,108139.9,23,0.578,Search
1,Us,North America,Education,original,12,13308,990,94,declining,Dance,Monday,Evening,78488.3,22,0.692,Following
1,Mx,North America,Pets,original,45,42000,3214,357,stable,Tech,Tuesday,Afternoon,63890.7,24,0.664,External
1,Ca,North America,Finance,trending,20,587205,64879,6568,rising,Tech,Friday,Evening,94471.2,29,0.57,ForYou
1,Mx,North America,Science,trending,22,87980,6523,774,rising,Food,Tuesday,Night,98910.3,25,0.673,ForYou
1,Us,North America,Automotive,licensed,18,12716,672,102,rising,Tech,Monday,Afternoon,58027.6,29,0.822,ForYou
2,Us,North America,Beauty,licensed,89,47470,1282,141,stable,Fashion,Friday,Afternoon,85260.3,18,0.599,Home
2,Ca,North America,DIY,trending,42,102699,2640,274,seasonal,Comedy,Saturday,Evening,103134.2,11,0.698,Search
2,Mx,North America,Sports,original,23,89064,3423,285,seasonal,Dance,Sunday,Evening,132493.2,17,0.687,Suggested
2,Mx,North America,Lifestyle,original,63,47751,2125,245,declining,Travel,Friday,Night,116083.5,22,0.749,External
2,Ca,North America,DIY,licensed,30,166084,6289,603,stable,Gaming,Friday,Afternoon,110084.9,28,0.433,Suggested
2,Us,North America,Automotive,licensed,25,9100,219,15,seasonal,Comedy,Saturday,Morning,95517.7,18,0.508,Search
2,Us,North America,News,licensed,28,79255,3019,483,stable,Food,Saturday,Afternoon,150519.5,22,0.664,Search
2,Us,North America,Tech,trending,28,51186,2529,358,declining,Food,Wednesday,Night,112356.1,23,0.504,Home
2,Mx,North America,Finance,licensed,90,136946,7449,710,seasonal,Education,Thursday,Evening,92761.2,23,0.672,Home
2,Ca,North America,Science,trending,39,52684,2333,203,seasonal,Education,Saturday,Morning,110281.5,19,0.554,Suggested
1,Mx,North America,Automotive,original,28,470455,66725,4809,rising,Gaming,Tuesday,Afternoon,93948.2,26,0.518,Following
1,Us,North America,News,trending,17,298800,15039,1393,seasonal,Travel,Friday,Night,109040.9,20,0.6,Following
1,Ca,North America,Lifestyle,original,50,20500,1586,120,seasonal,Food,Sunday,Evening,132431.6,14,0.758,ForYou
1,Us,North America,Pets,licensed,21,18737,2494,326,rising,Food,Friday,Afternoon,84206,22,0.681,ForYou
1,Ca,North America,Tech,original,43,35286,1521,215,seasonal,Tech,Friday,Evening,104341.6,24,0.644,ForYou
1,Us,North America,Music,original,10,249726,16217,2293,stable,Tech,Friday,Afternoon,104173.4,26,0.63,ForYou
1,Us,North America,Education,licensed,73,77141,7698,931,stable,Dance,Saturday,Afternoon,133984.4,17,0.763,Following
1,Mx,North America,Sports,original,31,316505,19761,2956,stable,Fashion,Friday,Night,94785.6,21,0.765,External
2,Us,North America,Music,licensed,24,22157,638,50,declining,Education,Friday,Evening,83969.9,18,0.679,Suggested
2,Us,North America,Food,original,45,83445,3352,290,rising,Tech,Saturday,Evening,100266.4,25,0.493,Home
2,Mx,North America,Science,original,41,209273,9565,664,declining,Fashion,Sunday,Afternoon,92871.7,18,0.617,Search
2,Ca,North America,Education,trending,33,28287,2015,177,stable,Beauty,Friday,Evening,100266.4,24,0.615,Suggested
2,Us,North America,Gaming,licensed,26,123154,5988,726,declining,Food,Friday,Evening,135508.1,16,0.719,Search
2,Mx,North America,Food,trending,42,72801,2848,437,declining,Lifestyle,Sunday,Evening,94693.5,24,0.64,Suggested
2,Mx,North America,Lifestyle,licensed,29,21413,1129,172,declining,Beauty,Friday,Afternoon,84611.9,27,0.607,Home
1,Mx,North America,Sports,trending,73,26633,2613,175,seasonal,Gaming,Saturday,Evening,123924.6,26,0.532,ForYou
1,Mx,North America,Education,licensed,31,131131,11485,1436,seasonal,Travel,Wednesday,Evening,100666.5,20,0.771,Search
1,Ca,North America,Beauty,licensed,16,7036,382,26,rising,Fashion,Friday,Morning,82588.7,18,0.806,External
1,Us,North America,Art,trending,24,16485,815,60,seasonal,Travel,Sunday,Evening,106751.2,19,0.629,ForYou
1,Us,North America,Pets,original,31,25308,1523,205,seasonal,Beauty,Friday,Evening,120470,20,0.697,Search
1,Mx,North America,Beauty,original,32,31899,2257,186,stable,Fashion,Sunday,Morning,78434.5,20,0.847,ForYou
1,Us,North America,Comedy,trending,17,326397,29166,3299,seasonal,Gaming,Thursday,Afternoon,106288.7,31,0.8,ForYou
1,Mx,North America,Science,trending,22,10259,512,53,rising,Sports,Friday,Afternoon,98301.3,28,0.841,ForYou
1,Us,North America,Fashion,trending,50,64253,5191,393,stable,Gaming,Thursday,Afternoon,84909.5,27,0.63,Following
1,Ca,North America,Automotive,original,39,60001,3807,494,seasonal,Beauty,Saturday,Evening,88981.6,28,0.736,ForYou
1,Ca,North America,News,original,38,37340,3261,289,stable,Tech,Wednesday,Night,98432,31,0.779,Search
1,Ca,North America,Art,licensed,32,99768,6666,999,declining,Tech,Friday,Morning,148726.3,24,0.722,ForYou
1,Mx,North America,Education,trending,34,233942,9318,1192,seasonal,Sports,Friday,Morning,98432,28,0.629,Following
1,Us,North America,Finance,original,27,73043,6142,781,stable,Food,Tuesday,Afternoon,127439.6,16,0.8,ForYou
1,Us,North America,Finance,trending,12,26902,1297,163,seasonal,Comedy,Monday,Afternoon,102535,26,0.742,Search
2,Mx,North America,Lifestyle,trending,26,144193,5290,541,declining,Tech,Wednesday,Evening,97915.1,26,0.719,Home
2,Ca,North America,Lifestyle,original,75,204255,6202,468,stable,Pets,Wednesday,Evening,137118.7,17,0.537,Home
2,Mx,North America,Lifestyle,trending,59,29894,1001,142,stable,Music,Friday,Afternoon,95525.4,21,0.614,Search
2,Us,North America,Lifestyle,trending,37,45800,2227,256,declining,Lifestyle,Wednesday,Night,98910.3,24,0.689,Home
2,Us,North America,Beauty,trending,48,60461,3262,308,seasonal,Fashion,Saturday,Evening,108022.1,18,0.644,Home
2,Us,North America,Art,original,17,128915,3996,326,rising,Lifestyle,Tuesday,Evening,113842.7,20,0.706,Home
2,Us,North America,Education,original,75,18464,607,44,stable,Lifestyle,Friday,Morning,81046.4,22,0.66,Suggested
2,Ca,North America,Tech,trending,63,93984,2584,361,rising,Gaming,Friday,Evening,87138.8,27,0.74,Search
2,Us,North America,Finance,original,23,28330,1465,247,stable,Food,Friday,Night,83969.9,25,0.509,Home
2,Mx,North America,Gaming,licensed,42,46840,2139,348,rising,Comedy,Saturday,Evening,93389,20,0.569,Search
2,Us,North America,Fashion,trending,50,13988,549,47,declining,Food,Sunday,Morning,112119.2,23,0.456,Search
2,Us,North America,Food,licensed,64,39830,2230,181,stable,Fashion,Friday,Afternoon,109654.6,20,0.644,Home
2,Us,North America,Science,licensed,17,12493,502,49,rising,Sports,Thursday,Evening,63890.7,22,0.535,Home
2,Mx,North America,Travel,trending,90,40816,1422,111,declining,Education,Friday,Morning,92140.4,18,0.467,External
1,Ca,North America,Education,original,10,12815,1234,190,stable,Travel,Friday,Evening,100266.4,25,0.68,ForYou
1,Us,North America,Finance,original,17,60745,3324,471,stable,Food,Tuesday,Evening,116192.9,27,0.847,ForYou
1,Ca,North America,Finance,licensed,20,83621,7907,763,stable,DIY,Friday,Evening,112761.3,26,0.815,Search
1,Us,North America,Travel,licensed,27,45594,3021,398,stable,Beauty,Friday,Night,86941.3,30,0.759,External
1,Ca,North America,Gaming,trending,22,19320,1240,175,rising,Lifestyle,Thursday,Evening,81777.9,27,0.823,ForYou
1,Mx,North America,Comedy,original,56,132443,9288,1241,rising,Food,Thursday,Evening,91307.8,18,0.673,ForYou
1,Us,North America,Tech,original,26,9345,762,70,declining,Lifestyle,Friday,Morning,87549.4,26,0.646,ForYou
1,Mx,North America,Lifestyle,licensed,33,67677,4442,435,rising,Sports,Friday,Afternoon,109258.2,22,0.652,Following
2,Ca,North America,Art,original,37,589446,16094,1254,rising,Gaming,Wednesday,Afternoon,107717.7,29,0.416,Home
2,Us,North America,Music,original,38,53821,1948,223,rising,Beauty,Friday,Evening,120680.2,22,0.734,Suggested
2,Us,North America,Pets,trending,44,105014,4414,576,rising,Travel,Friday,Morning,121071.3,17,0.491,Home
2,Mx,North America,DIY,trending,42,56123,3857,543,seasonal,Education,Friday,Evening,89603.4,22,0.555,Home
2,Mx,North America,Fashion,original,41,78908,4010,260,rising,Fashion,Friday,Morning,103650.5,18,0.437,External
2,Ca,North America,DIY,original,46,54027,2217,276,stable,Education,Sunday,Night,93827.6,25,0.448,Suggested
2,Us,North America,Sports,licensed,63,54033,2019,137,stable,Fashion,Wednesday,Afternoon,90695,23,0.408,Search
2,Ca,North America,Comedy,original,21,6327,222,23,rising,Travel,Wednesday,Evening,96426.1,27,0.676,External
2,Ca,North America,DIY,trending,37,48646,1101,130,seasonal,Beauty,Friday,Morning,85260.3,18,0.511,Search
2,Ca,North America,Travel,trending,25,120535,5622,410,seasonal,Tech,Sunday,Afternoon,91971.6,29,0.476,Home
2,Ca,North America,Music,original,63,51828,1203,148,seasonal,Education,Sunday,Night,134649.3,25,0.56,Home
2,Us,North America,Education,original,47,55224,1886,141,seasonal,Lifestyle,Wednesday,Afternoon,83423.1,27,0.623,External
2,Mx,North America,Education,trending,35,113340,4873,449,seasonal,Dance,Tuesday,Evening,76785.9,24,0.686,External
2,Us,North America,DIY,licensed,36,215453,8517,1136,declining,Education,Wednesday,Afternoon,111482.5,25,0.722,External
2,Mx,North America,News,trending,27,33380,1366,174,stable,Gaming,Wednesday,Night,111410.3,27,0.407,Home
2,Us,North America,Automotive,original,19,33516,1766,138,seasonal,Fashion,Sunday,Night,68883.2,20,0.674,Suggested
1,Us,North America,Travel,original,26,40092,4524,532,seasonal,Lifestyle,Monday,Morning,89929.7,22,0.8,ForYou
1,Mx,North America,Tech,original,18,8210,755,102,seasonal,Pets,Friday,Evening,97201.9,17,0.578,Search
1,Ca,North America,Music,trending,47,18697,1526,197,stable,Comedy,Friday,Morning,104142.7,28,0.781,ForYou
1,Mx,North America,DIY,original,36,72636,5135,658,rising,Sports,Friday,Evening,124734.7,22,0.542,Search
1,Ca,North America,Food,original,18,13861,1472,192,seasonal,Pets,Sunday,Night,90954.4,17,0.522,ForYou
1,Mx,North America,Sports,licensed,21,67242,2486,401,seasonal,Food,Friday,Evening,102923.2,14,0.776,ForYou
1,Ca,North America,Tech,trending,71,138828,8692,1212,stable,Sports,Sunday,Evening,120443.3,22,0.697,ForYou
1,Us,North America,Finance,original,14,30057,1843,257,declining,Fashion,Saturday,Afternoon,124137.5,23,0.836,ForYou
1,Ca,North America,Comedy,licensed,28,595592,58040,7152,stable,Beauty,Monday,Night,133984.4,22,0.643,ForYou
1,Mx,North America,Sports,original,31,194770,14586,1109,declining,Fashion,Friday,Afternoon,70084.8,21,0.748,ForYou
2,Mx,North America,Food,trending,47,88108,5123,358,stable,Lifestyle,Monday,Afternoon,123148.2,27,0.715,Suggested
2,Mx,North America,News,original,22,69759,2339,298,declining,Gaming,Saturday,Evening,93427.1,23,0.65,Search
2,Ca,North America,Travel,licensed,48,22283,1391,103,stable,Dance,Wednesday,Evening,109552,25,0.623,Home
1,Mx,North America,Gaming,original,16,23155,2320,266,stable,Travel,Monday,Evening,65448,22,0.612,Search
1,Us,North America,Fitness,original,44,106102,6332,621,seasonal,Beauty,Saturday,Evening,83775.8,27,0.63,ForYou
1,Mx,North America,Fashion,licensed,21,56695,4240,510,rising,Dance,Friday,Night,85253.7,23,0.538,ForYou
1,Us,North America,Automotive,trending,24,312584,22469,2423,seasonal,Sports,Tuesday,Evening,105890.8,24,0.792,ForYou
1,Mx,North America,DIY,trending,27,306390,14583,2000,rising,Music,Friday,Evening,89104.7,23,0.733,ForYou
1,Mx,North America,Science,licensed,33,31625,2460,352,rising,Pets,Thursday,Afternoon,94123.3,24,0.676,ForYou
1,Ca,North America,Pets,trending,11,115729,11350,883,seasonal,Gaming,Tuesday,Evening,104142.7,31,0.7,ForYou
1,Us,North America,Beauty,trending,26,112347,5207,640,declining,Music,Tuesday,Evening,93745.1,26,0.758,Following
1,Us,North America,Pets,original,20,98748,7231,737,stable,Comedy,Saturday,Evening,103877.5,26,0.515,ForYou
1,Mx,North America,Lifestyle,trending,39,757366,54730,5412,stable,Fashion,Sunday,Afternoon,118476.8,19,0.836,Search
1,Us,North America,Education,licensed,51,53413,2461,354,declining,Education,Monday,Afternoon,95967.2,18,0.651,Search
1,Mx,North America,Automotive,original,49,24378,1553,176,declining,Pets,Friday,Evening,97585.7,19,0.822,ForYou
1,Ca,North America,Sports,trending,28,112171,8683,599,declining,Fashion,Thursday,Evening,83525.5,19,0.75,External
1,Us,North America,Art,original,23,26772,1870,179,rising,Dance,Friday,Afternoon,99893.3,25,0.604,Search
1,Mx,North America,Sports,trending,29,15382,1316,93,seasonal,Comedy,Tuesday,Afternoon,106642.8,12,0.717,ForYou
1,Us,North America,Food,trending,31,34323,2736,267,seasonal,Gaming,Friday,Afternoon,107717.7,26,0.739,Following
2,Us,North America,Music,licensed,57,37643,1961,155,seasonal,Gaming,Friday,Evening,102347.6,27,0.486,Home
2,Mx,North America,Sports,licensed,12,70896,2678,268,rising,Education,Thursday,Afternoon,107001.5,28,0.542,Search
2,Us,North America,Fashion,licensed,33,234481,7303,1000,seasonal,Travel,Tuesday,Afternoon,85903.6,17,0.745,External
2,Ca,North America,Finance,licensed,55,52299,1586,121,rising,Pets,Friday,Night,98586,26,0.442,Home
2,Mx,North America,Fashion,trending,36,91784,2862,373,stable,Tech,Friday,Night,68775.5,26,0.711,External
2,Us,North America,Comedy,trending,43,25972,1067,87,stable,Beauty,Tuesday,Evening,121476.9,25,0.528,Search
2,Mx,North America,Music,licensed,60,45243,1649,170,rising,Beauty,Sunday,Morning,92069.4,20,0.722,Suggested
2,Us,North America,Sports,licensed,42,85150,5567,698,rising,Dance,Friday,Morning,82879.7,22,0.493,Suggested
1,Mx,North America,Education,trending,15,115859,7878,871,stable,Food,Friday,Evening,92793.9,26,0.833,External
1,Us,North America,Science,trending,15,90737,9555,1059,declining,Dance,Thursday,Night,96609.1,20,0.687,ForYou
1,Ca,North America,Gaming,trending,11,103722,4026,478,declining,Lifestyle,Monday,Night,103087.9,22,0.591,Search
1,Mx,North America,Science,licensed,19,69271,5047,540,seasonal,DIY,Friday,Night,84501.2,20,0.779,Following
1,Us,North America,Music,trending,23,102150,4984,493,seasonal,Music,Friday,Evening,93238.5,17,0.791,Following
1,Ca,North America,Beauty,licensed,14,21599,1967,154,declining,Dance,Monday,Afternoon,109552,25,0.736,Following
1,Us,North America,Pets,original,75,11290,401,38,rising,Sports,Friday,Afternoon,70602,24,0.656,ForYou
1,Ca,North America,News,original,36,16095,1197,94,rising,Beauty,Tuesday,Night,98301.3,27,0.836,ForYou
1,Mx,North America,DIY,original,20,44000,2182,158,stable,Education,Friday,Afternoon,100507.4,27,0.78,ForYou
1,Us,North America,Lifestyle,original,24,102482,5119,596,seasonal,Tech,Monday,Evening,127922.9,29,0.508,Search
1,Us,North America,Fitness,original,22,115283,15478,2173,stable,Gaming,Friday,Evening,75207.3,28,0.814,ForYou
1,Us,North America,Fitness,original,25,51812,2960,221,stable,Pets,Saturday,Afternoon,106301.2,24,0.684,Following
1,Ca,North America,Travel,licensed,59,14298,704,75,rising,Lifestyle,Monday,Evening,103129.6,27,0.817,Following
2,Mx,North America,DIY,original,30,23513,1006,90,rising,Travel,Friday,Night,85253.7,20,0.413,Search
2,Ca,North America,Food,original,85,23956,1020,89,rising,Lifestyle,Saturday,Evening,108963.7,21,0.422,Search
2,Us,North America,Travel,licensed,42,10033,435,43,stable,Sports,Friday,Afternoon,95337.6,22,0.569,Home
2,Mx,North America,Finance,licensed,19,16854,589,74,stable,Comedy,Saturday,Evening,104933.1,17,0.647,Home
2,Us,North America,Fitness,original,35,43062,1944,249,declining,Music,Saturday,Evening,95392.8,12,0.517,Home
2,Ca,North America,Sports,original,44,32790,1708,214,stable,Fashion,Tuesday,Afternoon,102608.2,20,0.618,Home
2,Us,North America,Science,original,64,161509,6202,421,declining,Food,Wednesday,Night,93827.6,14,0.625,Search
2,Ca,North America,Pets,trending,24,58878,2890,323,seasonal,Food,Wednesday,Afternoon,85893.3,22,0.504,Suggested
2,Us,North America,Fitness,trending,29,42981,1692,130,declining,Lifestyle,Saturday,Afternoon,115352,21,0.417,Suggested
2,Ca,North America,Art,licensed,28,82238,2356,210,rising,Tech,Thursday,Morning,85253.7,25,0.646,Search
2,Us,North America,Art,original,32,216010,6693,777,stable,Travel,Friday,Evening,116083.5,17,0.666,Suggested
2,Ca,North America,Education,original,49,44441,1821,160,stable,Beauty,Monday,Morning,109255,21,0.512,Suggested
2,Mx,North America,DIY,licensed,52,47151,1490,198,declining,Sports,Monday,Evening,96533.9,22,0.483,Search
2,Us,North America,Music,original,62,120631,6047,632,stable,Food,Sunday,Afternoon,93745.1,26,0.495,Home
2,Us,North America,Science,licensed,81,23896,569,65,seasonal,Music,Friday,Morning,98057.9,14,0.442,Home
1,Mx,North America,Fashion,licensed,29,41560,1969,143,seasonal,Tech,Friday,Morning,109654.6,24,0.721,Following
1,Ca,North America,Music,original,16,285782,15777,996,seasonal,Beauty,Saturday,Evening,95392.8,31,0.606,External
1,Ca,North America,Fitness,trending,24,61917,4528,481,stable,Sports,Sunday,Morning,106642.8,28,0.704,Following
1,Us,North America,Education,trending,23,100146,6211,928,seasonal,Beauty,Saturday,Morning,104173.4,24,0.722,ForYou
1,Us,North America,Sports,original,50,125233,7339,956,declining,Food,Thursday,Evening,105596.6,22,0.794,ForYou
1,Mx,North America,Beauty,licensed,30,133317,8405,518,seasonal,Sports,Monday,Morning,118088.6,24,0.573,ForYou
1,Us,North America,Lifestyle,trending,27,228649,22864,3312,rising,Sports,Friday,Afternoon,109258.2,26,0.619,ForYou
1,Ca,North America,DIY,original,11,193095,15369,1538,rising,Fashion,Thursday,Morning,86035.1,18,0.636,ForYou
1,Us,North America,Sports,licensed,24,19115,1364,93,stable,Beauty,Tuesday,Morning,84030.9,20,0.729,ForYou
1,Mx,North America,Fashion,original,18,72320,5080,709,stable,Tech,Thursday,Morning,92069.4,29,0.7,Following
1,Ca,North America,Fitness,licensed,65,18591,750,82,declining,Music,Saturday,Morning,84783.6,28,0.76,Following
2,Mx,North America,Gaming,original,31,20180,1151,86,stable,Travel,Tuesday,Afternoon,95297,17,0.694,Home
2,Ca,North America,Gaming,original,31,303145,13392,1217,declining,Education,Thursday,Morning,102836.9,20,0.581,Suggested
2,Mx,North America,Music,trending,50,38713,1661,200,declining,Food,Tuesday,Afternoon,63588.5,14,0.528,Home
2,Ca,North America,Fashion,original,54,47572,1992,206,seasonal,Food,Wednesday,Afternoon,127948.1,20,0.52,External
2,Us,North America,Food,original,28,117253,3699,520,rising,Education,Sunday,Evening,66508.8,27,0.743,Suggested
2,Us,North America,Music,licensed,34,75386,3211,393,declining,Travel,Friday,Afternoon,77064.7,19,0.741,Home
1,Mx,North America,News,licensed,18,32519,1700,138,rising,Dance,Friday,Evening,98781.3,20,0.7,External
1,Ca,North America,News,original,40,87618,4914,440,stable,Pets,Saturday,Evening,78488.3,22,0.722,ForYou
1,Ca,North America,News,original,70,43363,2370,302,declining,Tech,Sunday,Afternoon,99969.1,21,0.57,Following
1,Us,North America,Tech,licensed,22,40693,3543,528,declining,Lifestyle,Thursday,Evening,79742.9,21,0.609,Search
1,Mx,North America,News,trending,23,61585,2881,343,rising,Sports,Wednesday,Evening,112206.3,22,0.709,ForYou
1,Mx,North America,Fitness,trending,17,46819,3647,409,seasonal,Sports,Sunday,Evening,104933.1,24,0.847,ForYou
1,Ca,North America,Science,licensed,14,35153,2136,169,stable,Gaming,Monday,Afternoon,116192.9,26,0.571,Search
1,Ca,North America,Beauty,licensed,39,24367,2327,210,declining,Pets,Friday,Evening,92976.5,22,0.682,ForYou
1,Mx,North America,Lifestyle,trending,52,10354,921,90,stable,Music,Thursday,Evening,94144.9,21,0.525,Search
2,Ca,North America,Automotive,original,58,7857,315,41,stable,Beauty,Sunday,Evening,83077.8,27,0.69,Suggested
2,Mx,North America,Automotive,original,30,6668,340,33,seasonal,Food,Saturday,Morning,78592,14,0.513,Suggested
2,Ca,North America,Science,licensed,62,50591,2679,306,seasonal,Comedy,Friday,Evening,81411.1,26,0.634,Home
2,Us,North America,Gaming,original,26,187039,12553,1471,rising,Gaming,Saturday,Afternoon,101422.3,30,0.669,Home
2,Ca,North America,Food,trending,34,27164,920,64,seasonal,Comedy,Saturday,Evening,81898.6,14,0.515,External
2,Ca,North America,Pets,licensed,24,38261,1113,93,declining,Gaming,Friday,Afternoon,96609.1,30,0.513,Home
2,Us,North America,Food,trending,23,32969,1086,96,seasonal,Sports,Saturday,Afternoon,80018.9,22,0.47,Suggested
2,Us,North America,Pets,licensed,30,23220,1580,150,rising,Music,Saturday,Afternoon,106288.7,21,0.66,Search
2,Mx,North America,Finance,original,47,151137,6391,1010,declining,Food,Tuesday,Evening,120089.6,24,0.615,Home
2,Us,North America,News,trending,63,19133,606,91,declining,Beauty,Friday,Evening,94740.9,20,0.584,Search
2,Us,North America,DIY,original,46,18645,1000,108,declining,Fashion,Saturday,Evening,169151.3,22,0.624,Suggested
2,Mx,North America,Gaming,original,38,38474,2291,346,stable,Music,Friday,Evening,117342.2,26,0.534,Home
2,Ca,North America,Finance,trending,12,23078,1197,95,declining,Pets,Wednesday,Night,121748.7,24,0.425,Home
1,Mx,North America,Art,trending,40,360602,28049,1906,rising,Sports,Sunday,Evening,94144.9,24,0.56,External
1,Ca,North America,Food,trending,37,14675,1260,121,seasonal,Gaming,Friday,Night,106932.7,29,0.832,Following
1,Us,North America,Travel,licensed,25,54485,3216,386,rising,Dance,Saturday,Evening,102263.9,23,0.816,ForYou
1,Ca,North America,Pets,licensed,34,27965,1100,175,declining,Comedy,Tuesday,Evening,96938.3,13,0.832,ForYou
1,Mx,North America,Tech,trending,37,651373,61353,6759,rising,Comedy,Friday,Night,104158.3,29,0.743,ForYou
1,Us,North America,Beauty,original,37,26042,1771,237,declining,Comedy,Friday,Evening,83077.8,11,0.711,ForYou
1,Ca,North America,Art,trending,47,53399,3098,341,rising,Sports,Thursday,Evening,68775.5,28,0.685,ForYou
1,Ca,North America,Pets,original,16,63094,1844,143,declining,Beauty,Sunday,Evening,81777.9,22,0.794,ForYou
1,Mx,North America,Food,original,17,9710,765,122,seasonal,Lifestyle,Sunday,Evening,91145.8,22,0.565,Following
1,Mx,North America,Fashion,trending,54,253030,22918,1694,seasonal,Tech,Tuesday,Afternoon,87740.9,31,0.646,ForYou
1,Us,North America,Automotive,original,75,29103,1777,244,seasonal,Lifestyle,Saturday,Morning,114801.6,22,0.729,ForYou
1,Mx,North America,Tech,original,41,252010,17726,1751,seasonal,Fashion,Saturday,Evening,128635.5,19,0.6,Following
1,Us,North America,Fashion,original,21,19997,1203,104,rising,Tech,Thursday,Evening,97509.2,32,0.514,ForYou
1,Mx,North America,Food,original,33,43632,2206,301,rising,Dance,Sunday,Afternoon,78433.1,18,0.536,ForYou
1,Mx,North America,Beauty,original,18,61886,4172,450,seasonal,Tech,Saturday,Evening,91480.6,23,0.778,Following
1,Ca,North America,Lifestyle,licensed,48,317759,27822,1936,rising,Comedy,Saturday,Evening,85373.7,14,0.523,ForYou
1,Us,North America,Finance,licensed,27,63380,4345,544,declining,Education,Saturday,Evening,100554.5,23,0.504,ForYou
1,Ca,North America,Beauty,original,25,37008,2180,242,declining,Education,Sunday,Night,91971.6,25,0.824,External
1,Ca,North America,Fitness,licensed,10,183661,11488,1269,seasonal,Lifestyle,Tuesday,Afternoon,92656.5,27,0.58,Following
2,Us,North America,Pets,licensed,35,56329,3526,485,rising,Fashion,Thursday,Evening,103129.6,19,0.74,Search
2,Mx,North America,Music,licensed,18,104426,3187,367,rising,Comedy,Tuesday,Night,71889.4,24,0.483,Suggested
2,Us,North America,Science,trending,32,84942,3001,233,stable,Pets,Sunday,Evening,94296.6,22,0.675,Home
2,Ca,North America,Finance,trending,72,69669,2769,338,stable,Fashion,Friday,Evening,103611.2,23,0.738,Search
2,Mx,North America,News,trending,27,62888,2170,218,declining,Pets,Monday,Evening,108022.1,20,0.481,Home
2,Mx,North America,Fitness,trending,79,206271,7805,1085,stable,Music,Thursday,Morning,95967.2,15,0.677,Home
2,Us,North America,Art,trending,42,33254,1569,158,stable,Music,Monday,Evening,97756.8,15,0.419,External
2,Ca,North America,Automotive,original,47,56123,1939,199,seasonal,Food,Wednesday,Afternoon,101916.4,23,0.704,Search
2,Us,North America,Fitness,licensed,40,54185,3108,467,rising,Beauty,Saturday,Morning,84030.9,25,0.69,Home
2,Mx,North America,Music,trending,14,119477,4724,605,declining,Music,Wednesday,Evening,92959.7,21,0.721,Home
2,Mx,North America,Finance,licensed,47,24717,1227,166,stable,Lifestyle,Saturday,Afternoon,74817.7,28,0.532,Home
2,Us,North America,Fashion,original,22,88073,2937,260,stable,Sports,Saturday,Evening,109654.6,22,0.436,Search
1,Mx,North America,Education,trending,28,107503,9928,780,rising,Dance,Friday,Evening,94785.6,17,0.543,External
1,Mx,North America,Science,original,24,12701,1279,124,declining,Education,Saturday,Morning,95201.4,24,0.796,ForYou
1,Us,North America,Gaming,original,49,72107,4501,572,seasonal,Comedy,Sunday,Afternoon,104158.3,31,0.743,ForYou
1,Mx,North America,Comedy,trending,32,15700,840,116,rising,Fashion,Tuesday,Evening,78146.6,20,0.822,External
1,Ca,North America,Comedy,original,31,17397,1024,81,rising,Beauty,Wednesday,Evening,96426.1,18,0.665,ForYou
1,Ca,North America,Gaming,trending,20,93576,7543,617,seasonal,Beauty,Friday,Night,110188.3,24,0.55,External
1,Us,North America,Comedy,trending,39,11387,819,107,stable,Sports,Saturday,Evening,87231.3,24,0.505,External
1,Us,North America,Automotive,licensed,37,14765,623,46,rising,Gaming,Friday,Evening,99230,26,0.627,ForYou
1,Us,North America,Fashion,licensed,45,183466,11071,831,seasonal,Education,Wednesday,Morning,115022.7,22,0.618,ForYou
1,Ca,North America,Education,licensed,24,28848,1538,203,seasonal,Tech,Tuesday,Morning,106932.7,24,0.75,Search
1,Us,North America,Sports,licensed,13,114336,12016,921,seasonal,Travel,Wednesday,Evening,94125.6,22,0.838,ForYou
1,Mx,North America,Science,licensed,19,62203,2470,164,stable,Pets,Wednesday,Evening,85253.7,24,0.732,External
1,Mx,North America,Automotive,licensed,44,82553,6936,486,seasonal,Education,Saturday,Morning,120866.4,18,0.618,ForYou
1,Us,North America,Gaming,original,30,211574,15037,1193,stable,Tech,Wednesday,Evening,67379.6,24,0.643,External
1,Ca,North America,Comedy,licensed,21,317584,31540,4155,seasonal,Travel,Sunday,Night,102836.9,17,0.671,ForYou
2,Ca,North America,Music,licensed,12,44993,2979,307,seasonal,Education,Thursday,Morning,107955.4,33,0.467,Suggested
2,Mx,North America,Fitness,trending,58,32645,720,109,declining,Music,Monday,Evening,108537.2,21,0.617,Home
2,Us,North America,Pets,licensed,26,57019,2691,353,seasonal,Education,Tuesday,Evening,107322.2,18,0.527,Home
2,Mx,North America,Pets,original,49,43945,1440,153,declining,Music,Sunday,Evening,88276,23,0.414,Search
2,Ca,North America,DIY,original,23,148904,8112,927,seasonal,Pets,Sunday,Evening,113807.9,20,0.417,Suggested
2,Mx,North America,Science,original,38,36777,1919,309,rising,Music,Friday,Afternoon,106642.8,26,0.705,Suggested
2,Mx,North America,Travel,original,54,68706,4527,322,seasonal,Fashion,Wednesday,Morning,111839.1,18,0.402,Home
2,Mx,North America,Finance,trending,24,67287,1629,193,rising,Lifestyle,Saturday,Evening,114247.5,21,0.679,Home
1,Mx,North America,Travel,licensed,21,43685,2391,288,seasonal,Gaming,Thursday,Afternoon,78514.6,28,0.652,Following
1,Ca,North America,Music,trending,24,72424,6842,852,stable,Food,Monday,Evening,105585.7,23,0.729,Search
1,Us,North America,Comedy,original,75,124093,9785,1015,seasonal,Comedy,Friday,Afternoon,44841.3,29,0.583,ForYou
1,Us,North America,Fitness,original,11,8561,650,52,seasonal,Pets,Friday,Evening,82843.2,17,0.627,Search
1,Mx,North America,Automotive,original,21,142886,14992,1615,stable,Gaming,Sunday,Evening,106663.6,27,0.567,ForYou
1,Ca,North America,Beauty,original,16,28424,2492,390,seasonal,Fashion,Saturday,Evening,91733.4,22,0.831,ForYou
1,Us,North America,DIY,trending,21,79103,5145,470,declining,Food,Monday,Evening,84783.6,27,0.757,Search
1,Mx,North America,Lifestyle,licensed,31,148763,8695,1109,rising,Travel,Friday,Evening,96859.3,24,0.826,ForYou
2,Ca,North America,Fashion,original,24,40900,831,76,declining,Gaming,Wednesday,Evening,94144.9,25,0.433,Search
2,Mx,North America,Automotive,trending,30,49235,1481,105,stable,Beauty,Friday,Evening,96426.1,23,0.697,Home
2,Mx,North America,Education,original,71,204256,6843,561,rising,Fashion,Monday,Morning,116192.9,21,0.617,Suggested
2,Ca,North America,Education,original,35,33869,1247,152,stable,Dance,Friday,Afternoon,134413.3,15,0.486,Search
2,Mx,North America,Gaming,original,43,16930,782,111,rising,Gaming,Thursday,Evening,134413.3,28,0.647,External
2,Us,North America,Comedy,licensed,13,29132,651,91,stable,Comedy,Monday,Morning,222935.4,22,0.677,Search
2,Us,North America,Science,licensed,31,192118,5377,328,stable,Dance,Friday,Afternoon,127439.6,20,0.542,External
2,Ca,North America,Automotive,trending,83,117680,2716,335,stable,Music,Thursday,Night,137118.7,23,0.593,Home
2,Us,North America,DIY,trending,18,198186,10521,806,rising,Comedy,Sunday,Afternoon,147476.9,9,0.539,Search
1,Us,North America,Food,trending,17,132517,10482,665,declining,Education,Tuesday,Morning,112535.6,25,0.782,External
1,Us,North America,Finance,original,27,99944,6741,879,seasonal,Lifestyle,Friday,Morning,99200.2,22,0.63,ForYou
1,Ca,North America,Finance,trending,21,122313,7690,784,seasonal,Fashion,Saturday,Morning,92656.5,19,0.562,Search
1,Mx,North America,Automotive,licensed,25,114370,11786,1794,seasonal,Gaming,Sunday,Night,99317.4,31,0.612,ForYou
1,Mx,North America,Education,trending,25,278335,22250,2352,seasonal,Pets,Friday,Evening,104933.1,22,0.832,ForYou
1,Us,North America,Food,trending,30,47584,4961,538,declining,Sports,Saturday,Evening,90369.7,24,0.833,Following
1,Us,North America,Fitness,licensed,18,1219685,52402,4975,rising,Food,Friday,Night,132431.6,15,0.817,ForYou
1,Mx,North America,Automotive,licensed,16,68190,5523,503,stable,Music,Sunday,Night,92871.7,23,0.7,Following
1,Us,North America,Music,original,18,73464,5737,679,stable,Lifestyle,Friday,Evening,96426.1,21,0.511,ForYou
1,Us,North America,Finance,trending,37,78147,7064,681,rising,Education,Friday,Night,102500.9,18,0.768,ForYou
1,Us,North America,Lifestyle,original,26,195345,10814,1562,rising,Travel,Friday,Evening,82284.4,17,0.665,ForYou
1,Us,North America,Lifestyle,licensed,42,147570,13198,1897,stable,Pets,Friday,Evening,92877.7,22,0.738,ForYou
1,Ca,North America,News,original,20,275595,22011,2568,stable,Beauty,Friday,Evening,88495,24,0.655,Following
1,Us,North America,Tech,trending,22,17960,1190,101,seasonal,Beauty,Wednesday,Evening,137118.7,28,0.827,ForYou
2,Mx,North America,Automotive,original,35,38832,855,89,rising,Food,Wednesday,Evening,89037.7,27,0.463,Home
2,Mx,North America,Fashion,original,72,12846,492,59,rising,Sports,Saturday,Afternoon,83775.8,28,0.408,Search
2,Ca,North America,News,licensed,70,97554,4996,333,rising,Dance,Wednesday,Evening,103233.1,22,0.599,Home
2,Ca,North America,Education,licensed,36,31348,934,138,rising,Sports,Wednesday,Evening,96938.3,24,0.611,Suggested
2,Ca,North America,Fashion,original,29,431638,14373,1772,rising,Beauty,Wednesday,Night,89037.7,27,0.576,Suggested
2,Us,North America,Art,original,42,192748,5097,430,rising,Beauty,Monday,Afternoon,94827.3,18,0.483,Home
2,Ca,North America,Pets,original,54,41281,1102,121,declining,Dance,Saturday,Afternoon,87560.6,20,0.424,Suggested
2,Mx,North America,Education,trending,27,51200,2053,155,stable,Pets,Saturday,Evening,83998.9,19,0.6,Suggested
2,Mx,North America,Beauty,trending,22,308687,7644,985,stable,Beauty,Friday,Afternoon,102956.3,27,0.545,Suggested
2,Mx,North America,Pets,licensed,23,21925,677,83,seasonal,Pets,Wednesday,Evening,77064.7,17,0.583,Search
2,Us,North America,Science,trending,90,40670,1002,141,stable,Lifestyle,Sunday,Evening,107717.7,22,0.707,Home
2,Mx,North America,Science,trending,23,681854,13479,1539,rising,Sports,Friday,Evening,89603.4,22,0.73,Suggested
1,Us,North America,Fitness,trending,35,46264,2498,370,rising,Beauty,Wednesday,Evening,120866.4,23,0.674,ForYou
1,Ca,North America,Music,licensed,14,39126,2968,262,declining,Gaming,Thursday,Evening,92542.5,25,0.686,Search
1,Mx,North America,Food,original,43,56722,4731,336,rising,Education,Saturday,Evening,106295.8,22,0.591,ForYou
1,Mx,North America,Finance,licensed,34,23609,1297,184,seasonal,Lifestyle,Friday,Afternoon,99200.2,27,0.506,ForYou
1,Us,North America,Gaming,trending,32,157377,15094,1996,seasonal,Sports,Thursday,Morning,108022.1,22,0.838,Following
1,Mx,North America,Travel,trending,20,139119,8823,1143,rising,Food,Tuesday,Afternoon,92976.5,25,0.65,ForYou
1,Us,North America,Sports,licensed,31,13810,886,126,seasonal,Gaming,Saturday,Morning,109552,31,0.648,External
1,Mx,North America,Tech,licensed,28,199793,11576,1758,declining,Travel,Friday,Night,116369.7,22,0.671,Search
1,Us,North America,Tech,original,10,42232,3374,252,rising,Beauty,Sunday,Morning,91901.2,24,0.64,ForYou
1,Ca,North America,Travel,original,20,6895,449,65,rising,Sports,Wednesday,Afternoon,104933.1,24,0.77,ForYou
1,Mx,North America,Beauty,original,35,41466,2265,216,declining,Education,Tuesday,Afternoon,107610.4,28,0.789,ForYou
1,Ca,North America,Tech,licensed,12,51060,3352,373,stable,Fashion,Monday,Afternoon,80018.9,19,0.775,ForYou
1,Mx,North America,Food,licensed,44,3922,231,15,seasonal,Beauty,Friday,Evening,82588.7,22,0.818,ForYou
1,Us,North America,Beauty,trending,25,83069,4607,674,declining,Gaming,Tuesday,Evening,115022.7,28,0.696,Search
1,Mx,North America,Sports,trending,28,66131,3551,568,seasonal,Sports,Sunday,Evening,101916.4,22,0.682,ForYou
1,Mx,North America,Tech,licensed,35,29297,1147,166,seasonal,Lifestyle,Wednesday,Evening,96609.1,22,0.734,ForYou
2,Us,North America,Fashion,licensed,26,40563,1296,156,declining,Sports,Thursday,Evening,103233.1,22,0.515,Suggested
2,Us,North America,Education,licensed,56,81121,3475,501,rising,Lifestyle,Saturday,Morning,111839.1,25,0.745,Search
2,Ca,North America,Tech,trending,36,8179,273,36,stable,Pets,Sunday,Morning,99230,17,0.714,Home
2,Ca,North America,Music,licensed,26,219828,10268,772,stable,Sports,Sunday,Afternoon,104158.3,28,0.635,Home
2,Us,North America,Comedy,trending,36,105400,4298,587,declining,Travel,Monday,Afternoon,91307.8,25,0.631,Suggested
2,Ca,North America,Education,original,75,22573,574,69,rising,Comedy,Tuesday,Afternoon,115352,14,0.401,Home
2,Us,North America,Automotive,licensed,32,11837,547,46,rising,Lifestyle,Friday,Morning,84941,27,0.553,Suggested
2,Mx,North America,Pets,licensed,49,48590,1356,164,seasonal,Travel,Monday,Evening,108068.4,20,0.498,Home
2,Ca,North America,Lifestyle,licensed,33,56524,2623,289,stable,Fashion,Tuesday,Evening,120182.5,21,0.427,Home
2,Mx,North America,Music,trending,58,8556,177,11,declining,Fashion,Monday,Evening,89206.3,20,0.528,Home
1,Ca,North America,Fashion,trending,19,163136,8582,1162,declining,Lifestyle,Monday,Evening,87413.2,27,0.721,Search
1,Ca,North America,Education,original,23,64318,5752,513,rising,Tech,Sunday,Evening,75227.3,24,0.683,ForYou
1,Us,North America,Pets,licensed,26,17118,1922,256,rising,Comedy,Sunday,Afternoon,72836.1,34,0.8,ForYou
1,Us,North America,Pets,licensed,36,25374,1312,130,stable,Sports,Thursday,Evening,82810.8,24,0.617,ForYou
1,Us,North America,Travel,trending,55,65760,5476,466,stable,Fashion,Saturday,Evening,96091.1,20,0.784,ForYou
1,Us,North America,Tech,licensed,42,205183,13147,1747,rising,Education,Thursday,Evening,104730.1,27,0.593,ForYou
1,Us,North America,Food,original,30,53655,6323,782,rising,Sports,Friday,Evening,87973.3,22,0.773,ForYou
1,Us,North America,Tech,licensed,36,210574,18776,2935,declining,Education,Wednesday,Evening,120866.4,18,0.792,ForYou
1,Ca,North America,Lifestyle,licensed,53,74749,6313,902,rising,Food,Friday,Afternoon,92657.1,16,0.658,Following
2,Mx,North America,Science,trending,26,13779,413,37,rising,Fashion,Sunday,Evening,94740.9,18,0.635,Home
2,Ca,North America,Tech,trending,18,21102,585,52,seasonal,Fashion,Thursday,Night,110084.9,21,0.589,Home
2,Ca,North America,Beauty,trending,45,15719,582,52,stable,Lifestyle,Saturday,Afternoon,75227.3,25,0.684,Suggested
2,Mx,North America,Sports,licensed,21,186560,11707,1756,stable,Dance,Saturday,Evening,110987.8,23,0.681,Suggested
2,Ca,North America,Pets,original,37,107364,4964,619,seasonal,Lifestyle,Tuesday,Morning,130363.6,24,0.651,Suggested
2,Mx,North America,Lifestyle,licensed,33,173222,10920,1147,rising,Dance,Friday,Morning,84501.2,20,0.667,Home
2,Us,North America,Science,original,90,121803,7146,578,seasonal,Sports,Saturday,Morning,90954.4,28,0.602,Home
2,Mx,North America,Lifestyle,trending,26,8182,532,75,rising,Comedy,Thursday,Afternoon,95832.5,18,0.519,Suggested
1,Us,North America,Sports,original,36,120567,5407,677,rising,Music,Saturday,Morning,104933.1,28,0.539,ForYou
1,Ca,North America,Pets,original,31,109379,5837,587,declining,Food,Friday,Evening,116225.5,14,0.629,ForYou
1,Mx,North America,Sports,original,29,67811,3963,373,stable,Music,Friday,Evening,103877.5,23,0.652,ForYou
1,Ca,North America,Food,original,35,1198603,84470,12959,declining,Beauty,Saturday,Morning,96474.3,24,0.551,ForYou
1,Mx,North America,Food,licensed,16,24725,1043,153,stable,Food,Friday,Afternoon,87740.9,16,0.619,ForYou
1,Us,North America,News,original,24,76751,3798,232,stable,Fashion,Friday,Night,127439.6,20,0.588,ForYou
1,Us,North America,Finance,trending,17,46586,3549,406,stable,Education,Friday,Evening,115352,28,0.641,ForYou
1,Ca,North America,Education,original,66,66429,4068,268,stable,Food,Friday,Morning,103719.6,16,0.517,ForYou
1,Us,North America,Art,trending,37,68762,4566,388,rising,Travel,Saturday,Evening,125209.9,24,0.562,ForYou
2,Us,North America,Education,original,28,17952,541,71,rising,Gaming,Wednesday,Morning,111373.7,28,0.714,Home
2,Ca,North America,News,original,90,20092,1040,117,seasonal,Fashion,Friday,Evening,87617.4,21,0.56,External
2,Us,North America,Sports,licensed,33,47277,1858,145,seasonal,Beauty,Saturday,Night,70198.1,18,0.4,Home
2,Mx,North America,News,trending,55,79730,1603,157,seasonal,Lifestyle,Saturday,Evening,106288.7,31,0.687,Home
2,Mx,North America,Art,original,23,200447,5458,650,seasonal,Tech,Saturday,Morning,100266.4,29,0.73,Suggested
2,Ca,North America,News,trending,90,41338,1970,198,seasonal,Music,Friday,Afternoon,116864.6,21,0.512,Suggested
2,Us,North America,Tech,licensed,38,34765,1533,236,stable,Fashion,Saturday,Night,65433.4,19,0.697,Home
2,Mx,North America,Fitness,licensed,61,22437,516,70,seasonal,Beauty,Sunday,Evening,96426.1,20,0.644,Home
2,Mx,North America,Pets,original,40,22183,778,67,seasonal,Music,Thursday,Evening,122780.7,14,0.43,Search
2,Mx,North America,Beauty,licensed,46,43657,1211,125,declining,Food,Thursday,Evening,95392.8,15,0.735,Home
2,Ca,North America,News,original,30,35216,1675,144,declining,Travel,Saturday,Afternoon,97289.6,24,0.543,Home
1,Ca,North America,Fitness,original,45,28538,1072,154,seasonal,Lifestyle,Thursday,Morning,87790.4,21,0.542,ForYou
1,Mx,North America,Food,trending,43,28346,2026,243,seasonal,Travel,Thursday,Afternoon,90488.4,21,0.821,ForYou
1,Us,North America,Comedy,licensed,30,41864,2103,170,rising,Pets,Friday,Evening,87138.8,19,0.59,Following
1,Ca,North America,Pets,licensed,25,43684,2069,188,stable,Fashion,Sunday,Evening,83006.6,22,0.748,ForYou
1,Ca,North America,Travel,trending,16,103673,8192,939,stable,Gaming,Friday,Evening,102923.2,28,0.662,ForYou
1,Ca,North America,Food,licensed,50,133327,10836,1294,seasonal,Food,Saturday,Morning,86157.4,27,0.544,External
1,Ca,North America,Gaming,original,18,5481,526,45,seasonal,Lifestyle,Friday,Evening,101613,20,0.7,ForYou
1,Mx,North America,DIY,licensed,48,9804,362,55,rising,Education,Sunday,Night,106708.3,18,0.623,ForYou
1,Us,North America,Tech,trending,19,17078,1449,103,rising,Sports,Thursday,Evening,95540.6,22,0.5,Search
2,Ca,North America,Education,trending,49,64057,1534,128,rising,Fashion,Monday,Evening,70602,19,0.533,External
2,Mx,North America,Science,licensed,37,677422,16774,2800,seasonal,Music,Friday,Afternoon,125557.8,12,0.595,Suggested
2,Mx,North America,Education,licensed,27,102409,4424,363,rising,Music,Wednesday,Evening,134413.3,26,0.667,Home
2,Mx,North America,Fitness,original,38,271661,11012,1561,rising,Education,Friday,Evening,95029.2,25,0.637,Suggested
2,Us,North America,Food,licensed,48,32747,2059,143,declining,Comedy,Friday,Morning,71447.6,12,0.65,Home
2,Mx,North America,News,original,26,27175,851,80,declining,Comedy,Sunday,Afternoon,98281.2,17,0.535,Suggested
2,Mx,North America,Science,licensed,48,64053,3228,393,rising,Sports,Wednesday,Evening,112356.1,22,0.513,Suggested
2,Mx,North America,Finance,original,90,78746,2610,222,seasonal,Education,Sunday,Evening,83077.8,18,0.521,Search
2,Mx,North America,Tech,original,43,35758,802,69,stable,Beauty,Tuesday,Evening,81860.4,20,0.681,Suggested
2,Ca,North America,Beauty,licensed,41,52063,2859,215,stable,Education,Monday,Night,100507.4,22,0.559,Suggested
1,Us,North America,Sports,trending,50,76644,5331,534,stable,Fashion,Sunday,Night,108368.7,22,0.644,Following
1,Mx,North America,Lifestyle,licensed,22,305544,23425,3373,seasonal,Beauty,Tuesday,Morning,98396.5,22,0.741,ForYou
1,Mx,North America,Automotive,licensed,17,27909,1809,241,rising,Food,Friday,Night,114247.5,22,0.712,ForYou
1,Us,North America,Automotive,licensed,56,99176,10382,1267,rising,Tech,Friday,Evening,95036.8,29,0.702,ForYou
1,Mx,North America,Gaming,licensed,22,104017,9783,1333,seasonal,Pets,Friday,Evening,109492.6,26,0.523,ForYou
1,Mx,North America,Beauty,trending,35,84173,3556,430,declining,Travel,Sunday,Morning,99253.8,20,0.646,ForYou
1,Mx,North America,Education,licensed,15,135066,9383,1334,seasonal,Lifestyle,Thursday,Evening,88276,21,0.553,Search
1,Us,North America,Sports,licensed,34,20610,1831,190,seasonal,Pets,Sunday,Evening,81897,22,0.624,Following
1,Us,North America,Lifestyle,trending,19,81844,5514,501,declining,Gaming,Saturday,Evening,109586,27,0.584,ForYou
1,Ca,North America,Lifestyle,licensed,20,316964,18296,2642,seasonal,DIY,Monday,Evening,103279.3,31,0.725,ForYou
1,Mx,North America,Automotive,trending,53,65818,3316,237,rising,Fashion,Friday,Evening,98366.2,23,0.528,ForYou
1,Ca,North America,Finance,licensed,38,13288,963,66,seasonal,Sports,Saturday,Evening,109856.9,24,0.518,ForYou
2,Mx,North America,Music,trending,44,251949,7863,939,rising,Food,Thursday,Evening,105585.7,25,0.623,External
2,Mx,North America,Lifestyle,original,55,176439,4585,544,seasonal,Pets,Saturday,Afternoon,107717.7,17,0.516,Home
2,Ca,North America,Fashion,licensed,23,1224403,34485,3901,seasonal,Comedy,Friday,Morning,117301.2,21,0.513,Home
2,Mx,North America,Tech,trending,41,83250,1344,200,seasonal,Comedy,Sunday,Morning,117301.2,12,0.539,Home
2,Us,North America,Pets,original,44,66648,2448,202,seasonal,Music,Tuesday,Night,79597.8,21,0.714,Home
2,Ca,North America,Music,original,22,154701,8133,1247,declining,Comedy,Sunday,Morning,87560.6,20,0.714,Home
2,Ca,North America,Automotive,trending,30,71625,1393,148,declining,Comedy,Friday,Evening,103961.9,20,0.67,Home
2,Ca,North America,Sports,original,41,602493,25188,2603,rising,Dance,Thursday,Evening,97125.1,17,0.422,External
2,Ca,North America,Beauty,licensed,39,56304,3106,429,stable,Comedy,Tuesday,Evening,106173.2,32,0.633,Home
2,Ca,North America,Tech,trending,31,16262,545,65,stable,Tech,Friday,Morning,103308.4,24,0.629,Search
1,Us,North America,Automotive,original,44,18961,1344,144,seasonal,Food,Friday,Evening,102836.9,23,0.627,Search
1,Us,North America,Fitness,licensed,43,17514,1246,151,declining,Food,Sunday,Evening,99230,21,0.833,ForYou
1,Us,North America,Education,licensed,17,82272,6442,614,rising,Lifestyle,Thursday,Afternoon,106663.6,27,0.753,Following
1,Mx,North America,Tech,trending,31,52486,3210,450,declining,Beauty,Friday,Evening,127785.3,29,0.532,Search
1,Mx,North America,Beauty,original,39,468343,37420,3602,declining,Gaming,Saturday,Morning,95517.7,28,0.71,ForYou
1,Ca,North America,Tech,licensed,27,38421,2484,246,declining,Beauty,Friday,Evening,95036.8,24,0.833,ForYou
1,Ca,North America,Travel,original,16,44609,1695,191,stable,Comedy,Friday,Afternoon,92877.7,26,0.806,ForYou
1,Mx,North America,Comedy,licensed,17,40639,3420,247,stable,Food,Friday,Night,90369.7,22,0.759,ForYou
1,Ca,North America,Food,trending,31,133936,10737,849,stable,Gaming,Tuesday,Evening,89719.5,27,0.771,ForYou
1,Mx,North America,Pets,original,15,192508,14484,2049,declining,Comedy,Thursday,Evening,130631.3,9,0.693,ForYou
1,Us,North America,News,licensed,23,34910,1990,260,seasonal,Music,Thursday,Night,88159.6,23,0.665,ForYou
1,Us,North America,Gaming,trending,20,9812,519,52,seasonal,Fashion,Thursday,Evening,116667.1,23,0.59,ForYou
2,Us,North America,Automotive,original,47,84516,7310,588,declining,Dance,Tuesday,Evening,98963.4,22,0.502,External
2,Us,North America,Science,trending,37,748430,40522,4340,stable,Education,Saturday,Night,109892.4,16,0.668,Search
2,Mx,North America,Education,licensed,90,159531,4142,638,seasonal,Beauty,Sunday,Evening,99230,21,0.606,Home
2,Mx,North America,Science,licensed,32,75752,2044,241,declining,Pets,Friday,Morning,120182.5,22,0.594,Home
2,Us,North America,Gaming,original,20,261293,8613,610,declining,Beauty,Sunday,Night,84611.9,22,0.67,Home
2,Us,North America,Education,licensed,43,17263,499,82,declining,Travel,Sunday,Afternoon,102688.1,20,0.57,Home
2,Ca,North America,Science,original,16,7985,602,52,rising,Music,Wednesday,Afternoon,110763.9,14,0.625,Suggested
2,Mx,North America,Comedy,original,24,18639,1071,140,declining,Dance,Saturday,Evening,99893.3,23,0.596,Suggested
2,Ca,North America,Travel,original,37,55952,2354,258,stable,Lifestyle,Saturday,Afternoon,88998.8,28,0.451,Suggested
1,Us,North America,Gaming,trending,8,67801,2680,319,rising,Music,Thursday,Evening,104173.4,28,0.75,ForYou
1,Mx,North America,Food,original,16,30516,2222,215,declining,Dance,Thursday,Evening,109258.2,20,0.738,ForYou
1,Mx,North America,Automotive,original,24,200002,11868,1307,stable,Pets,Friday,Evening,103134.2,26,0.6,Following
1,Us,North America,Fashion,licensed,26,7495,543,39,declining,Education,Tuesday,Night,120866.4,27,0.692,ForYou
1,Us,North America,News,original,24,51795,4212,284,stable,Lifestyle,Friday,Afternoon,82810.8,26,0.675,ForYou
1,Us,North America,News,original,10,51565,9555,1040,rising,Sports,Wednesday,Night,99893.3,26,0.53,ForYou
1,Mx,North America,News,licensed,42,110273,6718,928,declining,Gaming,Sunday,Afternoon,103611.2,30,0.545,Search
1,Ca,North America,Education,original,24,110534,10677,1436,seasonal,Beauty,Tuesday,Night,96043.8,28,0.546,ForYou
1,Us,North America,Travel,original,31,36469,2656,272,stable,Dance,Sunday,Night,103611.2,15,0.503,Search
1,Mx,North America,Food,trending,19,69657,3638,374,rising,Fashion,Thursday,Evening,91380.1,19,0.8,ForYou
1,Us,North America,Lifestyle,trending,40,69790,7730,572,stable,Dance,Saturday,Evening,62987.8,17,0.732,Following
1,Us,North America,Comedy,licensed,16,46855,2503,238,stable,Beauty,Saturday,Evening,106288.7,21,0.6,Following
1,Mx,North America,Comedy,licensed,34,26406,1533,142,declining,Sports,Monday,Evening,98432,22,0.685,Following
1,Mx,North America,Education,original,25,157029,9431,1489,declining,Pets,Friday,Evening,62987.8,22,0.524,ForYou
1,Ca,North America,Tech,original,19,51301,2659,188,rising,Music,Friday,Afternoon,73883.7,26,0.547,External
1,Ca,North America,Fashion,trending,32,61727,4580,565,declining,Comedy,Tuesday,Evening,98366.2,11,0.734,ForYou
1,Us,North America,Automotive,licensed,54,84790,5622,583,rising,Food,Friday,Evening,99200.2,26,0.57,Following
1,Ca,North America,Lifestyle,trending,41,33706,2106,325,rising,Pets,Monday,Night,90954.4,17,0.785,Following
1,Mx,North America,Music,original,23,21534,1156,78,rising,Pets,Friday,Afternoon,80382.1,26,0.774,Following
1,Ca,North America,News,licensed,32,264055,14916,1753,declining,Dance,Sunday,Morning,63588.5,17,0.75,ForYou
2,Ca,North America,Lifestyle,trending,71,25446,1537,233,seasonal,Pets,Friday,Evening,104791.2,17,0.554,Suggested
2,Us,North America,Fitness,original,35,93334,4573,637,declining,Lifestyle,Saturday,Evening,81897,27,0.577,External
2,Ca,North America,News,licensed,75,21984,700,60,rising,Tech,Friday,Evening,98366.2,24,0.62,Home
2,Us,North America,Comedy,trending,56,74824,1958,230,rising,Lifestyle,Wednesday,Afternoon,89258.4,29,0.509,Home
2,Mx,North America,Science,trending,52,98164,2703,352,declining,Pets,Wednesday,Afternoon,87740.9,17,0.729,Suggested
2,Us,North America,Science,licensed,44,22177,819,97,rising,Travel,Sunday,Evening,91298.1,26,0.516,Search
2,Us,North America,Music,licensed,51,68477,2304,198,stable,Gaming,Saturday,Evening,94785.6,28,0.553,Search
2,Ca,North America,Fitness,licensed,34,127114,3806,507,seasonal,Lifestyle,Sunday,Night,91634.1,24,0.521,Suggested
2,Mx,North America,Science,trending,53,55607,2496,276,stable,Beauty,Friday,Afternoon,93827.6,23,0.413,Home
2,Us,North America,Sports,trending,25,121288,4436,645,rising,Beauty,Tuesday,Evening,112406,28,0.448,Home
1,Us,North America,Science,trending,31,30584,1654,125,stable,Gaming,Tuesday,Evening,88998.8,26,0.742,Search
1,Mx,North America,Automotive,trending,28,139684,7821,785,seasonal,Music,Wednesday,Evening,112761.3,15,0.564,Following
1,Us,North America,DIY,trending,20,32255,3711,503,declining,Lifestyle,Friday,Morning,87560.6,26,0.63,ForYou
1,Ca,North America,Travel,trending,27,140218,12572,972,rising,Sports,Friday,Evening,124662.1,22,0.619,ForYou
1,Ca,North America,Comedy,licensed,39,21512,1963,157,declining,Sports,Thursday,Evening,93714.6,28,0.721,ForYou
1,Ca,North America,Food,trending,54,62183,5100,602,declining,Beauty,Friday,Afternoon,94562.8,24,0.661,ForYou
1,Ca,North America,Automotive,licensed,13,126667,11744,906,seasonal,Fashion,Thursday,Evening,99200.2,21,0.5,Search
1,Mx,North America,Pets,trending,43,27993,1894,145,declining,Travel,Friday,Morning,116083.5,20,0.588,ForYou
1,Ca,North America,Gaming,original,23,6685,632,76,stable,Comedy,Wednesday,Evening,111830.6,20,0.583,ForYou
2,Ca,North America,Science,original,75,22868,693,47,declining,Pets,Monday,Evening,121748.7,24,0.632,Suggested
2,Us,North America,Travel,original,61,10536,430,70,declining,Lifestyle,Sunday,Night,87047.6,22,0.533,Home
2,Us,North America,Education,original,47,9253,423,55,rising,Sports,Friday,Evening,91094.5,26,0.706,Home
2,Ca,North America,Fashion,licensed,37,17709,621,57,rising,Pets,Sunday,Evening,94123.3,24,0.576,Home
2,Mx,North America,Travel,trending,28,143951,6808,584,seasonal,Pets,Monday,Evening,83527.1,24,0.707,Suggested
2,Ca,North America,Lifestyle,original,34,320282,8614,717,seasonal,Dance,Tuesday,Night,127501.8,15,0.585,Home
2,Mx,North America,Fitness,licensed,68,50764,2683,192,rising,Music,Thursday,Night,137118.7,21,0.591,Suggested
2,Us,North America,Sports,licensed,29,35668,1642,202,seasonal,Pets,Sunday,Afternoon,91699.8,20,0.403,Suggested
2,Mx,North America,Gaming,trending,39,158549,8386,892,seasonal,Beauty,Friday,Evening,146427.8,25,0.651,Home
2,Ca,North America,Sports,original,19,88993,2897,433,seasonal,Comedy,Thursday,Evening,83948.3,20,0.542,Search
2,Ca,North America,Science,licensed,50,122321,2739,294,stable,Education,Sunday,Evening,108833.3,23,0.612,Home
1,Mx,North America,Tech,original,38,91731,6499,645,seasonal,Sports,Saturday,Afternoon,84611.9,22,0.776,ForYou
1,Mx,North America,News,original,42,214581,12259,828,declining,Tech,Sunday,Morning,87231.3,31,0.824,Following
1,Mx,North America,Pets,licensed,21,68865,7061,956,stable,Gaming,Wednesday,Afternoon,88276,30,0.514,ForYou
1,Mx,North America,Education,licensed,42,112418,6865,496,seasonal,Beauty,Friday,Evening,83079,22,0.676,Following
1,Us,North America,Finance,trending,18,340304,20383,1868,stable,Beauty,Tuesday,Evening,99017.9,24,0.794,External
1,Mx,North America,News,licensed,29,38803,2371,245,stable,Pets,Tuesday,Afternoon,116225.5,20,0.621,Following
1,Mx,North America,Music,trending,37,193991,12059,793,rising,Pets,Tuesday,Evening,83969.9,20,0.708,ForYou
1,Mx,North America,Music,licensed,11,251848,17649,1261,declining,Tech,Saturday,Afternoon,103611.2,31,0.527,External
1,Mx,North America,Lifestyle,licensed,25,9485,502,56,rising,Food,Friday,Evening,63890.7,29,0.66,Following
1,Ca,North America,Music,trending,11,10308,958,117,rising,Pets,Sunday,Evening,100507.4,20,0.727,ForYou
1,Ca,North America,Science,licensed,18,92163,6448,897,seasonal,Sports,Monday,Afternoon,96091.1,24,0.556,ForYou
1,Ca,North America,Travel,original,22,35370,3167,226,rising,Pets,Friday,Morning,111632,20,0.827,External
1,Us,North America,Pets,trending,16,53319,3922,386,seasonal,Beauty,Friday,Evening,76283.7,30,0.575,External
1,Mx,North America,Comedy,original,41,22574,1966,318,seasonal,Travel,Wednesday,Evening,109586,22,0.502,External
1,Ca,North America,Food,trending,37,10898,1005,67,rising,Music,Friday,Evening,89603.4,28,0.8,ForYou
2,Us,North America,DIY,licensed,81,64326,2562,210,seasonal,Music,Sunday,Evening,111980.2,21,0.417,Home
2,Ca,North America,Music,licensed,25,8212,380,34,stable,Gaming,Friday,Afternoon,127439.6,25,0.7,Suggested
2,Ca,North America,Beauty,original,45,22039,851,52,rising,Gaming,Wednesday,Afternoon,98396.5,23,0.618,External
2,Mx,North America,News,trending,62,22484,1369,120,seasonal,Comedy,Monday,Afternoon,117464.6,26,0.594,Suggested
2,Ca,North America,News,trending,49,20487,676,55,seasonal,Education,Wednesday,Morning,85260.3,23,0.443,Home
2,Mx,North America,Sports,trending,90,41291,1718,187,declining,Lifestyle,Friday,Morning,104791.2,29,0.699,Search
2,Mx,North America,Education,trending,50,929765,41125,2781,stable,Dance,Thursday,Evening,136562.4,20,0.428,Home
1,Us,North America,Finance,trending,33,29150,2211,326,rising,Beauty,Sunday,Night,98910.3,20,0.579,External
1,Us,North America,Education,trending,24,34257,1752,259,stable,Dance,Wednesday,Morning,77446,20,0.629,External
1,Us,North America,Automotive,trending,26,114104,5831,831,rising,Sports,Friday,Evening,108133.7,24,0.608,ForYou
1,Mx,North America,Art,licensed,29,73354,3273,369,rising,Beauty,Saturday,Evening,127392.4,28,0.579,ForYou
1,Us,North America,Fitness,trending,18,29964,1393,143,seasonal,Education,Friday,Evening,76368,27,0.617,ForYou
1,Ca,North America,Travel,original,26,5458,408,60,seasonal,Comedy,Saturday,Night,62424.1,11,0.838,ForYou
1,Us,North America,Lifestyle,licensed,38,64700,4072,315,seasonal,Dance,Saturday,Afternoon,104056.7,15,0.568,Following
1,Mx,North America,Education,original,36,12624,1206,142,declining,Fashion,Thursday,Evening,108139.9,19,0.708,Following
1,Ca,North America,Food,original,16,130478,9417,1174,declining,Comedy,Wednesday,Night,76283.7,29,0.5,Following
1,Ca,North America,Beauty,original,44,119974,5754,806,rising,Fashion,Friday,Afternoon,122702.4,20,0.623,ForYou
1,Us,North America,Beauty,licensed,38,162815,6106,585,declining,Fashion,Monday,Afternoon,86206.8,16,0.813,ForYou
1,Mx,North America,Fitness,licensed,40,189713,13610,1838,stable,Gaming,Sunday,Evening,81898.6,26,0.805,Search
1,Ca,North America,Beauty,licensed,28,81372,3754,415,declining,Comedy,Saturday,Evening,127261.5,20,0.768,ForYou
2,Ca,North America,Finance,original,90,32316,1566,111,stable,Fashion,Sunday,Evening,141830.1,19,0.499,Suggested
2,Mx,North America,Gaming,original,45,7804,246,16,stable,Lifestyle,Saturday,Night,84611.9,22,0.507,Home
2,Mx,North America,Pets,trending,26,75627,2623,330,seasonal,Music,Thursday,Morning,89719.5,26,0.492,Home
2,Us,North America,Education,trending,58,41877,2655,239,seasonal,Tech,Wednesday,Evening,96325,29,0.588,Home
2,Mx,North America,Lifestyle,licensed,16,15537,768,62,rising,Tech,Friday,Evening,96403.9,29,0.675,Home
2,Us,North America,DIY,trending,30,31254,999,73,stable,Lifestyle,Wednesday,Evening,101507.5,23,0.487,Suggested
2,Ca,North America,Travel,trending,65,31753,1076,97,declining,Travel,Saturday,Evening,84909.5,21,0.657,Suggested
2,Ca,North America,Travel,licensed,21,28730,870,92,seasonal,Food,Friday,Evening,98709.4,23,0.557,Suggested
2,Mx,North America,Science,original,32,101542,2648,231,stable,Pets,Friday,Evening,84304,24,0.734,Home
2,Us,North America,Science,trending,54,400188,18742,2793,rising,Comedy,Wednesday,Afternoon,70198.1,23,0.417,Home
1,Mx,North America,Tech,licensed,26,158482,9222,903,declining,Lifestyle,Friday,Evening,124137.5,22,0.777,ForYou
1,Us,North America,Fashion,original,25,42190,2302,246,stable,Comedy,Monday,Evening,95932.9,17,0.568,Following
1,Us,North America,Beauty,licensed,51,89836,7103,557,declining,Travel,Friday,Night,115711.4,19,0.571,ForYou
1,Mx,North America,Comedy,licensed,31,27965,1013,77,declining,Lifestyle,Friday,Evening,96474.3,30,0.829,ForYou
1,Ca,North America,Finance,trending,16,93829,5374,750,seasonal,Fashion,Friday,Evening,97125.1,21,0.625,ForYou
1,Ca,North America,Music,trending,35,23516,1394,142,seasonal,Comedy,Thursday,Evening,95525.4,32,0.617,Search
1,Us,North America,Beauty,licensed,47,15019,1124,133,rising,Comedy,Saturday,Evening,98301.3,19,0.83,ForYou
1,Ca,North America,Gaming,licensed,41,55087,3912,409,stable,Music,Friday,Evening,95293.7,28,0.617,ForYou
2,Mx,North America,Art,trending,42,84520,2135,161,declining,Travel,Thursday,Morning,108537.2,27,0.414,Suggested
2,Us,North America,Travel,original,48,22063,838,99,stable,Comedy,Friday,Afternoon,106317.9,26,0.712,Search
2,Ca,North America,Science,trending,30,102825,5520,628,rising,Food,Friday,Afternoon,91102.6,16,0.427,Home
2,Mx,North America,Fitness,trending,63,439849,13327,1048,seasonal,Music,Wednesday,Morning,98366.2,15,0.586,Home
2,Us,North America,Automotive,original,77,34561,2255,233,seasonal,Music,Wednesday,Afternoon,122780.7,21,0.686,Home
1,Mx,North America,Tech,original,69,21463,1705,205,stable,Sports,Friday,Morning,82507.4,22,0.53,ForYou
1,Us,North America,Education,licensed,40,87121,4628,685,seasonal,Fashion,Tuesday,Evening,114247.5,18,0.56,ForYou
1,Mx,North America,Sports,licensed,54,210375,15376,1999,seasonal,Pets,Monday,Afternoon,100554.5,22,0.72,ForYou
1,Us,North America,Art,original,47,75417,5396,725,rising,Travel,Friday,Evening,114247.5,25,0.555,Search
1,Ca,North America,DIY,licensed,18,27582,1317,129,declining,Tech,Friday,Afternoon,87499.9,26,0.533,ForYou
1,Us,North America,Fitness,trending,43,65113,5266,542,rising,Education,Monday,Evening,79742.9,27,0.763,Search
2,Us,North America,Pets,original,64,37251,1305,130,seasonal,Music,Saturday,Morning,110188.3,26,0.505,External
2,Mx,North America,DIY,trending,65,230487,5315,699,declining,Music,Friday,Evening,77464.1,23,0.457,Home
2,Ca,North America,Education,trending,58,165941,5670,887,stable,Gaming,Sunday,Evening,99737.6,28,0.669,External
2,Us,North America,Music,trending,22,64846,1837,226,declining,Food,Sunday,Evening,44841.3,27,0.495,Suggested
2,Ca,North America,Science,licensed,51,56399,1576,141,declining,Dance,Friday,Morning,103279.3,20,0.439,External
2,Ca,North America,DIY,original,62,108044,3948,375,stable,Travel,Sunday,Afternoon,75691.4,18,0.621,Home
2,Ca,North America,News,trending,58,152222,6601,1087,declining,Fashion,Sunday,Evening,103134.2,20,0.634,Suggested
1,Us,North America,Music,original,20,65186,3135,369,rising,Dance,Friday,Afternoon,104979.8,22,0.77,ForYou
1,Ca,North America,Sports,original,16,173993,13049,1662,stable,Beauty,Saturday,Afternoon,99253.8,28,0.781,ForYou
1,Mx,North America,Food,original,34,36037,3124,319,rising,Gaming,Saturday,Afternoon,90369.7,28,0.626,ForYou
1,Us,North America,Fashion,licensed,27,70785,4335,696,stable,Comedy,Sunday,Evening,102851.4,23,0.674,ForYou
1,Mx,North America,Beauty,original,18,89620,8084,991,stable,Lifestyle,Friday,Afternoon,79742.9,27,0.794,Following
2,Mx,North America,DIY,trending,43,80765,2289,194,seasonal,Sports,Friday,Afternoon,98301.3,22,0.744,External
2,Mx,North America,Pets,original,26,246196,9084,1299,seasonal,Pets,Friday,Morning,106642.8,20,0.427,Search
2,Mx,North America,Science,licensed,38,30587,920,62,declining,Dance,Friday,Afternoon,86547.9,25,0.661,External
2,Mx,North America,News,licensed,21,504891,19500,1678,rising,Beauty,Friday,Morning,71037.7,22,0.524,External
2,Ca,North America,Science,licensed,60,11189,213,31,rising,Beauty,Tuesday,Night,132974.8,22,0.737,Suggested
2,Us,North America,Music,licensed,24,15515,695,102,stable,Lifestyle,Friday,Evening,132796.4,25,0.417,Home
2,Us,North America,Beauty,trending,30,74683,4001,459,seasonal,Gaming,Friday,Evening,98586,27,0.68,Home
2,Us,North America,DIY,original,30,12482,521,48,seasonal,Fashion,Thursday,Night,148726.3,23,0.66,Suggested
2,Ca,North America,Art,original,15,98791,3776,530,stable,Fashion,Thursday,Evening,89603.4,20,0.56,Home
1,Ca,North America,Tech,original,15,40064,1975,304,stable,Comedy,Sunday,Night,114135.1,25,0.753,External
1,Ca,North America,Science,trending,50,224311,15464,1529,seasonal,Lifestyle,Friday,Evening,77522.5,29,0.662,Search
1,Us,North America,Travel,licensed,35,24416,2357,187,declining,Food,Thursday,Evening,133984.4,26,0.803,Following
1,Ca,North America,News,original,18,63945,6531,716,seasonal,Fashion,Friday,Afternoon,100507.4,23,0.633,ForYou
1,Mx,North America,Fitness,original,35,77794,5078,486,declining,Pets,Monday,Evening,129372.5,24,0.589,ForYou
1,Mx,North America,Tech,licensed,27,28068,1862,120,declining,Sports,Monday,Morning,94144.9,22,0.537,ForYou
1,Mx,North America,Pets,original,25,102717,11181,1656,stable,Comedy,Monday,Evening,85706.8,26,0.556,Search
1,Us,North America,Education,licensed,56,88861,5318,782,stable,Tech,Thursday,Evening,96742.3,29,0.845,ForYou
1,Us,North America,Science,licensed,33,82925,6338,871,stable,Music,Saturday,Morning,94296.6,21,0.521,ForYou
1,Us,North America,Art,original,44,234154,22766,2778,rising,Dance,Thursday,Morning,88068.7,22,0.536,External
1,Mx,North America,Food,licensed,17,30208,2429,261,declining,Dance,Saturday,Night,109552,24,0.671,ForYou
1,Mx,North America,Sports,original,11,199740,13308,1618,stable,Food,Friday,Night,93427.1,23,0.709,Search
1,Mx,North America,Gaming,trending,47,244611,14183,1267,rising,Food,Sunday,Afternoon,90998.7,23,0.783,ForYou
1,Ca,North America,Food,licensed,24,178469,12120,1168,stable,Lifestyle,Tuesday,Afternoon,101613,32,0.696,Search
1,Us,North America,Fashion,original,46,125619,8234,603,declining,Pets,Thursday,Morning,111632,22,0.804,ForYou
2,Mx,North America,Science,licensed,58,96309,2599,286,stable,Comedy,Tuesday,Evening,112709.6,27,0.683,Suggested
2,Mx,North America,Travel,original,62,18935,765,87,declining,Comedy,Friday,Morning,99200.2,32,0.552,External
2,Ca,North America,Pets,licensed,22,26961,1054,85,seasonal,Comedy,Thursday,Afternoon,116192.9,17,0.455,Suggested
2,Ca,North America,Beauty,licensed,25,18707,1010,107,rising,DIY,Sunday,Morning,109552,20,0.712,Suggested
2,Mx,North America,Education,trending,31,34052,2190,278,rising,Lifestyle,Friday,Night,85369.3,21,0.587,Home
2,Us,North America,Comedy,trending,57,9623,361,25,stable,Gaming,Wednesday,Evening,76801.3,27,0.619,External
2,Us,North America,DIY,trending,72,85004,3550,454,stable,Food,Friday,Morning,98366.2,14,0.694,Home
1,Us,North America,Food,licensed,13,21057,1772,217,rising,Lifestyle,Saturday,Morning,97125.1,33,0.792,Search
1,Mx,North America,Pets,trending,32,248651,21414,2572,stable,Travel,Saturday,Evening,92945.6,20,0.809,Following
1,Mx,North America,Tech,licensed,15,249655,20267,2347,rising,Pets,Tuesday,Evening,82056.4,17,0.813,ForYou
1,Us,North America,Tech,original,75,6436,494,63,declining,Pets,Friday,Evening,127922.9,19,0.763,ForYou
1,Us,North America,Music,licensed,15,28174,2512,236,seasonal,Lifestyle,Friday,Afternoon,96426.1,23,0.513,ForYou
1,Us,North America,Travel,original,11,318394,21679,1581,stable,Food,Friday,Evening,107955.4,16,0.764,Search
1,Mx,North America,Fitness,original,17,146992,16935,1521,rising,Travel,Thursday,Afternoon,139280.8,24,0.671,ForYou
1,Mx,North America,Beauty,trending,67,63342,3701,406,seasonal,Pets,Friday,Evening,109753.9,19,0.712,ForYou
2,Ca,North America,Pets,original,40,158012,6185,680,seasonal,Dance,Wednesday,Afternoon,121486.6,22,0.615,Home
2,Ca,North America,Art,licensed,27,136869,4785,533,declining,Lifestyle,Friday,Evening,102608.2,21,0.715,Suggested
2,Ca,North America,Finance,trending,19,48520,1888,143,declining,Music,Friday,Morning,95392.8,15,0.563,External
2,Ca,North America,Food,trending,46,27022,1467,104,stable,Fashion,Sunday,Morning,103134.2,20,0.472,Home
2,Us,North America,Art,original,21,44961,1637,186,declining,Pets,Saturday,Afternoon,90345.1,20,0.467,Search
2,Ca,North America,Education,original,39,36362,1352,208,seasonal,Tech,Thursday,Afternoon,89008.1,31,0.438,Suggested
2,Mx,North America,Science,trending,47,37259,1796,136,stable,Beauty,Tuesday,Evening,91480.6,18,0.63,Suggested
2,Us,North America,Music,trending,90,80038,3139,509,declining,Tech,Friday,Night,111410.3,23,0.51,Search
2,Mx,North America,Beauty,licensed,66,173254,5217,364,seasonal,Education,Monday,Evening,92657.1,25,0.638,Search
2,Ca,North America,News,trending,30,18199,567,46,rising,Fashion,Saturday,Afternoon,65130,22,0.503,Home
1,Mx,North America,Education,licensed,44,251049,24722,1773,seasonal,Sports,Wednesday,Evening,121486.6,22,0.807,Following
1,Ca,North America,Art,licensed,21,143674,6621,994,rising,Gaming,Saturday,Afternoon,110188.3,28,0.505,ForYou
1,Ca,North America,Science,trending,27,95879,8662,578,declining,Food,Sunday,Evening,104158.3,22,0.774,Following
1,Mx,North America,Art,licensed,20,58429,3722,284,declining,Sports,Wednesday,Afternoon,135508.1,24,0.625,ForYou
1,Ca,North America,Fashion,trending,22,209963,13602,2044,seasonal,Beauty,Friday,Night,94621.9,24,0.605,Following
1,Ca,North America,Science,original,34,159832,10511,1057,declining,Gaming,Friday,Afternoon,106295.8,28,0.679,ForYou
1,Us,North America,Lifestyle,licensed,21,51466,2684,295,declining,Music,Friday,Evening,100266.4,24,0.548,External
1,Us,North America,Pets,licensed,22,6439,351,47,stable,Sports,Friday,Evening,92657.1,22,0.509,External
1,Ca,North America,Education,original,58,49679,3144,216,seasonal,Comedy,Friday,Afternoon,63469.8,26,0.814,ForYou
1,Mx,North America,Gaming,original,34,8958,689,86,declining,Travel,Wednesday,Evening,83525.5,17,0.659,ForYou
2,Ca,North America,Food,original,15,23757,600,49,seasonal,Food,Saturday,Evening,104175.6,20,0.567,Home
2,Mx,North America,Art,trending,27,41022,1506,236,declining,Tech,Monday,Evening,100197.7,24,0.652,Search
2,Us,North America,DIY,trending,27,38908,1031,94,stable,Pets,Friday,Afternoon,92439.5,20,0.426,Home
2,Mx,North America,News,trending,33,105776,2054,323,stable,Beauty,Friday,Evening,91362.1,18,0.615,Suggested
2,Ca,North America,Gaming,trending,32,199236,7960,903,stable,Pets,Friday,Afternoon,100266.4,17,0.622,External
2,Us,North America,News,trending,22,58451,1420,176,seasonal,Food,Sunday,Morning,104933.1,22,0.536,Home
2,Mx,North America,Art,original,30,27391,853,132,stable,Fashion,Friday,Evening,81777.9,23,0.52,Home
2,Mx,North America,DIY,licensed,51,178043,7768,932,seasonal,Lifestyle,Wednesday,Evening,132431.6,21,0.631,Search
2,Mx,North America,Music,licensed,44,309884,16122,1198,seasonal,Gaming,Monday,Morning,96426.1,25,0.525,Search
2,Mx,North America,Finance,original,48,225151,6345,970,rising,Fashion,Sunday,Afternoon,107116.8,21,0.675,Suggested
2,Mx,North America,Travel,licensed,11,51488,2119,157,rising,Education,Thursday,Evening,97201.9,16,0.418,Home
2,Us,North America,News,licensed,33,45389,2817,200,rising,Beauty,Sunday,Evening,92945.6,22,0.467,Home
2,Ca,North America,Lifestyle,original,24,60950,2609,353,stable,Education,Friday,Evening,115353,18,0.408,Suggested
2,Us,North America,News,licensed,36,144064,3312,405,rising,Fashion,Saturday,Evening,83077.8,20,0.647,Home
2,Us,North America,Automotive,trending,45,37366,2033,190,rising,Education,Wednesday,Afternoon,83079,16,0.527,Suggested
1,Ca,North America,Fitness,trending,18,191291,13603,1057,stable,Food,Tuesday,Morning,110188.3,18,0.544,ForYou
1,Mx,North America,Automotive,trending,45,217996,11260,900,seasonal,Pets,Sunday,Afternoon,102487.9,22,0.713,ForYou
1,Mx,North America,Fashion,trending,27,215230,17733,2011,rising,Tech,Sunday,Morning,94953.4,24,0.737,Following
1,Mx,North America,Automotive,licensed,23,96127,6461,622,rising,Pets,Thursday,Morning,105769.8,19,0.696,ForYou
1,Ca,North America,News,trending,14,87323,6428,915,declining,Gaming,Wednesday,Afternoon,76131.2,30,0.721,Following
1,Us,North America,Comedy,licensed,20,66013,2895,264,stable,Pets,Saturday,Afternoon,92277.3,17,0.53,Search
1,Mx,North America,DIY,licensed,12,37580,2481,326,rising,Travel,Sunday,Evening,86941.3,24,0.533,ForYou
1,Us,North America,Fashion,licensed,33,47824,2334,207,rising,Sports,Friday,Evening,104175.6,26,0.645,ForYou
1,Us,North America,Finance,trending,10,97348,5060,654,stable,Fashion,Monday,Afternoon,105769.8,18,0.63,ForYou
1,Ca,North America,News,trending,20,113673,8473,914,seasonal,Travel,Saturday,Morning,81001,23,0.82,Following
1,Mx,North America,Music,original,27,29956,2011,240,declining,Sports,Friday,Morning,117301.2,22,0.619,ForYou
1,Ca,North America,News,trending,23,77014,3155,235,rising,Beauty,Friday,Evening,86157.4,21,0.591,ForYou
1,Us,North America,Food,trending,16,115293,7266,1042,seasonal,Music,Monday,Evening,132974.8,14,0.594,Search
1,Ca,North America,Fashion,licensed,27,31565,3415,344,seasonal,Beauty,Monday,Afternoon,110275.8,22,0.552,ForYou
1,Mx,North America,Fashion,licensed,43,168393,7474,590,stable,Dance,Saturday,Evening,127261.5,25,0.63,ForYou
1,Us,North America,Comedy,licensed,24,41270,2450,262,seasonal,Dance,Thursday,Evening,150387.6,22,0.567,Following
1,Ca,North America,Food,trending,22,61133,3107,434,declining,Education,Monday,Night,75227.3,18,0.723,ForYou
2,Mx,North America,Fitness,original,57,15828,714,60,stable,Sports,Friday,Night,96474.3,22,0.658,Suggested
2,Mx,North America,Fitness,licensed,25,75432,3229,464,declining,Pets,Saturday,Evening,139280.8,24,0.528,Home
2,Mx,North America,DIY,trending,55,49599,1259,115,seasonal,Comedy,Monday,Evening,102500.9,9,0.555,Search
2,Ca,North America,Tech,original,46,102698,4219,414,seasonal,Tech,Tuesday,Morning,88159.6,24,0.704,Home
2,Us,North America,Travel,trending,30,22757,667,80,stable,Gaming,Friday,Evening,85260.3,26,0.583,Suggested
2,Mx,North America,Sports,original,46,43266,2212,211,rising,Music,Friday,Evening,96742.3,15,0.552,Suggested
2,Us,North America,Education,trending,21,8914,303,26,rising,Music,Tuesday,Afternoon,102133.2,28,0.743,Suggested
2,Mx,North America,DIY,licensed,22,3884,123,14,rising,Music,Wednesday,Morning,84030.9,21,0.714,Suggested
2,Us,North America,Art,trending,38,19140,1049,72,rising,Music,Friday,Night,100507.4,17,0.5,Suggested
1,Ca,North America,Comedy,original,15,59920,5108,389,rising,Beauty,Friday,Evening,81897,23,0.573,ForYou
1,Mx,North America,Finance,licensed,33,57698,3251,290,stable,Education,Sunday,Night,87740.9,16,0.797,ForYou
1,Mx,North America,Lifestyle,original,41,54176,5850,507,declining,Gaming,Thursday,Evening,104158.3,28,0.756,External
1,Us,North America,Lifestyle,original,41,102097,6801,575,declining,Sports,Tuesday,Evening,63588.5,24,0.683,External
1,Ca,North America,DIY,trending,27,78451,4261,535,rising,Beauty,Thursday,Afternoon,100666.5,24,0.578,ForYou
1,Mx,North America,Food,original,22,27237,973,76,declining,Beauty,Thursday,Night,97756.8,22,0.573,Search
1,Mx,North America,News,original,26,120894,6661,1094,stable,Beauty,Wednesday,Evening,110281.5,22,0.688,Search
1,Ca,North America,Art,original,21,201495,26059,3377,stable,Food,Sunday,Afternoon,82782.7,25,0.733,ForYou
1,Mx,North America,DIY,original,18,89076,7150,484,seasonal,Travel,Monday,Morning,92976.5,26,0.761,ForYou
1,Ca,North America,Music,original,42,624714,20716,2241,declining,Comedy,Saturday,Evening,108537.2,29,0.7,External
1,Mx,North America,Lifestyle,licensed,20,81965,4953,540,declining,Food,Friday,Afternoon,76776.4,23,0.785,ForYou
1,Ca,North America,Sports,trending,22,84246,3754,514,declining,Tech,Monday,Evening,96007.1,31,0.727,ForYou
1,Us,North America,Finance,trending,25,53530,2052,273,stable,Comedy,Sunday,Evening,78434.5,14,0.672,Search
2,Mx,North America,Beauty,original,52,119213,6449,730,seasonal,Sports,Wednesday,Afternoon,108537.2,24,0.675,External
2,Us,North America,Comedy,original,75,305715,11538,1020,stable,Travel,Thursday,Evening,101614.1,20,0.548,Home
2,Us,North America,Education,original,48,287482,9837,922,stable,Dance,Friday,Afternoon,82901.5,20,0.644,Suggested
2,Us,North America,Automotive,original,13,14185,496,61,rising,Comedy,Thursday,Evening,83290.1,20,0.615,Search
2,Mx,North America,DIY,licensed,32,47779,2258,182,stable,Sports,Wednesday,Evening,97509.2,26,0.612,Suggested
2,Us,North America,Beauty,original,25,41219,1332,102,declining,Comedy,Sunday,Evening,78514.6,27,0.716,Suggested
2,Us,North America,News,trending,31,6069,165,14,rising,Gaming,Saturday,Morning,99200.2,27,0.703,Search
2,Mx,North America,Music,trending,27,53737,3015,280,rising,Tech,Tuesday,Evening,92619,24,0.656,Home
2,Mx,North America,News,original,33,129465,8150,675,stable,Pets,Thursday,Evening,89206.3,17,0.424,Home
2,Us,North America,Finance,trending,31,41184,897,139,rising,Pets,Tuesday,Evening,121071.3,19,0.471,Search
1,Ca,North America,Beauty,trending,10,9332,870,92,stable,Sports,Sunday,Evening,100554.5,24,0.72,Following
1,Mx,North America,Food,trending,31,159693,12330,1331,stable,Lifestyle,Friday,Afternoon,101504.2,27,0.694,Following
1,Us,North America,Gaming,original,34,95884,7044,619,stable,Dance,Saturday,Evening,99230,15,0.762,ForYou
1,Mx,North America,Education,trending,10,216712,11972,1193,stable,Comedy,Tuesday,Night,87560.6,12,0.69,Search
1,Us,North America,News,trending,17,45076,2110,268,stable,Dance,Saturday,Afternoon,96533.9,22,0.794,ForYou
1,Us,North America,DIY,trending,55,149342,11239,984,rising,Comedy,Friday,Afternoon,85893.3,26,0.715,Following
1,Ca,North America,Beauty,licensed,28,36427,3968,264,rising,Comedy,Saturday,Evening,84206,23,0.704,External
1,Us,North America,Tech,trending,30,131432,6356,731,declining,Education,Friday,Evening,94693.5,24,0.813,External
1,Mx,North America,Finance,original,15,26007,1443,195,seasonal,Beauty,Friday,Evening,98301.3,22,0.633,ForYou
1,Us,North America,Pets,trending,14,12632,1018,149,seasonal,Fashion,Friday,Night,103877.5,22,0.536,External
1,Mx,North America,Sports,original,52,17564,1369,191,stable,Sports,Friday,Night,117060.9,24,0.829,Following
1,Mx,North America,Art,original,24,94148,5606,807,stable,Education,Saturday,Evening,83077.8,23,0.779,External
2,Ca,North America,Pets,licensed,76,18271,531,42,seasonal,Education,Monday,Afternoon,87635.1,30,0.721,Home
2,Us,North America,Beauty,trending,29,62882,4397,559,seasonal,Beauty,Wednesday,Afternoon,112761.3,21,0.548,Home
2,Us,North America,DIY,original,53,68017,2336,271,rising,Food,Thursday,Evening,124149.6,23,0.643,Search
2,Us,North America,Comedy,trending,40,26418,1211,109,rising,Beauty,Thursday,Afternoon,79263.6,27,0.688,Suggested
2,Us,North America,Finance,original,39,234644,10529,1520,declining,Beauty,Friday,Afternoon,97585.7,21,0.426,Suggested
2,Mx,North America,News,original,61,198179,10936,805,declining,Tech,Tuesday,Night,122780.7,23,0.59,Search
2,Us,North America,Art,licensed,56,65965,2427,316,declining,Food,Friday,Morning,87560.6,21,0.523,Suggested
1,Us,North America,Sports,trending,22,169947,26798,2124,rising,Education,Saturday,Evening,99230,18,0.768,ForYou
1,Mx,North America,Tech,original,19,186479,9298,866,seasonal,Comedy,Friday,Afternoon,129907.2,20,0.537,ForYou
1,Us,North America,Beauty,licensed,19,141561,7505,940,rising,Comedy,Sunday,Afternoon,120866.4,29,0.8,ForYou
1,Mx,North America,Finance,licensed,53,28265,1754,178,stable,Comedy,Wednesday,Afternoon,107610.4,25,0.706,ForYou
1,Mx,North America,Sports,original,34,114936,9619,1240,seasonal,Food,Friday,Afternoon,96938.3,23,0.579,ForYou
1,Mx,North America,News,trending,43,304925,11738,1357,seasonal,Tech,Wednesday,Evening,90345.1,24,0.656,ForYou
1,Us,North America,Beauty,trending,32,105686,9376,1204,rising,Sports,Sunday,Morning,127501.8,24,0.659,Search
1,Ca,North America,Comedy,trending,42,30444,2117,223,rising,Lifestyle,Sunday,Evening,89534.9,29,0.607,Search
1,Us,North America,Food,original,36,419572,31269,3737,seasonal,Music,Wednesday,Afternoon,88270.1,12,0.542,Search
1,Us,North America,Beauty,licensed,37,45129,3174,410,stable,Beauty,Monday,Evening,93727.3,20,0.519,ForYou
2,Us,North America,Travel,trending,49,25904,1181,164,declining,Lifestyle,Sunday,Evening,83079,25,0.669,Search
2,Us,North America,Finance,licensed,21,40755,2329,376,seasonal,Music,Sunday,Afternoon,78225,15,0.481,External
2,Ca,North America,Automotive,trending,12,18409,833,81,declining,Music,Tuesday,Evening,92542.5,26,0.525,Suggested
2,Ca,North America,Science,original,55,28051,672,78,seasonal,Fashion,Monday,Morning,101777.7,16,0.555,Suggested
2,Mx,North America,Beauty,original,40,14283,494,45,seasonal,Lifestyle,Thursday,Evening,116192.9,23,0.402,Search
2,Us,North America,Science,licensed,25,262214,12439,1832,declining,Lifestyle,Friday,Afternoon,107610.4,21,0.448,Home
2,Mx,North America,Fitness,trending,22,14181,518,63,declining,Beauty,Saturday,Afternoon,150203.4,30,0.727,Suggested
2,Us,North America,Comedy,trending,26,220920,7602,1103,seasonal,Travel,Wednesday,Evening,84030.9,17,0.531,Home
2,Mx,North America,News,licensed,34,98838,4029,485,stable,Music,Wednesday,Evening,94953.4,15,0.488,Home
2,Mx,North America,Science,original,58,386993,7790,1033,seasonal,Food,Monday,Afternoon,130473.1,14,0.457,Suggested
2,Us,North America,Pets,trending,25,180281,5043,531,stable,Fashion,Thursday,Evening,92277.3,18,0.484,Suggested
1,Mx,North America,Fashion,original,61,136153,10545,1246,declining,Fashion,Tuesday,Evening,108022.1,21,0.595,ForYou
1,Mx,North America,Beauty,trending,37,109233,5739,621,seasonal,Dance,Thursday,Evening,146427.8,22,0.549,External
1,Ca,North America,Pets,licensed,26,101139,7628,1149,declining,Food,Tuesday,Afternoon,90369.7,14,0.627,Following
1,Ca,North America,Fashion,original,24,163318,13335,1858,stable,Sports,Monday,Evening,81063.8,22,0.671,ForYou
2,Mx,North America,Science,original,38,945595,21491,2487,declining,Music,Friday,Night,97585.7,26,0.461,Search
2,Ca,North America,Automotive,trending,48,85673,3860,268,seasonal,Pets,Friday,Evening,108840.2,22,0.665,Home
2,Mx,North America,DIY,original,50,14534,456,70,seasonal,Comedy,Friday,Evening,96938.3,17,0.484,Suggested
2,Mx,North America,Sports,original,37,81012,3422,309,declining,Fashion,Wednesday,Morning,87019.9,19,0.454,Home
2,Mx,North America,Beauty,original,25,154342,9724,944,rising,Pets,Friday,Evening,78433.1,22,0.668,Home
2,Ca,North America,Music,licensed,28,53064,2625,370,rising,Travel,Saturday,Evening,95201.4,20,0.729,Suggested
1,Ca,North America,Music,original,42,40007,2653,301,declining,Food,Friday,Evening,88159.6,20,0.755,Search
1,Mx,North America,Fashion,original,39,36637,3198,413,rising,Lifestyle,Thursday,Morning,94693.5,22,0.605,ForYou
1,Mx,North America,Art,licensed,31,182690,14016,1396,stable,Education,Friday,Evening,122702.4,18,0.623,ForYou
1,Mx,North America,Beauty,trending,30,197007,19625,1412,rising,Gaming,Friday,Evening,91096.1,29,0.56,ForYou
1,Ca,North America,Pets,original,29,253007,11897,1135,declining,Pets,Tuesday,Night,134127,17,0.531,ForYou
1,Ca,North America,Science,original,32,21538,1435,200,stable,Food,Friday,Evening,97756.8,19,0.753,External
1,Mx,North America,News,trending,31,62063,5677,726,declining,Education,Friday,Evening,127501.8,27,0.658,External
1,Ca,North America,News,trending,9,334115,33999,3264,stable,Tech,Saturday,Afternoon,107116.8,31,0.822,Following
1,Mx,North America,Fitness,trending,26,248739,8933,654,rising,Travel,Tuesday,Afternoon,96533.9,19,0.531,ForYou
1,Mx,North America,Beauty,original,24,12561,1374,114,seasonal,Music,Friday,Afternoon,76647.2,15,0.838,ForYou
2,Ca,North America,Music,licensed,19,85101,3146,274,stable,Tech,Thursday,Evening,105639.6,23,0.532,Home
2,Ca,North America,Lifestyle,original,49,16596,557,80,rising,Comedy,Sunday,Morning,93389,26,0.6,Home
2,Us,North America,Gaming,trending,42,516367,13478,1705,rising,Education,Saturday,Evening,117704,25,0.74,Home
2,Mx,North America,Beauty,trending,41,103131,2166,233,stable,Comedy,Saturday,Night,74310.1,19,0.656,Search
2,Mx,North America,DIY,original,50,188167,7743,907,declining,Pets,Tuesday,Night,109654.6,19,0.7,Suggested
2,Ca,North America,Sports,licensed,15,21245,719,67,declining,Education,Thursday,Evening,86230.4,27,0.42,Home
2,Mx,North America,Fitness,licensed,52,197848,10222,1327,rising,Fashion,Saturday,Night,84611.9,21,0.615,Home
2,Ca,North America,Gaming,original,90,25010,633,62,seasonal,Pets,Monday,Afternoon,129907.2,20,0.522,Home
2,Mx,North America,Art,original,23,185861,7400,493,rising,Beauty,Saturday,Morning,120443.3,22,0.478,Search
1,Ca,North America,Beauty,licensed,47,75632,7388,833,rising,Fashion,Friday,Evening,169079.9,20,0.787,Search
1,Us,North America,Travel,licensed,41,102657,11947,1431,seasonal,Comedy,Sunday,Evening,105983.5,29,0.839,Following
1,Ca,North America,Finance,licensed,39,32115,2111,249,rising,Gaming,Tuesday,Night,106295.8,27,0.823,ForYou
1,Us,North America,Finance,trending,13,19744,1323,193,declining,Food,Thursday,Evening,66508.8,20,0.654,ForYou
1,Us,North America,Education,original,44,150669,13916,1358,stable,Lifestyle,Friday,Evening,107717.7,26,0.75,Following
1,Mx,North America,Science,trending,33,50036,3015,326,rising,Dance,Sunday,Afternoon,129372.5,17,0.567,Search
1,Ca,North America,Pets,original,46,91372,11384,1103,stable,Pets,Sunday,Afternoon,98122.4,20,0.672,Search
1,Us,North America,Comedy,licensed,29,87741,6790,802,rising,Fashion,Thursday,Evening,81626.7,18,0.824,Following
1,Ca,North America,Finance,licensed,37,216321,9722,1615,seasonal,Dance,Thursday,Evening,91380.1,25,0.614,ForYou
1,Us,North America,Science,trending,33,77649,5417,864,declining,Food,Monday,Night,115103.2,14,0.806,Search
2,Us,North America,News,original,28,36733,2834,256,stable,Music,Tuesday,Morning,101520.1,28,0.571,External
2,Mx,North America,Music,trending,29,41468,1979,163,declining,Comedy,Wednesday,Evening,118088.6,21,0.524,Search
2,Us,North America,Gaming,original,15,74588,3340,399,stable,Sports,Sunday,Evening,98432,26,0.7,Suggested
2,Mx,North America,Science,licensed,24,231483,6965,705,stable,Fashion,Wednesday,Afternoon,119306.4,22,0.596,Suggested
2,Ca,North America,News,trending,90,49361,2392,257,stable,Gaming,Wednesday,Evening,95029.2,28,0.442,Search
2,Mx,North America,Tech,original,31,313471,9097,1215,seasonal,Sports,Tuesday,Evening,103877.5,26,0.571,Home
2,Us,North America,Comedy,original,17,109099,4757,616,rising,Beauty,Friday,Afternoon,103117.8,22,0.741,Suggested
2,Us,North America,Fitness,original,42,145832,10298,1512,seasonal,Sports,Sunday,Afternoon,115624.3,28,0.748,Home
2,Mx,North America,Music,trending,27,84096,1758,122,declining,Education,Friday,Evening,92871.7,32,0.507,Home
2,Us,North America,Comedy,licensed,30,363695,9088,1247,declining,Music,Saturday,Afternoon,97201.9,23,0.74,Suggested
2,Mx,North America,Music,original,26,116575,3039,253,declining,Music,Friday,Evening,97042.8,28,0.554,External
2,Us,North America,Automotive,licensed,41,336533,18825,2892,stable,Music,Sunday,Night,101355.4,26,0.402,Home
1,Mx,North America,Science,licensed,20,25477,952,96,rising,Pets,Friday,Evening,111908.5,17,0.565,ForYou
1,Mx,North America,Food,original,47,305305,14210,1127,declining,Beauty,Tuesday,Night,162949.3,25,0.706,External
1,Ca,North America,Fashion,licensed,18,19363,934,68,seasonal,Food,Sunday,Afternoon,44841.3,15,0.733,Search
1,Ca,North America,Lifestyle,licensed,15,118449,10263,1484,seasonal,Pets,Tuesday,Evening,100554.5,19,0.573,ForYou
1,Mx,North America,Art,original,10,29313,1419,191,rising,Food,Sunday,Evening,93418,27,0.68,Following
1,Ca,North America,Pets,licensed,19,102268,13445,1908,seasonal,Gaming,Monday,Afternoon,107955.4,27,0.6,ForYou
1,Mx,North America,Education,trending,33,53440,2683,243,declining,Lifestyle,Wednesday,Afternoon,87461.6,29,0.552,ForYou
1,Ca,North America,Tech,original,21,169994,8478,827,declining,Sports,Sunday,Morning,91094.5,28,0.767,ForYou
1,Us,North America,Art,original,28,40317,3103,300,declining,Pets,Friday,Afternoon,162949.3,19,0.8,External
1,Us,North America,Pets,original,51,54729,2800,446,declining,Lifestyle,Monday,Afternoon,134127,22,0.837,ForYou
1,Us,North America,Tech,original,34,9095,966,100,declining,Fashion,Friday,Evening,118634.1,20,0.812,Following
1,Mx,North America,Art,trending,37,17801,847,87,rising,Travel,Sunday,Night,97756.8,27,0.595,Search
1,Ca,North America,Automotive,licensed,27,32502,1582,182,seasonal,Dance,Thursday,Evening,121668.7,25,0.767,Following
2,Mx,North America,News,licensed,58,186762,6118,723,rising,Education,Sunday,Evening,108368.7,16,0.433,Home
2,Ca,North America,Pets,original,18,10065,354,42,rising,Comedy,Tuesday,Evening,92903,11,0.711,Suggested
2,Mx,North America,Food,licensed,61,36655,1600,163,rising,Music,Tuesday,Evening,98396.5,26,0.662,Suggested
2,Ca,North America,Pets,licensed,87,41874,1585,107,seasonal,Pets,Friday,Afternoon,87499.9,17,0.629,Home
2,Mx,North America,Gaming,trending,28,57647,2958,211,rising,Travel,Friday,Evening,121668.7,17,0.543,Search
2,Us,North America,Tech,original,50,137539,6330,793,seasonal,Pets,Saturday,Evening,112791.6,24,0.482,Home
2,Ca,North America,DIY,original,47,10288,431,49,stable,Music,Saturday,Morning,141736.2,28,0.491,External
2,Mx,North America,Education,licensed,71,36123,1501,173,stable,Food,Tuesday,Evening,127501.8,14,0.544,Home
2,Mx,North America,Comedy,original,22,92460,3652,280,declining,Beauty,Saturday,Morning,106317.9,21,0.459,Suggested
2,Ca,North America,Travel,original,37,32673,1932,196,seasonal,Sports,Sunday,Evening,102923.2,22,0.538,Suggested
2,Mx,North America,Fitness,trending,23,25604,756,107,rising,Sports,Friday,Evening,102500.9,26,0.461,Suggested
2,Ca,North America,Automotive,original,40,340477,10018,1197,rising,Music,Friday,Afternoon,117464.6,15,0.442,Home
1,Us,North America,Music,trending,19,88625,5550,610,seasonal,Music,Monday,Evening,82782.7,23,0.653,Following
1,Mx,North America,Science,original,28,21034,2406,313,seasonal,Lifestyle,Saturday,Night,103134.2,30,0.589,Following
1,Ca,North America,Gaming,licensed,30,471730,24564,2547,seasonal,Food,Friday,Evening,105870.4,16,0.73,Following
1,Ca,North America,Gaming,licensed,28,41018,3162,316,stable,Comedy,Tuesday,Night,107658,13,0.636,Search
1,Us,North America,Art,original,15,46411,2370,241,rising,Travel,Friday,Evening,132796.4,23,0.527,External
1,Ca,North America,Fashion,trending,14,33612,1288,134,seasonal,Pets,Sunday,Morning,121071.3,26,0.586,ForYou
1,Ca,North America,Fitness,trending,23,43059,3924,368,declining,Food,Saturday,Evening,85903.6,29,0.561,ForYou
1,Ca,North America,Sports,original,37,36631,2966,473,rising,Food,Wednesday,Morning,99935.9,24,0.622,Following
1,Mx,North America,Tech,original,16,44268,3746,531,seasonal,Beauty,Thursday,Evening,114010.2,22,0.538,ForYou
1,Ca,North America,Music,original,17,126140,3829,334,rising,Lifestyle,Friday,Afternoon,98246.3,19,0.747,ForYou
1,Mx,North America,Finance,trending,32,140905,8143,994,seasonal,Dance,Friday,Afternoon,96403.9,17,0.75,ForYou
1,Mx,North America,Science,licensed,36,149478,10119,885,stable,Pets,Friday,Evening,92655.5,17,0.514,External
2,Us,North America,Fitness,trending,30,335762,19508,2180,rising,Lifestyle,Friday,Evening,82901.5,23,0.55,Suggested
2,Us,North America,Gaming,licensed,39,65985,2987,424,stable,Music,Friday,Night,112406,26,0.449,External
1,Us,North America,Science,trending,31,234124,19469,2161,declining,Pets,Friday,Afternoon,95580.2,17,0.768,ForYou
1,Us,North America,Pets,licensed,32,70968,5633,509,seasonal,Food,Friday,Evening,76801.3,23,0.747,External
1,Us,North America,Sports,original,58,62446,2555,258,rising,Fashion,Wednesday,Evening,72836.1,23,0.569,ForYou
1,Ca,North America,Automotive,original,16,19827,1615,143,declining,Gaming,Friday,Evening,107322.2,23,0.662,External
1,Us,North America,Fashion,licensed,26,209303,19183,2125,declining,Pets,Friday,Evening,92542.5,26,0.527,Following
1,Mx,North America,Fashion,trending,52,16350,1402,91,rising,Tech,Sunday,Evening,109255,31,0.712,ForYou
1,Mx,North America,Education,original,22,482971,21370,1452,rising,Comedy,Friday,Afternoon,95029.2,14,0.691,ForYou
1,Us,North America,Food,original,30,70650,5616,753,declining,Gaming,Friday,Night,97756.8,29,0.807,External
1,Mx,North America,Art,original,19,89567,6787,572,stable,Lifestyle,Wednesday,Evening,99737.6,23,0.616,ForYou
1,Us,North America,Finance,licensed,25,56099,2021,148,seasonal,Music,Tuesday,Afternoon,92655.5,26,0.744,Search
1,Us,North America,Automotive,original,16,97195,6506,1057,rising,Tech,Saturday,Afternoon,132974.8,24,0.731,ForYou
1,Us,North America,Comedy,original,52,45865,2806,255,declining,Music,Friday,Evening,102133.2,26,0.546,External
1,Mx,North America,Gaming,trending,21,62290,3563,295,rising,Sports,Monday,Afternoon,86230.4,25,0.633,External
1,Us,North America,Comedy,trending,38,20005,1459,233,rising,Comedy,Thursday,Morning,87740.9,28,0.637,Following
1,Us,North America,Pets,licensed,20,28743,2433,192,rising,Comedy,Friday,Evening,97756.8,12,0.645,Search
1,Us,North America,Automotive,licensed,19,13938,723,51,declining,Education,Thursday,Afternoon,117060.9,35,0.821,ForYou
1,Ca,North America,Art,licensed,16,78558,8177,991,seasonal,Beauty,Saturday,Night,107610.4,24,0.65,ForYou
2,Mx,North America,Food,licensed,67,167412,4776,579,rising,Gaming,Saturday,Afternoon,88159.6,28,0.413,Search
2,Us,North America,Sports,original,32,39550,2523,213,declining,Tech,Friday,Afternoon,85804.6,29,0.509,Home
2,Mx,North America,Music,trending,44,49814,1195,104,declining,Beauty,Saturday,Evening,80254.8,28,0.5,Home
2,Us,North America,Science,licensed,27,269666,9400,1243,seasonal,Comedy,Thursday,Evening,94693.5,13,0.711,Suggested
2,Ca,North America,Education,original,34,36862,906,79,seasonal,Food,Sunday,Evening,97490.1,23,0.553,Suggested
2,Ca,North America,Travel,trending,59,138419,5274,347,stable,Gaming,Wednesday,Evening,106362.4,28,0.746,Home
2,Us,North America,Finance,original,45,323336,18121,2456,rising,Beauty,Sunday,Evening,94810.9,18,0.644,Home
2,Us,North America,Art,trending,40,69564,4240,436,rising,Lifestyle,Tuesday,Evening,109086.8,22,0.558,External
2,Us,North America,Tech,licensed,44,231239,6845,599,rising,Lifestyle,Tuesday,Evening,108022.1,22,0.434,Suggested
1,Mx,North America,Education,original,29,65252,3899,527,seasonal,Pets,Monday,Afternoon,87790.4,24,0.686,Following
1,Mx,North America,Automotive,licensed,41,33870,1789,132,rising,Lifestyle,Friday,Afternoon,94693.5,24,0.841,ForYou
1,Us,North America,Science,trending,21,21019,1574,216,declining,Food,Tuesday,Night,85683.8,20,0.69,Search
1,Mx,North America,Beauty,licensed,46,82614,7102,958,stable,Education,Sunday,Night,101280.2,32,0.733,Following
1,Ca,North America,Gaming,trending,14,24618,1235,88,rising,Tech,Friday,Morning,83527.1,29,0.657,Following
1,Ca,North America,Finance,trending,14,11628,1090,83,declining,Gaming,Friday,Night,123148.2,28,0.75,ForYou
1,Us,North America,Science,original,11,13613,479,42,stable,Lifestyle,Tuesday,Afternoon,87740.9,30,0.736,ForYou
1,Mx,North America,Music,original,20,36562,2003,212,stable,Gaming,Friday,Evening,96398.5,28,0.67,ForYou
1,Ca,North America,Tech,trending,13,81320,6747,813,stable,Beauty,Friday,Morning,102408.3,20,0.638,ForYou
1,Ca,North America,Automotive,trending,46,192424,11405,1042,declining,Tech,Friday,Afternoon,81314.2,31,0.739,Following
2,Us,North America,News,original,54,32529,1213,106,rising,Dance,Saturday,Evening,85253.7,20,0.53,Search
2,Ca,North America,Pets,licensed,21,170662,8762,1152,stable,Food,Friday,Night,88159.6,24,0.652,Home
2,Ca,North America,Automotive,original,43,27134,760,96,rising,Pets,Wednesday,Evening,109258.2,20,0.544,Search
2,Mx,North America,Automotive,original,12,34257,1215,180,stable,Sports,Sunday,Evening,124662.1,26,0.55,External
2,Ca,North America,Pets,original,23,27203,824,104,declining,Tech,Monday,Evening,116864.6,24,0.704,Suggested
2,Mx,North America,DIY,original,44,52017,1716,234,rising,Dance,Monday,Evening,84155.1,20,0.748,Suggested
1,Ca,North America,Lifestyle,original,22,73103,3909,268,seasonal,Pets,Saturday,Afternoon,96043.8,26,0.791,ForYou
1,Ca,North America,DIY,original,37,60878,4414,368,rising,Pets,Sunday,Evening,87413.2,19,0.697,Search
1,Mx,North America,Travel,trending,44,51224,4480,566,rising,Food,Friday,Morning,127439.6,22,0.734,ForYou
1,Mx,North America,Music,trending,28,62957,4490,447,stable,Sports,Friday,Evening,94953.4,26,0.675,ForYou
1,Ca,North America,Sports,trending,22,81946,5694,701,declining,Dance,Saturday,Evening,83277.8,24,0.577,ForYou
1,Ca,North America,Automotive,original,59,31079,3586,358,declining,Beauty,Sunday,Morning,80018.9,27,0.563,Following
1,Ca,North America,Food,licensed,22,80741,5914,472,stable,Travel,Monday,Afternoon,81001,19,0.764,ForYou
1,Us,North America,Music,licensed,45,11240,1355,190,seasonal,Gaming,Monday,Evening,85683.8,29,0.629,ForYou
1,Us,North America,Science,original,31,32746,2607,271,rising,Lifestyle,Thursday,Afternoon,101613,29,0.552,ForYou
2,Us,North America,Comedy,trending,33,44529,1817,258,declining,Beauty,Thursday,Evening,81897,28,0.497,Suggested
2,Mx,North America,Sports,trending,51,21111,637,78,seasonal,Beauty,Sunday,Evening,92069.4,30,0.627,Home
2,Us,North America,News,licensed,24,129583,7176,462,seasonal,DIY,Thursday,Night,106288.7,19,0.479,Home
2,Ca,North America,News,trending,61,14899,733,105,declining,Comedy,Friday,Night,89929.7,18,0.721,Home
2,Mx,North America,Travel,licensed,29,108181,4196,512,declining,Travel,Sunday,Afternoon,92655.5,23,0.683,Suggested
2,Us,North America,Beauty,trending,25,187591,5529,684,declining,Beauty,Friday,Evening,108139.9,22,0.472,Search
1,Us,North America,Lifestyle,original,18,91143,7161,768,stable,Comedy,Wednesday,Evening,79760.5,20,0.589,ForYou
1,Ca,North America,Sports,original,19,197198,13356,2012,declining,Lifestyle,Tuesday,Evening,77464.1,23,0.847,Search
1,Ca,North America,Science,original,75,17844,1360,198,seasonal,Tech,Sunday,Evening,99253.8,26,0.768,Following
1,Mx,North America,Automotive,original,40,55681,4666,473,stable,Gaming,Wednesday,Evening,102500.9,25,0.52,ForYou
1,Us,North America,Education,trending,21,254766,14662,2303,declining,Education,Thursday,Morning,99258.8,18,0.69,ForYou
1,Ca,North America,Lifestyle,trending,15,43438,2924,318,declining,Pets,Wednesday,Night,81411.1,22,0.667,External
1,Us,North America,Food,trending,14,55919,3419,249,stable,Tech,Thursday,Evening,106288.7,24,0.843,ForYou
1,Mx,North America,Comedy,trending,20,14014,882,70,stable,Gaming,Thursday,Afternoon,100659.5,25,0.61,ForYou
1,Us,North America,Gaming,licensed,47,94053,8326,1230,rising,Education,Monday,Morning,91694.7,16,0.721,External
1,Us,North America,Food,trending,32,52801,2453,228,seasonal,Gaming,Thursday,Evening,109086.8,28,0.725,ForYou
1,Us,North America,Travel,original,32,277672,19691,2901,stable,Sports,Sunday,Evening,99737.6,24,0.638,Following
1,Ca,North America,Fitness,original,19,23264,1066,112,seasonal,Travel,Tuesday,Night,90488.4,22,0.647,Following
1,Us,North America,Food,trending,33,8340,587,45,stable,Gaming,Wednesday,Afternoon,141736.2,27,0.561,ForYou
1,Mx,North America,Finance,trending,33,171301,15656,2183,stable,Education,Friday,Evening,129372.5,18,0.806,ForYou
1,Mx,North America,Fitness,licensed,38,84851,7762,1068,declining,Beauty,Friday,Morning,98045.2,24,0.671,Search
1,Us,North America,Food,licensed,43,261209,16442,2482,declining,Dance,Wednesday,Afternoon,106288.7,22,0.605,ForYou
1,Mx,North America,Sports,licensed,32,33887,2224,303,declining,Fashion,Sunday,Evening,130473.1,21,0.65,External
1,Us,North America,Travel,trending,41,96026,6105,803,seasonal,Beauty,Saturday,Afternoon,91634.1,22,0.729,ForYou
1,Mx,North America,DIY,original,29,59438,5128,607,stable,Comedy,Wednesday,Evening,90488.4,20,0.762,ForYou
1,Ca,North America,Art,original,25,87161,5619,877,declining,DIY,Monday,Evening,94740.9,21,0.816,ForYou
1,Ca,North America,Lifestyle,trending,36,6656,303,34,seasonal,Fashion,Sunday,Afternoon,103719.6,21,0.511,External
2,Mx,North America,Gaming,original,42,17509,502,66,seasonal,Beauty,Thursday,Night,89981.8,22,0.726,External
2,Us,North America,Comedy,trending,48,95860,2299,187,stable,Fashion,Sunday,Afternoon,139280.8,20,0.415,Search
2,Us,North America,Fashion,trending,76,59726,3592,232,rising,Fashion,Friday,Evening,92656.5,20,0.662,Search
2,Us,North America,News,licensed,52,8890,334,27,stable,Beauty,Thursday,Evening,98246.3,28,0.685,Search
2,Ca,North America,Gaming,licensed,57,53635,2718,184,stable,Food,Friday,Afternoon,98366.2,24,0.553,Suggested
2,Mx,North America,Tech,trending,62,50317,1934,186,rising,Lifestyle,Friday,Morning,101280.2,24,0.571,Suggested
2,Ca,North America,Science,licensed,55,56015,1418,183,rising,Gaming,Sunday,Afternoon,95967.2,28,0.551,Home
2,Mx,North America,Tech,original,35,76521,2336,211,seasonal,Music,Saturday,Evening,111539.1,23,0.637,Suggested
1,Ca,North America,Tech,trending,19,103153,5933,622,seasonal,Travel,Monday,Night,96325,25,0.816,ForYou
1,Ca,North America,Food,trending,23,99848,9732,1270,declining,Food,Monday,Evening,83485.9,18,0.513,ForYou
1,Mx,North America,Art,trending,26,71588,6156,818,declining,Sports,Friday,Evening,78162.1,22,0.808,ForYou
1,Ca,North America,Education,trending,27,237651,16767,1378,rising,Pets,Friday,Afternoon,103279.3,22,0.544,Following
1,Us,North America,Fashion,original,16,29614,2873,256,declining,Education,Saturday,Night,103129.6,18,0.831,ForYou
1,Ca,North America,Music,original,56,32560,2271,222,declining,Lifestyle,Friday,Night,101378.8,25,0.805,Following
1,Ca,North America,Lifestyle,original,18,56149,4803,747,declining,Fashion,Friday,Afternoon,98612.5,21,0.55,ForYou
1,Mx,North America,Finance,licensed,18,61057,3340,481,seasonal,Beauty,Friday,Afternoon,109040.9,29,0.567,ForYou
1,Us,North America,News,licensed,30,90107,5227,625,declining,Beauty,Friday,Evening,121071.3,23,0.577,ForYou
1,Mx,North America,News,licensed,24,43247,3901,265,rising,Fashion,Friday,Evening,94621.9,21,0.821,Following
1,Us,North America,Food,trending,25,39149,1717,206,stable,Dance,Sunday,Afternoon,107955.4,22,0.592,ForYou
1,Mx,North America,DIY,trending,26,118714,12415,971,declining,Music,Saturday,Evening,96805.5,23,0.777,ForYou
1,Ca,North America,Gaming,licensed,16,26685,1603,210,stable,Travel,Saturday,Afternoon,83156.5,20,0.625,ForYou
1,Us,North America,Gaming,original,38,39716,3840,571,declining,Pets,Saturday,Afternoon,94621.9,26,0.513,External
1,Ca,North America,Tech,licensed,26,86408,8280,732,seasonal,DIY,Saturday,Morning,109552,19,0.654,ForYou
1,Mx,North America,Tech,original,20,255207,20684,1816,rising,Gaming,Friday,Evening,84501.2,26,0.555,ForYou
1,Ca,North America,Tech,original,12,49609,3692,316,declining,Pets,Monday,Evening,82901.5,22,0.508,ForYou
1,Us,North America,Lifestyle,trending,20,58031,4133,571,stable,Music,Tuesday,Evening,70602,23,0.665,External
1,Mx,North America,Pets,licensed,25,23258,1875,198,stable,Education,Monday,Evening,86520.6,29,0.712,ForYou
2,Mx,North America,Automotive,licensed,28,29128,747,115,declining,Tech,Sunday,Evening,100129.4,29,0.639,Home
2,Us,North America,Fitness,licensed,13,151107,9801,644,seasonal,Dance,Sunday,Night,90369.7,22,0.569,Search
2,Mx,North America,Lifestyle,original,28,37862,1925,221,rising,Fashion,Wednesday,Night,88276,20,0.504,Search
2,Mx,North America,Sports,licensed,24,329391,8266,581,seasonal,Lifestyle,Friday,Evening,89258.4,24,0.558,Home
2,Ca,North America,Sports,licensed,58,20337,732,122,seasonal,Comedy,Saturday,Morning,84461,24,0.459,Home
2,Ca,North America,Comedy,licensed,39,24034,890,65,rising,Comedy,Friday,Night,71037.7,20,0.533,Suggested
2,Mx,North America,Science,licensed,31,55103,1803,225,stable,Food,Saturday,Night,99598.4,21,0.735,Home
1,Mx,North America,Science,original,40,23875,1947,192,seasonal,Lifestyle,Friday,Night,71821.7,21,0.807,ForYou
1,Us,North America,DIY,original,61,321461,27487,2296,declining,Fashion,Tuesday,Evening,91145.8,19,0.761,External
1,Us,North America,Music,trending,20,50455,4323,443,seasonal,Gaming,Thursday,Evening,107610.4,30,0.5,ForYou
1,Ca,North America,Sports,licensed,51,9181,575,84,declining,Tech,Friday,Morning,91901.2,29,0.818,ForYou
1,Us,North America,Gaming,trending,28,18937,1341,111,stable,Pets,Friday,Evening,78146.6,26,0.543,ForYou
1,Mx,North America,Finance,licensed,17,130317,9423,1339,declining,Music,Wednesday,Afternoon,96431.7,26,0.641,ForYou
1,Ca,North America,DIY,original,41,58897,2602,280,stable,Fashion,Friday,Evening,82588.7,21,0.6,ForYou
1,Mx,North America,Tech,trending,39,285782,17396,1159,declining,Beauty,Friday,Evening,82782.7,22,0.59,ForYou
1,Us,North America,Pets,original,55,127070,4930,711,seasonal,Beauty,Sunday,Morning,78592,27,0.535,External
1,Ca,North America,News,original,20,249064,13395,1161,declining,Tech,Sunday,Morning,84424.3,26,0.725,ForYou
1,Mx,North America,Beauty,trending,20,118738,7595,735,rising,Pets,Wednesday,Evening,75220.9,26,0.625,ForYou
1,Us,North America,Science,trending,35,86322,7031,732,stable,Comedy,Monday,Afternoon,85373.7,31,0.794,Following
1,Ca,North America,Food,original,22,19582,1081,147,rising,Travel,Tuesday,Morning,86157.4,20,0.732,ForYou
1,Us,North America,Beauty,licensed,23,518438,35670,4540,rising,Tech,Friday,Evening,67358,24,0.57,ForYou
1,Us,North America,News,licensed,46,6793,209,23,stable,Tech,Sunday,Evening,92655.5,29,0.524,ForYou
1,Us,North America,Lifestyle,trending,40,24125,2258,282,rising,Pets,Saturday,Evening,102133.2,24,0.505,ForYou
2,Mx,North America,Sports,licensed,32,24259,767,58,seasonal,Comedy,Thursday,Evening,91094.5,16,0.719,Suggested
2,Ca,North America,DIY,licensed,35,88832,1864,219,declining,Food,Monday,Evening,99869.9,23,0.726,Suggested
2,Mx,North America,News,original,19,70306,1652,185,rising,Sports,Wednesday,Evening,86035.1,24,0.574,Search
1,Mx,North America,Travel,licensed,42,141966,9668,1314,seasonal,Food,Friday,Evening,86547.9,16,0.702,ForYou
1,Us,North America,Fitness,licensed,9,35196,2644,379,declining,Education,Sunday,Evening,84783.6,22,0.5,ForYou
1,Mx,North America,Finance,licensed,59,45397,5707,742,rising,Comedy,Thursday,Evening,94144.9,18,0.658,ForYou
1,Us,North America,Automotive,licensed,36,12962,1102,106,stable,Pets,Monday,Night,120866.4,20,0.761,ForYou
1,Ca,North America,News,licensed,28,19476,2004,187,declining,Beauty,Saturday,Evening,80254.8,25,0.65,ForYou
1,Us,North America,News,licensed,19,198695,9088,1061,declining,Dance,Wednesday,Night,123924.6,25,0.658,External
1,Ca,North America,Beauty,trending,15,121641,10643,1323,seasonal,Education,Saturday,Night,79760.5,22,0.633,Following
1,Mx,North America,Sports,trending,43,17715,1560,246,rising,Comedy,Saturday,Evening,84611.9,22,0.651,ForYou
1,Ca,North America,Lifestyle,trending,63,67376,6623,583,seasonal,Music,Tuesday,Evening,92140.4,23,0.554,ForYou
2,Ca,North America,Science,licensed,31,342616,12428,1409,declining,Travel,Tuesday,Night,104142.7,27,0.445,Suggested
2,Ca,North America,Travel,original,40,36862,1061,124,rising,Lifestyle,Saturday,Evening,96474.3,30,0.608,Home
2,Mx,North America,Lifestyle,trending,17,67943,2304,200,rising,Lifestyle,Saturday,Evening,93827.6,30,0.565,Search
2,Us,North America,Beauty,original,34,47409,1976,182,seasonal,Gaming,Friday,Evening,108537.2,24,0.429,Home
2,Mx,North America,Tech,licensed,24,128584,5173,760,stable,Music,Friday,Afternoon,96533.9,26,0.488,Search
2,Us,North America,Art,licensed,19,15190,324,36,declining,Sports,Saturday,Afternoon,93663.5,26,0.711,Search
2,Mx,North America,News,original,41,121756,8411,1018,rising,Sports,Tuesday,Afternoon,100507.4,26,0.495,Home
2,Ca,North America,Art,original,45,26554,1152,145,rising,Fashion,Friday,Evening,101422.3,19,0.431,Home
2,Us,North America,Music,licensed,55,93323,3309,420,declining,Education,Sunday,Afternoon,84501.2,28,0.665,Search
2,Ca,North America,DIY,trending,51,41180,1261,148,rising,Beauty,Sunday,Evening,89074.1,22,0.522,Search
1,Us,North America,Food,trending,38,139596,6765,1047,rising,Fashion,Sunday,Night,92280.2,18,0.566,Search
1,Mx,North America,Music,original,15,32414,1929,249,rising,Lifestyle,Sunday,Evening,72836.1,24,0.813,ForYou
1,Ca,North America,Gaming,trending,42,139635,9280,1332,seasonal,Beauty,Friday,Afternoon,111632,24,0.502,ForYou
1,Mx,North America,Food,trending,16,222777,19337,1777,declining,Tech,Thursday,Afternoon,79742.9,24,0.712,External
1,Us,North America,Food,trending,18,33213,1894,243,rising,Pets,Sunday,Evening,134259.1,24,0.817,ForYou
1,Us,North America,Beauty,original,18,92298,5830,367,stable,Travel,Saturday,Afternoon,141736.2,29,0.722,External
1,Ca,North America,Fashion,original,25,62207,3630,310,seasonal,Dance,Friday,Night,86941.3,15,0.528,ForYou
2,Mx,North America,Fitness,trending,28,109553,4634,390,rising,Beauty,Monday,Night,96426.1,21,0.482,Suggested
2,Ca,North America,Music,licensed,24,60501,1948,249,stable,Pets,Friday,Night,81974.4,26,0.617,Home
2,Mx,North America,Pets,original,68,10656,386,45,seasonal,Gaming,Monday,Evening,83277.8,29,0.422,Suggested
2,Ca,North America,Travel,trending,42,74742,3684,277,rising,Beauty,Wednesday,Evening,95029.2,22,0.474,Home
2,Ca,North America,Music,original,43,135538,4703,683,declining,Tech,Tuesday,Night,99969.1,29,0.595,Suggested
2,Us,North America,Education,trending,59,352303,13516,1876,stable,Tech,Tuesday,Evening,138884.6,24,0.659,Suggested
1,Ca,North America,Fashion,licensed,22,37445,2209,328,seasonal,Pets,Tuesday,Evening,99253.8,22,0.814,External
1,Us,North America,Automotive,original,29,20949,1510,201,seasonal,Education,Sunday,Evening,81860.4,35,0.824,Search
1,Mx,North America,News,trending,16,69563,3879,468,seasonal,Lifestyle,Sunday,Evening,84510.2,27,0.688,ForYou
1,Us,North America,Food,licensed,34,76002,5339,451,seasonal,Gaming,Sunday,Evening,126011.3,27,0.806,ForYou
1,Ca,North America,Fashion,original,32,63132,4299,584,declining,Sports,Friday,Night,129907.2,28,0.841,ForYou
1,Us,North America,Food,original,36,80296,6492,785,rising,Travel,Sunday,Evening,102133.2,24,0.842,ForYou
1,Us,North America,Lifestyle,licensed,36,42057,3478,546,seasonal,Lifestyle,Friday,Evening,70232.9,27,0.514,ForYou
1,Us,North America,Science,trending,48,95904,5415,539,seasonal,Travel,Friday,Afternoon,115711.4,24,0.548,Search
2,Ca,North America,Comedy,original,31,104174,4314,321,seasonal,Comedy,Friday,Evening,102647.6,27,0.735,Suggested
2,Ca,North America,Education,original,90,89441,3198,340,declining,Gaming,Wednesday,Evening,104175.6,30,0.608,Home
2,Us,North America,Automotive,trending,43,18174,729,51,stable,Food,Friday,Afternoon,91960.4,24,0.495,Suggested
2,Mx,North America,Science,original,18,9422,184,24,stable,Fashion,Sunday,Afternoon,97125.1,18,0.6,Home
2,Us,North America,News,original,10,179768,8923,734,rising,Sports,Thursday,Morning,104158.3,22,0.48,Search
2,Ca,North America,News,original,19,74089,4969,576,stable,Music,Friday,Night,91901.2,23,0.732,Home
2,Us,North America,Music,original,64,13591,730,100,stable,Pets,Sunday,Evening,108133.7,20,0.444,Suggested
2,Mx,North America,Automotive,trending,49,53533,1993,171,seasonal,Comedy,Tuesday,Afternoon,87740.9,11,0.645,Home
2,Mx,North America,Travel,original,56,237341,6321,1045,rising,Tech,Friday,Afternoon,98396.5,31,0.504,Home
2,Us,North America,Education,licensed,19,78070,3280,369,seasonal,Fashion,Thursday,Morning,90345.1,21,0.453,Search
1,Mx,North America,Food,trending,36,42067,4060,348,rising,Dance,Sunday,Evening,87499.9,23,0.606,Search
1,Ca,North America,Tech,licensed,27,284297,15554,1713,stable,Tech,Friday,Afternoon,87413.2,23,0.833,Following
1,Us,North America,Pets,trending,30,62695,4160,656,rising,Gaming,Friday,Afternoon,91380.1,27,0.843,ForYou
1,Mx,North America,DIY,trending,24,38517,2078,303,rising,Fashion,Monday,Evening,91145.8,18,0.812,ForYou
1,Us,North America,Fashion,licensed,19,139911,11510,855,rising,Food,Saturday,Evening,89114.6,14,0.616,ForYou
1,Us,North America,Food,original,43,9486,883,127,seasonal,Beauty,Sunday,Evening,113293.7,29,0.593,ForYou
1,Mx,North America,Education,original,33,19961,976,126,stable,Sports,Friday,Evening,83277.8,22,0.521,External
1,Mx,North America,Finance,licensed,28,47005,3317,508,rising,Lifestyle,Wednesday,Evening,127922.9,30,0.839,ForYou
1,Ca,North America,Automotive,licensed,26,54043,3067,245,stable,Music,Wednesday,Evening,104341.6,25,0.842,ForYou
1,Ca,North America,Tech,trending,17,28005,2179,175,stable,Sports,Tuesday,Evening,103611.2,28,0.565,External
1,Ca,North America,Tech,trending,40,132692,8845,1287,seasonal,Beauty,Monday,Afternoon,82588.7,24,0.708,ForYou
1,Ca,North America,Pets,licensed,15,77269,3922,403,rising,Dance,Sunday,Afternoon,98232.9,22,0.747,ForYou
1,Mx,North America,Travel,licensed,26,24190,1789,187,declining,Tech,Tuesday,Evening,88270.1,31,0.646,Following
2,Ca,North America,Sports,trending,73,56700,2390,292,declining,Sports,Friday,Evening,84501.2,26,0.578,Home
2,Mx,North America,Pets,original,33,105537,6508,781,declining,Pets,Monday,Night,92393.3,20,0.442,Home
2,Us,North America,Science,original,45,52843,2079,337,seasonal,Pets,Monday,Evening,82901.5,24,0.607,Suggested
2,Mx,North America,Science,original,37,129317,4554,465,seasonal,Food,Sunday,Afternoon,96474.3,22,0.416,Home
2,Ca,North America,Music,licensed,53,33933,1905,145,rising,Pets,Saturday,Evening,95967.2,20,0.674,Search
2,Ca,North America,Gaming,trending,32,7091,226,20,stable,Beauty,Sunday,Evening,101576.1,22,0.478,Home
2,Ca,North America,Pets,licensed,40,99878,1968,200,declining,Gaming,Saturday,Evening,107116.8,28,0.597,Search
2,Mx,North America,DIY,licensed,46,116948,2674,208,stable,Travel,Tuesday,Evening,115000.4,24,0.452,Home
2,Mx,North America,News,licensed,43,44402,1109,132,rising,Food,Sunday,Night,102133.2,23,0.621,Home
2,Ca,North America,DIY,trending,51,68472,2675,286,declining,Education,Tuesday,Evening,88276,30,0.612,Home
2,Mx,North America,Art,trending,32,264689,10429,787,seasonal,Food,Friday,Evening,98432,24,0.697,Home
2,Mx,North America,Finance,trending,15,100591,4238,344,rising,Travel,Wednesday,Evening,115494.9,26,0.613,Search
2,Mx,North America,Fashion,trending,44,155026,4894,577,stable,Lifestyle,Friday,Evening,100197.7,21,0.65,Home
2,Ca,North America,Science,trending,61,19343,476,68,stable,Education,Tuesday,Evening,89515.2,31,0.523,Suggested
1,Mx,North America,Lifestyle,licensed,27,190703,14966,2459,seasonal,Gaming,Wednesday,Evening,85903.6,25,0.53,Following
1,Us,North America,Science,trending,17,543235,27448,4518,seasonal,Beauty,Friday,Evening,120740,23,0.741,ForYou
1,Ca,North America,Lifestyle,trending,25,80630,5333,590,rising,Beauty,Sunday,Morning,109086.8,28,0.66,Following
1,Mx,North America,Gaming,licensed,22,50809,4256,573,rising,Tech,Friday,Morning,120680.2,31,0.732,Following
1,Us,North America,Travel,licensed,30,56847,5507,364,seasonal,Pets,Sunday,Afternoon,86941.3,24,0.833,ForYou
1,Ca,North America,Comedy,licensed,41,42399,3872,294,stable,Sports,Friday,Afternoon,78433.1,28,0.773,ForYou
1,Us,North America,Fashion,licensed,23,116951,11291,1581,declining,Education,Thursday,Afternoon,96742.3,22,0.583,Search
1,Ca,North America,News,licensed,35,44329,3383,280,declining,Travel,Thursday,Evening,103859,24,0.583,Search
1,Us,North America,Automotive,original,47,115604,7260,968,stable,Comedy,Thursday,Evening,82843.2,9,0.587,ForYou
1,Us,North America,Automotive,original,14,185687,8336,1104,seasonal,Lifestyle,Tuesday,Afternoon,83077.8,23,0.764,Search
2,Mx,North America,Education,trending,50,47690,2679,201,stable,Sports,Sunday,Evening,131154.2,24,0.402,Home
2,Us,North America,Gaming,original,32,9733,299,27,rising,Comedy,Friday,Morning,107717.7,9,0.444,Suggested
2,Mx,North America,Fashion,licensed,30,51425,2611,226,declining,Sports,Monday,Evening,139280.8,22,0.553,Suggested
2,Ca,North America,Food,trending,23,128639,2408,273,seasonal,Education,Monday,Evening,109552,18,0.7,Home
2,Us,North America,Food,original,35,381028,12335,1518,stable,Food,Friday,Afternoon,106642.8,20,0.52,Search
2,Us,North America,Art,licensed,22,219308,9678,675,rising,Gaming,Monday,Evening,87740.9,29,0.682,Home
2,Ca,North America,Fashion,original,44,75472,1984,234,rising,Music,Saturday,Morning,87342.1,21,0.493,Home
2,Mx,North America,Travel,original,30,19544,725,100,seasonal,Food,Wednesday,Morning,106288.7,20,0.73,Suggested
2,Mx,North America,Fashion,original,49,10744,764,64,stable,Food,Friday,Night,81314.2,22,0.688,Suggested
2,Ca,North America,Food,original,35,9259,444,49,seasonal,Fashion,Saturday,Night,92701.6,20,0.606,Suggested
2,Us,North America,Comedy,original,39,4930,319,44,rising,Education,Tuesday,Morning,94621.9,16,0.623,Search
2,Us,North America,Finance,trending,71,72064,3638,243,declining,Education,Sunday,Afternoon,81860.4,33,0.524,Home
2,Ca,North America,Music,licensed,76,90108,5757,538,stable,Comedy,Friday,Morning,95580.2,17,0.671,Search
1,Ca,North America,Comedy,trending,20,134853,13934,1212,stable,Comedy,Monday,Morning,84206,11,0.64,External
1,Mx,North America,Lifestyle,trending,28,89865,6757,969,rising,Beauty,Saturday,Afternoon,82087.3,24,0.586,External
1,Mx,North America,Fitness,licensed,25,118144,10823,1090,seasonal,Gaming,Friday,Evening,109086.8,26,0.784,Following
1,Us,North America,Fashion,trending,31,127556,8348,928,rising,Pets,Wednesday,Evening,100230.7,22,0.6,ForYou
1,Us,North America,Science,licensed,37,57174,2545,373,seasonal,Pets,Friday,Night,88068.7,20,0.514,ForYou
1,Ca,North America,Automotive,original,12,61723,3000,457,stable,Lifestyle,Sunday,Evening,58027.6,29,0.842,ForYou
1,Ca,North America,Education,original,20,33730,3290,494,rising,Comedy,Friday,Morning,91298.1,28,0.71,Following
1,Ca,North America,Education,licensed,16,14552,619,60,rising,Lifestyle,Friday,Night,63469.8,23,0.744,ForYou
1,Mx,North America,DIY,trending,50,27344,1810,202,seasonal,Travel,Saturday,Evening,93571.1,23,0.742,Search
1,Us,North America,Travel,original,23,19575,1479,101,declining,Lifestyle,Wednesday,Night,95832.5,21,0.83,Following
1,Ca,North America,Fashion,trending,45,113915,5312,629,declining,Dance,Tuesday,Night,83290.1,20,0.613,ForYou
1,Us,North America,Food,trending,30,164317,10642,1167,rising,Pets,Friday,Afternoon,100666.5,22,0.61,ForYou
1,Us,North America,Fitness,trending,31,15787,834,109,rising,Music,Friday,Afternoon,96609.1,23,0.577,ForYou
1,Mx,North America,Gaming,licensed,22,36859,2608,264,declining,Music,Friday,Afternoon,95337.6,21,0.782,ForYou
1,Mx,North America,Travel,original,35,45791,3553,225,seasonal,Tech,Wednesday,Evening,109654.6,26,0.694,ForYou
1,Mx,North America,Tech,trending,27,103079,5351,433,rising,Tech,Saturday,Evening,97961.5,26,0.748,Following
1,Mx,North America,Gaming,licensed,30,94613,5977,720,rising,Dance,Saturday,Morning,92871.7,17,0.707,ForYou
2,Mx,North America,Fitness,licensed,57,10379,250,30,rising,Fashion,Friday,Night,82843.2,22,0.511,Search
2,Mx,North America,Automotive,original,51,14363,1075,96,seasonal,Sports,Friday,Evening,78433.1,24,0.586,Suggested
2,Ca,North America,Science,original,28,40756,2440,254,stable,Lifestyle,Saturday,Morning,80382.1,27,0.579,Suggested
2,Mx,North America,Lifestyle,original,90,233081,7218,843,declining,Fashion,Friday,Afternoon,88068.7,19,0.686,Home
2,Mx,North America,Gaming,trending,19,20443,688,45,declining,Beauty,Friday,Morning,109141.8,22,0.574,Home
2,Ca,North America,Art,licensed,56,84760,2552,292,stable,Education,Friday,Morning,95832.5,16,0.621,Home
2,Mx,North America,Gaming,licensed,42,91782,1796,289,rising,Travel,Sunday,Morning,103279.3,17,0.745,Suggested
2,Us,North America,Fashion,trending,32,38719,872,109,rising,Beauty,Saturday,Evening,84304,20,0.662,External
2,Mx,North America,Science,licensed,23,44580,1827,187,seasonal,Fashion,Monday,Afternoon,92069.4,18,0.457,Search
2,Us,North America,Music,trending,69,119673,3205,468,rising,Gaming,Tuesday,Evening,80243.4,29,0.532,Suggested
2,Ca,North America,Food,licensed,34,51233,998,141,stable,Gaming,Tuesday,Evening,120470,26,0.729,Search
1,Us,North America,Fitness,trending,25,185993,15677,1113,seasonal,Sports,Friday,Morning,82413.7,26,0.708,ForYou
1,Mx,North America,Automotive,trending,17,22077,1609,189,declining,Tech,Saturday,Afternoon,102647.6,26,0.659,ForYou
1,Ca,North America,Beauty,original,39,918435,44476,5048,seasonal,Music,Sunday,Evening,130363.6,12,0.515,ForYou
1,Us,North America,Art,licensed,29,196374,26079,3178,declining,Pets,Tuesday,Afternoon,95832.5,24,0.631,ForYou
1,Mx,North America,Travel,licensed,35,24331,1952,242,seasonal,Food,Tuesday,Evening,104142.7,21,0.831,ForYou
1,Mx,North America,Pets,original,21,76012,3936,340,rising,Tech,Thursday,Evening,75220.9,28,0.771,Following
1,Mx,North America,Gaming,licensed,31,37196,2323,181,seasonal,Sports,Sunday,Evening,81381.2,24,0.548,ForYou
2,Ca,North America,News,licensed,38,107837,4569,300,stable,Food,Friday,Evening,94550.8,25,0.697,Suggested
2,Us,North America,Gaming,trending,52,51970,2046,211,seasonal,Gaming,Friday,Evening,73660.3,27,0.662,Home
2,Ca,North America,Gaming,trending,34,35581,1295,125,declining,Gaming,Friday,Morning,99253.8,23,0.635,Search
2,Us,North America,Sports,original,32,13462,312,43,rising,Sports,Wednesday,Night,89114.6,22,0.481,Search
2,Us,North America,Lifestyle,licensed,49,33997,1821,248,stable,Gaming,Sunday,Afternoon,116083.5,28,0.422,Search
1,Us,North America,Pets,licensed,16,58918,4234,609,stable,Sports,Sunday,Evening,122780.7,28,0.719,Search
1,Us,North America,DIY,original,15,22685,1052,87,declining,Comedy,Saturday,Evening,84900,26,0.713,ForYou
1,Mx,North America,Tech,trending,54,35336,2016,259,seasonal,Education,Friday,Evening,100197.7,16,0.819,ForYou
1,Us,North America,Science,trending,15,97187,9172,1023,declining,Lifestyle,Friday,Afternoon,96742.3,23,0.74,External
1,Ca,North America,Music,licensed,45,27507,2244,246,stable,Fashion,Sunday,Night,122805.8,21,0.753,External
1,Us,North America,Fitness,original,13,82804,5534,709,seasonal,Gaming,Friday,Afternoon,128892.5,26,0.731,Following
1,Ca,North America,Art,licensed,20,19716,1158,121,seasonal,Fashion,Wednesday,Evening,90695,23,0.545,ForYou
1,Ca,North America,Education,trending,48,32060,1988,203,stable,Travel,Friday,Evening,77534.9,17,0.798,ForYou
1,Us,North America,Education,licensed,28,517202,51319,3476,declining,Beauty,Wednesday,Afternoon,91298.1,18,0.536,ForYou
2,Us,North America,Art,trending,22,106447,3841,302,declining,Pets,Wednesday,Evening,100230.7,17,0.736,Home
2,Us,North America,DIY,original,30,93144,4368,426,rising,Food,Friday,Evening,78433.1,20,0.577,Search
2,Ca,North America,Travel,licensed,46,14377,797,120,seasonal,Dance,Monday,Morning,84941,23,0.402,Home
2,Us,North America,Lifestyle,original,78,4282,76,10,stable,Education,Tuesday,Evening,84701.8,28,0.451,Home
2,Mx,North America,Travel,licensed,45,79604,4821,356,declining,Pets,Friday,Afternoon,98396.5,24,0.54,Home
2,Ca,North America,Gaming,licensed,33,184034,4545,368,seasonal,Tech,Sunday,Evening,98301.3,24,0.627,External
1,Ca,North America,Finance,original,42,33978,3333,416,seasonal,Travel,Wednesday,Evening,74831.7,26,0.726,ForYou
1,Us,North America,Travel,licensed,27,105954,5509,798,stable,Travel,Sunday,Morning,106301.2,22,0.689,Following
1,Us,North America,Food,trending,34,87452,2732,280,rising,Beauty,Monday,Afternoon,91401.9,24,0.653,ForYou
1,Ca,North America,News,licensed,75,33528,1856,277,stable,Lifestyle,Tuesday,Evening,78135.9,30,0.661,Search
1,Ca,North America,Fitness,original,21,74198,4079,268,seasonal,Food,Saturday,Morning,78433.1,14,0.652,ForYou
1,Mx,North America,Fitness,licensed,47,450126,23629,2275,rising,Beauty,Tuesday,Evening,111632,20,0.596,ForYou
1,Ca,North America,Automotive,original,18,84666,8560,826,declining,Travel,Friday,Afternoon,97568.1,19,0.744,ForYou
2,Mx,North America,Comedy,licensed,30,362487,20837,1616,declining,Gaming,Saturday,Evening,111410.3,28,0.723,Home
2,Mx,North America,Gaming,licensed,34,132625,4688,763,stable,Education,Monday,Evening,112406,18,0.615,Home
2,Ca,North America,Food,trending,55,69168,3623,411,declining,Food,Friday,Afternoon,96609.1,14,0.565,Suggested
2,Us,North America,Gaming,licensed,37,281090,14572,1138,declining,Fashion,Sunday,Night,102994.2,20,0.689,Home
2,Ca,North America,Science,trending,90,24571,648,91,stable,Music,Tuesday,Afternoon,79263.6,26,0.744,Search
1,Ca,North America,Automotive,trending,25,221187,8432,811,declining,Food,Sunday,Evening,90998.7,27,0.576,External
1,Us,North America,Gaming,licensed,34,38563,2257,235,stable,Education,Tuesday,Evening,118878.6,20,0.585,ForYou
1,Mx,North America,Lifestyle,licensed,23,16939,914,86,rising,Music,Monday,Morning,102688.1,21,0.548,ForYou
1,Ca,North America,Fitness,licensed,11,76817,4810,520,rising,Music,Sunday,Evening,154865.6,23,0.8,Following
1,Us,North America,Food,trending,14,15084,678,73,declining,Music,Wednesday,Evening,81626.7,15,0.614,ForYou
1,Mx,North America,Education,licensed,20,146460,5099,354,seasonal,Lifestyle,Wednesday,Afternoon,101916.4,24,0.6,ForYou
1,Us,North America,DIY,original,66,155956,8780,651,declining,Fashion,Monday,Night,87549.4,22,0.788,External
1,Mx,North America,Lifestyle,trending,21,201560,15353,1662,seasonal,Lifestyle,Friday,Morning,103611.2,28,0.657,Following
1,Mx,North America,Gaming,original,37,102131,6629,821,declining,Travel,Thursday,Evening,90837.3,27,0.805,ForYou
1,Ca,North America,Art,original,23,15033,970,101,rising,Gaming,Sunday,Morning,95967.2,30,0.748,ForYou
2,Us,North America,Gaming,original,50,16720,587,68,rising,Dance,Monday,Evening,99935.9,22,0.576,Suggested
2,Ca,North America,News,original,35,34899,812,104,stable,Tech,Sunday,Morning,130373.9,24,0.526,Home
2,Us,North America,Beauty,licensed,18,38067,1229,94,stable,Gaming,Monday,Night,79760.5,26,0.711,Search
2,Us,North America,News,licensed,62,37716,1842,272,stable,Comedy,Tuesday,Evening,109086.8,11,0.408,External
2,Ca,North America,Tech,original,90,79691,3350,363,stable,Dance,Monday,Afternoon,80382.1,20,0.728,Home
2,Mx,North America,Tech,trending,38,42180,2952,305,rising,Gaming,Friday,Morning,98057.9,27,0.626,Home
2,Us,North America,Science,original,42,100862,5714,570,declining,Sports,Sunday,Afternoon,134649.3,22,0.414,Suggested
1,Mx,North America,Education,trending,29,74858,7540,523,stable,Gaming,Sunday,Afternoon,90837.3,29,0.693,Following
1,Ca,North America,Education,licensed,26,100893,7134,631,stable,Music,Sunday,Evening,95392.8,12,0.519,Search
1,Us,North America,Fitness,licensed,26,115776,6796,534,stable,Dance,Sunday,Night,95540.6,15,0.658,ForYou
1,Mx,North America,Gaming,original,25,10859,928,124,stable,Food,Tuesday,Evening,92903,23,0.596,ForYou
1,Ca,North America,Food,original,25,50123,3891,253,stable,Beauty,Thursday,Afternoon,84501.2,22,0.776,ForYou
1,Ca,North America,Science,licensed,18,11929,1200,93,seasonal,Beauty,Tuesday,Night,92871.7,23,0.794,ForYou
1,Us,North America,DIY,trending,31,322344,25478,3130,seasonal,Education,Sunday,Evening,107743.7,22,0.516,Search
1,Us,North America,Comedy,trending,32,15019,964,97,rising,Food,Friday,Morning,113807.9,22,0.559,External
1,Ca,North America,Travel,trending,30,21557,2225,163,stable,Food,Wednesday,Night,106361,20,0.85,ForYou
1,Ca,North America,Music,trending,26,26500,2951,187,seasonal,Food,Friday,Evening,107717.7,22,0.742,External
1,Us,North America,Comedy,licensed,38,37563,2201,133,stable,Education,Friday,Morning,78225,28,0.674,Search
1,Us,North America,Sports,licensed,45,23605,2632,232,seasonal,Pets,Sunday,Afternoon,121071.3,24,0.731,ForYou
1,Ca,North America,Comedy,licensed,23,14318,761,91,seasonal,Dance,Wednesday,Afternoon,95967.2,20,0.778,Search
1,Us,North America,Food,trending,31,311002,19847,2474,declining,Gaming,Saturday,Evening,116083.5,29,0.745,ForYou
1,Us,North America,Science,trending,14,165539,8400,786,rising,DIY,Saturday,Evening,85723.7,31,0.779,Following
1,Us,North America,Fitness,trending,22,44782,2883,188,stable,Pets,Sunday,Afternoon,99253.8,19,0.545,Search
1,Us,North America,Travel,trending,13,643050,58549,3789,rising,Pets,Friday,Evening,81626.7,19,0.546,ForYou
1,Ca,North America,Fitness,original,30,16106,1286,82,rising,Gaming,Saturday,Evening,96533.9,26,0.73,Following
2,Us,North America,Music,original,32,46160,2096,181,stable,Comedy,Thursday,Evening,91145.8,11,0.475,Suggested
2,Mx,North America,DIY,original,25,119925,5746,608,rising,Tech,Tuesday,Evening,120740,21,0.464,Home
2,Mx,North America,Education,trending,34,88549,3428,475,stable,Gaming,Friday,Evening,103134.2,27,0.618,Home
2,Mx,North America,Music,trending,58,296243,10052,1033,seasonal,Education,Wednesday,Afternoon,98432,24,0.441,Search
2,Mx,North America,Fitness,original,20,7451,268,25,rising,Gaming,Friday,Morning,83525.5,24,0.615,Home
2,Ca,North America,Food,trending,43,228059,10041,1169,stable,Tech,Saturday,Evening,93686.4,24,0.672,External
2,Mx,North America,News,trending,35,11922,531,70,rising,Education,Thursday,Morning,68775.5,18,0.72,Suggested
2,Us,North America,Automotive,trending,38,12538,425,31,rising,Pets,Friday,Evening,96805.5,17,0.568,Home
2,Mx,North America,DIY,trending,42,48885,1796,174,stable,Dance,Saturday,Afternoon,96533.9,23,0.548,Home
2,Us,North America,Pets,original,27,184591,4071,373,declining,Sports,Friday,Morning,92871.7,22,0.478,Search
2,Ca,North America,Food,trending,83,136843,4963,386,stable,Travel,Friday,Afternoon,95932.9,24,0.543,Search
1,Us,North America,Music,trending,16,32784,2067,274,rising,Education,Friday,Evening,98432,18,0.5,ForYou
1,Mx,North America,Beauty,original,24,78314,3516,311,seasonal,Education,Wednesday,Evening,82901.5,28,0.608,Following
1,Us,North America,Education,original,47,1673800,151233,17748,seasonal,Fashion,Friday,Morning,116083.5,16,0.691,Search
1,Ca,North America,Tech,trending,35,115250,10663,758,stable,Tech,Monday,Evening,116192.9,25,0.591,External
1,Ca,North America,Science,original,19,259273,21787,1440,seasonal,Fashion,Friday,Evening,76729.8,21,0.689,ForYou
1,Ca,North America,Beauty,licensed,27,41720,2892,184,stable,Sports,Tuesday,Evening,95036.8,24,0.526,ForYou
1,Us,North America,Science,trending,35,197296,13181,1514,seasonal,Comedy,Wednesday,Morning,92701.6,19,0.503,Search
1,Ca,North America,Science,trending,24,122246,6947,800,declining,Food,Tuesday,Evening,119864.1,20,0.579,ForYou
1,Ca,North America,Tech,licensed,51,38527,3384,526,seasonal,Tech,Friday,Night,98366.2,27,0.737,Following
1,Ca,North America,Fitness,trending,15,102208,8870,822,seasonal,Comedy,Saturday,Evening,113293.7,23,0.527,ForYou
1,Ca,North America,Pets,trending,40,43353,3030,406,declining,Dance,Sunday,Evening,141830.1,22,0.655,ForYou
1,Mx,North America,Comedy,trending,37,7524,520,67,stable,Lifestyle,Sunday,Night,83485.9,25,0.786,Following
1,Ca,North America,Comedy,original,32,20880,1522,183,rising,Sports,Saturday,Evening,78592,22,0.672,External
1,Ca,North America,News,licensed,31,60650,3511,503,rising,Comedy,Friday,Evening,114247.5,13,0.79,ForYou
1,Ca,North America,Music,original,16,252918,14110,2058,declining,Dance,Saturday,Evening,116864.6,23,0.731,Search
2,Us,North America,Travel,licensed,31,28121,1089,99,declining,Gaming,Wednesday,Evening,93663.5,26,0.406,External
2,Ca,North America,Music,licensed,25,28458,1769,129,seasonal,Lifestyle,Saturday,Evening,76729.8,32,0.456,Suggested
2,Us,North America,Fitness,trending,43,108008,2688,198,rising,Travel,Wednesday,Morning,132974.8,17,0.749,Suggested
2,Mx,North America,Fitness,original,53,28553,546,43,rising,Education,Sunday,Evening,84030.9,18,0.685,Search
1,Mx,North America,Lifestyle,original,73,43184,3407,371,seasonal,Gaming,Tuesday,Afternoon,82284.4,25,0.816,ForYou
1,Ca,North America,Tech,licensed,19,18573,1482,103,declining,Fashion,Thursday,Evening,109753.9,19,0.821,ForYou
1,Ca,North America,Sports,trending,27,27654,1491,103,declining,Beauty,Saturday,Evening,88068.7,30,0.611,ForYou
1,Us,North America,Travel,licensed,32,97561,6040,731,stable,Gaming,Friday,Night,96618.9,28,0.769,ForYou
1,Ca,North America,Education,trending,11,145191,12913,981,seasonal,Food,Friday,Evening,85373.7,17,0.564,ForYou
1,Mx,North America,Fashion,licensed,54,513358,23847,2470,seasonal,Music,Tuesday,Morning,74817.7,23,0.685,ForYou
1,Mx,North America,Education,trending,36,11368,600,50,rising,Beauty,Saturday,Afternoon,79742.9,20,0.806,ForYou
1,Ca,North America,Education,original,15,28471,2637,254,stable,Food,Saturday,Afternoon,116192.9,22,0.813,ForYou
1,Ca,North America,Automotive,trending,10,40282,3652,413,rising,Beauty,Friday,Afternoon,116192.9,29,0.75,ForYou
1,Us,North America,DIY,original,24,30857,3027,246,seasonal,Food,Thursday,Night,99200.2,22,0.579,ForYou
1,Ca,North America,Automotive,licensed,34,96178,6541,861,rising,Beauty,Sunday,Afternoon,92445.5,22,0.521,ForYou
1,Us,North America,Gaming,original,35,95404,7595,584,declining,Tech,Wednesday,Evening,87499.9,31,0.697,External
1,Mx,North America,Sports,licensed,33,375273,26454,3915,seasonal,Beauty,Friday,Evening,108537.2,29,0.685,External
2,Us,North America,Automotive,trending,40,42122,1831,225,declining,Sports,Friday,Afternoon,108612.7,24,0.455,External
2,Us,North America,Gaming,licensed,39,84302,3312,422,declining,Education,Tuesday,Evening,96426.1,19,0.603,Search
2,Us,North America,Lifestyle,original,26,102019,2289,200,rising,Dance,Sunday,Evening,82413.7,20,0.619,Home
2,Mx,North America,Comedy,original,29,193517,7547,577,declining,Lifestyle,Saturday,Night,89104.7,29,0.479,Search
2,Mx,North America,Tech,original,40,48312,1480,136,rising,Education,Saturday,Evening,99935.9,22,0.402,External
2,Us,North America,Food,trending,58,94431,3424,431,rising,Fashion,Friday,Evening,109255,19,0.407,Home
2,Us,North America,Science,original,30,18424,505,63,declining,Tech,Tuesday,Evening,86230.4,23,0.657,Suggested
2,Ca,North America,Comedy,licensed,50,309795,16366,1614,stable,Education,Friday,Morning,103877.5,33,0.652,Home
2,Ca,North America,Beauty,licensed,22,61692,3614,298,rising,DIY,Sunday,Evening,129372.5,29,0.75,Home
2,Us,North America,Beauty,licensed,64,85386,3263,363,declining,Sports,Sunday,Night,106301.2,22,0.731,Search
1,Ca,North America,Gaming,trending,11,26243,2286,221,declining,Dance,Friday,Morning,93238.5,20,0.582,Search
1,Mx,North America,Science,trending,31,30643,2803,434,seasonal,Education,Friday,Evening,98301.3,32,0.777,Following
1,Ca,North America,Music,trending,35,39115,2796,224,seasonal,Music,Thursday,Evening,112761.3,14,0.76,ForYou
1,Ca,North America,Pets,original,30,82736,10314,811,seasonal,Beauty,Monday,Evening,84510.2,28,0.64,Following
1,Mx,North America,Music,original,33,230505,20425,2503,seasonal,Beauty,Tuesday,Night,92542.5,22,0.724,Search
1,Us,North America,Science,licensed,33,342993,33192,2287,stable,Music,Friday,Morning,101613,21,0.767,ForYou
1,Us,North America,Gaming,original,42,27028,1484,147,seasonal,Pets,Saturday,Afternoon,94550.8,22,0.786,ForYou
1,Mx,North America,Finance,licensed,24,56270,4021,419,rising,Comedy,Wednesday,Evening,86547.9,9,0.529,Following
1,Ca,North America,News,trending,34,104218,9868,720,seasonal,Lifestyle,Saturday,Afternoon,92903,32,0.735,ForYou
1,Mx,North America,DIY,licensed,19,141637,12411,1462,seasonal,Food,Tuesday,Morning,102956.3,22,0.816,ForYou
1,Mx,North America,Sports,licensed,30,156163,8535,965,rising,Music,Friday,Afternoon,115711.4,12,0.813,ForYou
1,Ca,North America,Food,trending,21,1207322,42912,6937,stable,Fashion,Wednesday,Afternoon,106295.8,22,0.624,Following
1,Ca,North America,Sports,licensed,25,108599,6545,740,stable,Comedy,Thursday,Evening,94296.6,26,0.504,Search
1,Us,North America,Finance,trending,21,108909,12221,1409,seasonal,Dance,Sunday,Morning,96938.3,24,0.619,ForYou
2,Us,North America,Fitness,licensed,55,8790,250,29,declining,Music,Monday,Night,100230.7,26,0.475,Suggested
2,Ca,North America,Sports,original,16,75040,1611,142,stable,Lifestyle,Sunday,Morning,115920.9,27,0.531,Home
2,Us,North America,Automotive,licensed,33,591383,15978,2249,stable,Travel,Monday,Evening,103129.6,20,0.439,Home
2,Ca,North America,Science,original,32,172870,4178,258,declining,Music,Friday,Afternoon,116192.9,23,0.428,Suggested
2,Mx,North America,Fitness,licensed,26,9021,211,18,seasonal,Education,Friday,Evening,130363.6,27,0.685,Home
2,Mx,North America,Science,original,54,36030,1083,147,seasonal,Education,Saturday,Evening,98586,27,0.593,External
2,Ca,North America,Comedy,trending,90,197438,3072,228,declining,Food,Tuesday,Night,108247,22,0.602,Home
2,Ca,North America,Pets,licensed,20,181859,8880,836,seasonal,Dance,Saturday,Afternoon,103134.2,20,0.475,Home
2,Us,North America,Pets,original,31,146148,7632,682,stable,Lifestyle,Wednesday,Evening,105769.8,22,0.439,Suggested
2,Us,North America,Education,trending,20,142757,7273,1096,declining,Beauty,Friday,Afternoon,85253.7,24,0.57,Home
2,Us,North America,Gaming,licensed,29,83432,2591,340,stable,Travel,Wednesday,Evening,83423.1,29,0.738,Search
1,Us,North America,Lifestyle,licensed,12,8516,561,78,rising,Sports,Sunday,Afternoon,97694.6,22,0.633,Following
1,Us,North America,Sports,original,61,68683,2822,388,rising,Gaming,Friday,Evening,101613,27,0.693,Search
1,Mx,North America,Art,trending,45,201646,8285,1164,rising,Fashion,Sunday,Afternoon,109492.6,21,0.833,Following
1,Us,North America,Lifestyle,licensed,19,159231,8313,1097,rising,Music,Friday,Evening,96403.9,26,0.842,External
1,Us,North America,DIY,trending,19,20255,1308,165,rising,Beauty,Friday,Evening,99200.2,28,0.632,ForYou
1,Mx,North America,Education,trending,35,91389,5133,627,stable,Dance,Saturday,Evening,87560.6,25,0.817,ForYou
1,Ca,North America,Comedy,trending,59,36597,3697,535,seasonal,Education,Thursday,Evening,73154.4,16,0.719,ForYou
1,Mx,North America,Pets,trending,33,522717,38548,3104,declining,Education,Tuesday,Evening,101182.4,16,0.524,Following
1,Mx,North America,Pets,original,22,17581,1102,79,declining,Education,Saturday,Morning,101182.4,25,0.65,ForYou
1,Mx,North America,Finance,licensed,33,49606,2596,235,declining,Travel,Friday,Afternoon,96742.3,27,0.67,ForYou
1,Ca,North America,DIY,trending,37,64439,5057,384,declining,Sports,Tuesday,Evening,99200.2,28,0.538,ForYou
1,Mx,North America,Pets,trending,30,15489,961,123,seasonal,Comedy,Tuesday,Evening,113750.9,14,0.763,ForYou
1,Ca,North America,Gaming,original,32,39971,2281,270,rising,Music,Friday,Evening,103279.3,28,0.825,Following
2,Ca,North America,Automotive,trending,24,121252,6752,732,seasonal,Tech,Saturday,Afternoon,139280.8,24,0.546,External
2,Mx,North America,Food,original,33,22573,710,84,seasonal,Sports,Friday,Evening,94550.8,26,0.406,Suggested
2,Us,North America,News,licensed,23,47350,1754,138,declining,Tech,Friday,Evening,94958.9,23,0.635,Home
2,Ca,North America,Fitness,original,90,125984,6870,756,declining,Education,Thursday,Night,92388.3,16,0.586,Suggested
2,Ca,North America,Travel,original,75,156426,5719,697,rising,Music,Thursday,Morning,118878.6,15,0.695,Search
1,Us,North America,Art,trending,60,35954,3393,341,stable,Sports,Thursday,Afternoon,88270.1,24,0.807,ForYou
1,Us,North America,Art,trending,12,149984,7511,1044,seasonal,Travel,Sunday,Afternoon,96742.3,19,0.508,ForYou
1,Ca,North America,Science,trending,13,70271,4564,603,stable,Comedy,Wednesday,Afternoon,84030.9,20,0.838,ForYou
1,Mx,North America,Lifestyle,licensed,24,47115,2008,161,seasonal,Dance,Friday,Afternoon,73154.4,17,0.596,Search
1,Mx,North America,Food,licensed,26,17744,1319,87,stable,Music,Friday,Afternoon,96092.1,17,0.85,ForYou
1,Mx,North America,Beauty,original,15,55788,3695,465,declining,Food,Monday,Evening,128892.5,18,0.633,Following
1,Mx,North America,Travel,original,56,86911,6710,448,seasonal,Education,Wednesday,Morning,101377.8,24,0.688,ForYou
1,Mx,North America,Automotive,licensed,17,28880,1457,181,stable,Dance,Sunday,Afternoon,98232.9,23,0.706,External
1,Mx,North America,Comedy,original,43,214190,13114,1223,rising,Dance,Friday,Afternoon,84510.2,15,0.751,ForYou
1,Us,North America,Science,licensed,38,37330,1412,220,seasonal,Dance,Tuesday,Evening,99200.2,23,0.689,Following
1,Us,North America,Fashion,licensed,19,41468,2367,187,declining,Food,Saturday,Evening,104341.6,18,0.816,ForYou
2,Us,North America,Fashion,licensed,16,232524,6478,845,declining,Fashion,Tuesday,Morning,107428.8,21,0.631,Suggested
2,Mx,North America,Education,original,27,45866,1376,146,declining,Pets,Wednesday,Night,85369.3,20,0.615,Suggested
2,Us,North America,Travel,original,33,76372,2173,200,declining,Tech,Friday,Night,107322.2,29,0.582,Suggested
2,Ca,North America,Pets,original,43,229759,7101,666,stable,Travel,Wednesday,Night,118088.6,22,0.472,Search
2,Ca,North America,Travel,licensed,51,48363,1614,179,rising,Food,Wednesday,Night,101280.2,20,0.565,Home
2,Mx,North America,DIY,licensed,54,46449,1839,181,seasonal,Education,Friday,Night,101280.2,16,0.654,Home
2,Mx,North America,Tech,trending,40,93259,5071,741,seasonal,Music,Thursday,Morning,76934.4,21,0.57,Search
2,Ca,North America,Gaming,licensed,24,32697,1372,138,stable,Music,Monday,Evening,111830.6,15,0.404,Suggested
1,Us,North America,Lifestyle,original,29,67169,3445,414,declining,Dance,Friday,Morning,82507.4,17,0.838,Search
1,Mx,North America,Comedy,trending,24,241323,29380,2749,declining,Education,Friday,Afternoon,110873,16,0.521,ForYou
1,Ca,North America,Tech,licensed,75,184318,11069,1502,seasonal,Gaming,Saturday,Evening,103611.2,30,0.748,ForYou
1,Ca,North America,DIY,trending,72,50664,3160,301,declining,Pets,Monday,Night,107658,24,0.704,ForYou
1,Ca,North America,Finance,licensed,42,512090,40352,5312,rising,Dance,Friday,Evening,120866.4,22,0.819,Search
1,Us,North America,Fitness,trending,15,15955,955,95,stable,Sports,Thursday,Evening,81897,24,0.507,ForYou
1,Mx,North America,Food,original,15,166121,9237,903,seasonal,Tech,Friday,Night,127948.1,26,0.587,ForYou
1,Us,North America,Tech,original,25,76795,3804,350,stable,Education,Friday,Evening,93727.3,32,0.728,External
1,Mx,North America,Comedy,trending,25,69159,3145,389,stable,Comedy,Thursday,Evening,116192.9,11,0.752,Search
1,Mx,North America,Beauty,licensed,16,534715,53638,4876,declining,Education,Tuesday,Night,95967.2,24,0.706,ForYou
1,Us,North America,Gaming,original,13,12866,821,81,rising,Pets,Friday,Evening,63588.5,20,0.746,Search
1,Us,North America,News,trending,43,40685,3565,326,stable,Education,Thursday,Evening,103279.3,23,0.663,Search
1,Mx,North America,Food,trending,23,27023,1790,183,seasonal,Pets,Thursday,Afternoon,93389,22,0.674,ForYou
1,Ca,North America,Fashion,trending,29,38046,3601,560,declining,Gaming,Friday,Evening,85706.8,29,0.683,Following
2,Ca,North America,Finance,trending,30,63555,2259,143,seasonal,Pets,Thursday,Evening,122702.4,17,0.51,Search
2,Mx,North America,News,trending,18,7757,284,20,declining,Food,Friday,Afternoon,109552,23,0.728,Suggested
2,Us,North America,Food,licensed,30,29538,1368,89,seasonal,Fashion,Saturday,Evening,98301.3,21,0.627,External
2,Ca,North America,Gaming,licensed,61,59255,2339,150,rising,Music,Sunday,Evening,101377.8,23,0.466,Home
2,Mx,North America,Beauty,original,32,54852,1733,160,rising,Education,Sunday,Evening,102647.6,33,0.447,Search
2,Us,North America,Fashion,original,42,123559,3893,552,seasonal,Beauty,Saturday,Night,92655.5,22,0.521,External
2,Mx,North America,Beauty,trending,55,70133,2731,452,declining,Travel,Friday,Afternoon,106392.4,24,0.418,Suggested
2,Ca,North America,Fitness,licensed,30,49540,2407,251,seasonal,Education,Monday,Afternoon,85706.8,18,0.523,Suggested
2,Us,North America,Fashion,trending,65,69450,2073,157,declining,Travel,Friday,Evening,95201.4,18,0.683,Home
2,Ca,North America,Comedy,original,23,389980,14024,2299,rising,Dance,Saturday,Morning,131154.2,17,0.517,Home
2,Us,North America,Beauty,original,29,38298,1743,158,seasonal,Dance,Friday,Afternoon,109552,15,0.469,External
1,Ca,North America,Automotive,original,49,48018,3936,334,rising,Food,Friday,Evening,98432,16,0.502,ForYou
1,Ca,North America,Education,trending,57,73280,5098,666,stable,Travel,Friday,Afternoon,111410.3,27,0.63,ForYou
1,Us,North America,Finance,trending,56,358618,27711,3937,rising,Fashion,Saturday,Evening,90488.4,21,0.73,ForYou
1,Ca,North America,Gaming,trending,46,137445,16948,2497,rising,Lifestyle,Sunday,Evening,98301.3,19,0.796,ForYou
1,Us,North America,Art,original,38,33364,1848,131,seasonal,Education,Tuesday,Afternoon,104173.4,33,0.739,Following
1,Mx,North America,Music,licensed,28,82479,5309,534,seasonal,Travel,Thursday,Night,81897,23,0.536,ForYou
1,Us,North America,Comedy,original,27,93440,8385,1349,rising,Tech,Tuesday,Evening,132493.2,23,0.559,ForYou
1,Us,North America,Food,original,25,43223,1826,156,rising,Education,Friday,Night,84206,25,0.736,External
1,Us,North America,Art,licensed,29,24917,1301,116,declining,Dance,Sunday,Morning,89086.7,20,0.517,ForYou
1,Us,North America,Food,licensed,25,31224,1525,145,rising,Gaming,Monday,Evening,87790.4,30,0.58,Search
1,Us,North America,DIY,original,30,78890,2696,231,seasonal,Sports,Monday,Evening,106642.8,29,0.57,ForYou
1,Mx,North America,Sports,trending,28,45391,3032,376,stable,Dance,Friday,Afternoon,92393.3,20,0.832,ForYou
2,Ca,North America,Finance,licensed,30,52487,1228,103,stable,Pets,Friday,Evening,104933.1,26,0.587,External
2,Us,North America,Pets,original,39,50585,2176,309,stable,Food,Tuesday,Evening,84030.9,23,0.749,Home
2,Us,North America,Travel,trending,53,113100,4189,299,rising,Tech,Friday,Evening,120160.2,21,0.594,Search
2,Us,North America,Music,original,67,73038,2683,356,seasonal,Pets,Friday,Afternoon,112356.1,24,0.628,Suggested
2,Us,North America,Gaming,licensed,36,58418,1829,133,declining,Pets,Friday,Night,85804.6,17,0.406,Home
2,Us,North America,Food,original,42,45815,2410,274,stable,Music,Friday,Afternoon,102103.6,21,0.624,Home
2,Mx,North America,Lifestyle,trending,19,35523,1107,119,seasonal,Lifestyle,Tuesday,Evening,85788.7,21,0.653,Search
1,Ca,North America,Travel,original,22,122373,13025,1443,stable,Tech,Monday,Evening,76368,31,0.741,Following
1,Mx,North America,Food,licensed,21,115981,7646,543,rising,Pets,Tuesday,Evening,87790.4,20,0.743,Following
1,Ca,North America,Beauty,trending,9,12634,1239,95,seasonal,Education,Tuesday,Evening,85683.8,25,0.644,ForYou
1,Mx,North America,Comedy,trending,30,34254,1821,268,declining,Food,Tuesday,Afternoon,99969.1,16,0.8,ForYou
1,Ca,North America,Sports,licensed,52,143391,6496,1055,rising,Education,Thursday,Evening,105983.5,18,0.715,Search
1,Mx,North America,Tech,licensed,10,42525,5517,545,stable,Lifestyle,Monday,Night,63469.8,20,0.8,ForYou
1,Us,North America,Comedy,trending,34,38930,1392,164,rising,Sports,Friday,Evening,114801.6,26,0.738,ForYou
2,Us,North America,Beauty,trending,36,145988,6026,840,seasonal,Sports,Friday,Evening,97960.8,22,0.439,Suggested
2,Ca,North America,Fashion,original,19,398234,24517,2428,stable,Food,Sunday,Evening,98232.9,29,0.726,Home
2,Mx,North America,Fashion,trending,34,27668,1528,256,declining,Sports,Sunday,Evening,63588.5,26,0.497,Suggested
2,Us,North America,Pets,licensed,35,17775,661,82,declining,Music,Thursday,Evening,99598.4,21,0.657,Suggested
2,Us,North America,Art,original,66,230892,9714,810,declining,Music,Tuesday,Night,80254.8,15,0.562,Home
2,Ca,North America,Sports,licensed,39,99336,2444,305,stable,Fashion,Monday,Evening,99598.4,21,0.549,Home
2,Ca,North America,Fashion,trending,52,75811,1915,209,stable,Dance,Sunday,Night,100554.5,15,0.508,Suggested
1,Us,North America,Comedy,licensed,31,180426,13281,1913,rising,Tech,Wednesday,Night,85148.5,23,0.626,Search
1,Ca,North America,Fitness,original,17,64972,2764,390,rising,Sports,Tuesday,Evening,94785.6,26,0.635,External
1,Us,North America,News,trending,35,378825,19151,2992,stable,Comedy,Saturday,Evening,90412.1,26,0.671,ForYou
1,Us,North America,Automotive,licensed,41,92114,6100,744,declining,Beauty,Wednesday,Morning,132974.8,22,0.68,ForYou
1,Mx,North America,Gaming,trending,10,928910,53029,5199,rising,Lifestyle,Tuesday,Afternoon,92793.9,21,0.61,ForYou
1,Ca,North America,Tech,original,18,24198,1115,173,stable,Beauty,Saturday,Morning,127948.1,22,0.761,ForYou
1,Ca,North America,Finance,original,22,10268,646,60,declining,Fashion,Tuesday,Evening,106103.9,19,0.618,Search
1,Mx,North America,Beauty,trending,20,127868,4723,790,seasonal,Sports,Friday,Evening,98432,24,0.845,External
1,Ca,North America,Food,licensed,26,63190,8133,996,rising,Education,Friday,Evening,97960.8,16,0.527,Search
1,Ca,North America,DIY,original,25,201057,11718,1560,rising,Lifestyle,Thursday,Morning,101182.4,25,0.584,Following
1,Ca,North America,Food,licensed,53,57240,3264,337,seasonal,Dance,Friday,Night,101520.1,15,0.581,Search
1,Us,North America,Comedy,original,51,51120,6739,798,rising,Tech,Monday,Afternoon,100230.7,29,0.543,ForYou
1,Mx,North America,Pets,licensed,31,25853,2222,227,seasonal,Music,Friday,Evening,115427,15,0.768,ForYou
2,Ca,North America,Travel,licensed,35,35022,689,66,stable,Lifestyle,Sunday,Morning,70246.3,24,0.42,Search
2,Mx,North America,Science,licensed,28,113665,4242,586,declining,Music,Friday,Evening,106642.8,26,0.568,Search
2,Ca,North America,Gaming,trending,27,68609,1794,184,stable,Food,Friday,Night,124137.5,25,0.544,Suggested
2,Ca,North America,Music,trending,31,65925,3026,328,stable,Beauty,Saturday,Evening,103650.5,28,0.477,Suggested
2,Ca,North America,Pets,licensed,34,440803,16569,1704,rising,Comedy,Monday,Evening,105769.8,21,0.471,Suggested
2,Ca,North America,Food,original,33,412924,25838,1679,seasonal,Comedy,Sunday,Evening,104158.3,32,0.458,Search
2,Ca,North America,Tech,licensed,40,129612,5313,669,stable,Lifestyle,Friday,Evening,116192.9,24,0.425,Home
2,Us,North America,Lifestyle,licensed,34,35673,876,63,rising,Beauty,Tuesday,Evening,98232.9,22,0.668,Suggested
1,Ca,North America,Education,original,38,225003,15841,2612,declining,Fashion,Sunday,Afternoon,96398.5,20,0.761,ForYou
1,Mx,North America,Tech,original,21,34366,2514,240,stable,Gaming,Friday,Evening,93427.1,26,0.524,Following
1,Mx,North America,Gaming,licensed,34,51473,4464,548,rising,Gaming,Sunday,Evening,95293.7,28,0.821,ForYou
1,Us,North America,Sports,original,41,92766,4662,371,stable,Dance,Friday,Morning,87740.9,17,0.517,Following
1,Us,North America,Education,trending,20,159540,9067,1276,seasonal,Comedy,Monday,Night,58027.6,28,0.695,ForYou
1,Ca,North America,Gaming,licensed,37,26709,2024,159,rising,Beauty,Friday,Evening,92657.1,20,0.551,ForYou
1,Ca,North America,Art,licensed,49,54634,2565,365,declining,Education,Friday,Evening,96474.3,32,0.827,ForYou
1,Us,North America,Travel,licensed,34,13356,915,75,stable,Tech,Tuesday,Afternoon,87549.4,26,0.668,ForYou
1,Mx,North America,Gaming,trending,13,36300,2999,208,stable,Education,Friday,Evening,85683.8,18,0.554,Search
1,Mx,North America,Comedy,licensed,16,70858,5640,543,seasonal,Fashion,Friday,Morning,91145.8,22,0.619,ForYou
1,Ca,North America,Fashion,licensed,51,25599,2022,154,rising,Comedy,Wednesday,Evening,95967.2,23,0.763,ForYou
1,Ca,North America,Science,licensed,16,202753,20791,2009,stable,Sports,Thursday,Morning,84611.9,22,0.8,ForYou
1,Us,North America,Food,licensed,42,117819,8980,1045,stable,Comedy,Wednesday,Afternoon,112119.2,26,0.529,External
1,Us,North America,Gaming,licensed,31,51571,2525,231,rising,Beauty,Friday,Afternoon,103129.6,29,0.758,ForYou
1,Mx,North America,Pets,original,17,88076,6163,555,rising,Sports,Sunday,Afternoon,95036.8,26,0.841,ForYou
1,Us,North America,Automotive,licensed,17,27466,3250,383,seasonal,Education,Saturday,Night,83527.1,18,0.771,Search
2,Ca,North America,Finance,licensed,44,43882,1895,239,seasonal,Lifestyle,Wednesday,Evening,80018.9,22,0.668,Home
2,Us,North America,Fitness,trending,41,78204,2028,135,stable,Travel,Tuesday,Afternoon,95241.7,20,0.541,Search
2,Ca,North America,Gaming,original,52,247935,4785,403,seasonal,Dance,Friday,Afternoon,122780.7,15,0.513,Search
1,Us,North America,Fashion,licensed,75,119383,14259,1211,declining,Tech,Saturday,Evening,81001,27,0.5,ForYou
1,Ca,North America,Beauty,licensed,62,175368,8984,812,seasonal,Tech,Friday,Afternoon,87019.9,31,0.639,Search
1,Ca,North America,Sports,trending,28,64658,4935,580,seasonal,Lifestyle,Friday,Evening,106295.8,24,0.832,Search
1,Mx,North America,Fitness,trending,18,71340,4267,687,seasonal,Beauty,Wednesday,Night,89114.6,18,0.65,ForYou
1,Ca,North America,Pets,licensed,19,26096,1062,99,declining,Sports,Wednesday,Evening,118188.8,22,0.789,Search
1,Us,North America,Tech,original,30,64570,3400,547,declining,Music,Friday,Evening,99230,24,0.82,Search
1,Ca,North America,Science,licensed,22,28332,2293,360,rising,Dance,Sunday,Night,99253.8,22,0.814,Following
1,Mx,North America,Gaming,original,26,11627,741,115,seasonal,Gaming,Tuesday,Morning,100266.4,29,0.565,ForYou
1,Mx,North America,DIY,original,26,186525,9030,791,stable,Food,Sunday,Evening,84030.9,14,0.642,External
1,Mx,North America,Travel,licensed,30,78720,7915,753,seasonal,Comedy,Monday,Evening,99017.9,28,0.617,ForYou
1,Ca,North America,Science,original,43,69564,4340,532,declining,Gaming,Tuesday,Morning,89206.3,30,0.567,ForYou
1,Ca,North America,Food,trending,31,49114,3286,543,rising,Pets,Tuesday,Afternoon,79742.9,17,0.839,ForYou
1,Mx,North America,Automotive,licensed,24,169300,19536,1961,stable,Gaming,Thursday,Afternoon,116096.1,29,0.838,ForYou
1,Us,North America,DIY,original,75,243336,12518,1773,rising,Beauty,Friday,Afternoon,85260.3,22,0.636,Following
1,Mx,North America,Music,original,33,192991,7450,922,rising,Fashion,Friday,Evening,102994.2,18,0.685,Search
2,Us,North America,Sports,original,60,451597,10393,748,declining,Tech,Wednesday,Afternoon,127439.6,32,0.408,Suggested
2,Us,North America,Travel,trending,28,223660,8149,1063,declining,Fashion,Friday,Evening,105650.7,20,0.432,Search
2,Us,North America,DIY,trending,29,42502,1381,200,stable,Gaming,Thursday,Afternoon,95967.2,27,0.655,Home
2,Mx,North America,Tech,trending,48,52290,1146,145,rising,Lifestyle,Tuesday,Evening,98366.2,20,0.562,Home
2,Mx,North America,Comedy,trending,19,65005,2913,223,rising,Comedy,Saturday,Morning,108022.1,31,0.426,Search
2,Ca,North America,Gaming,original,57,46576,2150,208,stable,Dance,Friday,Night,98910.3,20,0.733,Suggested
2,Ca,North America,Gaming,licensed,31,53672,3150,275,declining,Travel,Saturday,Evening,74310.1,17,0.745,Home
2,Ca,North America,Lifestyle,trending,52,39579,1321,157,rising,Music,Monday,Evening,127392.4,21,0.69,Search
2,Us,North America,Education,licensed,38,13091,495,61,declining,Fashion,Friday,Afternoon,110084.9,19,0.576,Suggested
1,Us,North America,DIY,licensed,30,10595,695,77,stable,Travel,Monday,Afternoon,108068.4,26,0.727,Search
1,Us,North America,Food,trending,23,209438,8985,601,seasonal,Tech,Sunday,Evening,104158.3,26,0.53,Following
1,Us,North America,Lifestyle,trending,23,45141,3642,518,rising,Music,Saturday,Afternoon,83277.8,12,0.522,ForYou
1,Us,North America,Automotive,licensed,41,82959,4850,455,seasonal,Music,Friday,Evening,124734.7,28,0.561,External
1,Mx,North America,Beauty,original,16,118458,7202,991,seasonal,Dance,Friday,Evening,103877.5,20,0.7,External
1,Ca,North America,Tech,licensed,22,38269,2193,168,rising,Beauty,Saturday,Evening,66105.2,22,0.559,ForYou
1,Us,North America,Music,trending,61,270302,15917,1234,seasonal,Beauty,Thursday,Afternoon,127922.9,31,0.831,ForYou
1,Us,North America,Fitness,trending,12,15618,908,115,declining,Education,Tuesday,Evening,120680.2,28,0.592,Search
1,Ca,North America,Finance,trending,17,82649,4667,708,stable,Comedy,Sunday,Evening,113293.7,26,0.588,ForYou
1,Mx,North America,Science,trending,25,55032,4361,291,declining,Pets,Wednesday,Afternoon,104341.6,17,0.784,ForYou
1,Ca,North America,Fashion,original,23,57141,2993,367,seasonal,Travel,Sunday,Evening,95832.5,27,0.587,ForYou
1,Us,North America,Food,original,23,29269,1916,255,seasonal,Food,Friday,Morning,86520.6,29,0.717,ForYou
1,Us,North America,Music,licensed,19,41615,3902,274,declining,Sports,Saturday,Evening,114247.5,22,0.837,ForYou
2,Mx,North America,DIY,original,36,140751,7009,618,declining,Tech,Saturday,Afternoon,120866.4,31,0.6,External
2,Us,North America,Fitness,licensed,32,39199,1256,188,rising,Travel,Friday,Evening,108139.9,23,0.591,Home
2,Ca,North America,DIY,original,32,81924,3721,380,seasonal,Comedy,Thursday,Evening,106642.8,13,0.734,Suggested
2,Mx,North America,Finance,licensed,26,55482,2377,353,declining,Tech,Friday,Evening,89534.9,24,0.535,Home
2,Us,North America,Tech,trending,14,94746,3266,261,stable,Dance,Saturday,Afternoon,100507.4,15,0.407,Suggested
2,Mx,North America,Fitness,licensed,59,16655,785,102,seasonal,Comedy,Sunday,Morning,102608.2,9,0.498,Search
2,Mx,North America,Fashion,licensed,22,40629,2176,288,rising,Tech,Friday,Night,98396.5,24,0.523,Home
2,Mx,North America,Sports,licensed,33,151351,5642,528,seasonal,Pets,Friday,Evening,109492.6,20,0.712,Suggested
2,Ca,North America,Tech,original,49,95462,2569,171,declining,Beauty,Friday,Evening,103611.2,27,0.643,Home
2,Us,North America,Travel,trending,55,62713,2552,182,seasonal,Tech,Wednesday,Evening,92555.6,31,0.491,Home
2,Mx,North America,Travel,original,70,19228,902,91,rising,Music,Sunday,Evening,96426.1,17,0.644,Suggested
2,Us,North America,Food,licensed,39,50264,1830,193,seasonal,Travel,Tuesday,Evening,104173.4,20,0.531,Home
1,Ca,North America,Sports,trending,32,164798,29232,2829,declining,Food,Sunday,Afternoon,89534.9,23,0.838,ForYou
1,Ca,North America,DIY,licensed,44,47106,2878,244,rising,Tech,Friday,Evening,96426.1,31,0.759,Search
1,Ca,North America,Lifestyle,licensed,22,142758,8317,1111,seasonal,Education,Thursday,Morning,91094.5,29,0.673,ForYou
1,Ca,North America,Gaming,original,20,46825,2357,246,seasonal,Travel,Sunday,Afternoon,96325,24,0.52,Following
1,Mx,North America,Tech,original,51,37133,2822,361,declining,Music,Friday,Afternoon,78514.6,28,0.749,Following
1,Mx,North America,Finance,trending,17,70071,8189,903,seasonal,Beauty,Friday,Evening,104933.1,22,0.653,ForYou
1,Us,North America,Food,trending,28,193419,8543,1150,seasonal,Fashion,Friday,Morning,120866.4,19,0.643,ForYou
1,Ca,North America,Art,trending,18,19998,1434,200,seasonal,Lifestyle,Saturday,Afternoon,93745.1,29,0.833,ForYou
1,Mx,North America,Beauty,licensed,27,74061,4047,520,stable,Gaming,Sunday,Afternoon,106642.8,26,0.511,External
2,Us,North America,Education,trending,40,234218,7207,1025,stable,Music,Wednesday,Evening,101520.1,23,0.712,Search
2,Ca,North America,Science,original,41,27497,766,90,rising,Travel,Friday,Afternoon,166405.2,24,0.515,Home
2,Us,North America,Music,trending,56,95565,3240,357,declining,Music,Saturday,Evening,110763.9,23,0.598,External
2,Mx,North America,Gaming,licensed,70,73790,3778,236,rising,Beauty,Sunday,Night,100266.4,27,0.526,Home
2,Ca,North America,Lifestyle,licensed,30,49401,2810,242,stable,Dance,Tuesday,Evening,87231.3,20,0.657,Search
2,Us,North America,DIY,trending,31,84877,3414,236,rising,Music,Thursday,Morning,85260.3,12,0.671,Home
2,Ca,North America,Lifestyle,trending,40,35065,1716,135,rising,Music,Tuesday,Morning,90369.7,12,0.48,Home
2,Mx,North America,Beauty,original,30,15521,552,77,seasonal,Beauty,Sunday,Morning,96609.1,22,0.513,Suggested
2,Us,North America,Beauty,trending,28,48462,1212,81,stable,Sports,Friday,Evening,104979.8,22,0.489,External
2,Ca,North America,Automotive,trending,22,127354,4665,447,declining,Fashion,Saturday,Morning,78592,16,0.477,Home
2,Mx,North America,Tech,licensed,90,17967,1027,165,stable,Education,Friday,Morning,100197.7,25,0.511,Home
2,Us,North America,DIY,original,21,27072,1000,85,seasonal,Gaming,Sunday,Evening,88998.8,26,0.476,Home
1,Us,North America,Finance,original,37,99290,8601,884,declining,Music,Saturday,Afternoon,91094.5,28,0.714,ForYou
1,Us,North America,Science,trending,72,28332,2247,326,stable,Sports,Monday,Night,111632,28,0.758,Search
1,Mx,North America,Sports,original,62,70201,5670,704,stable,Lifestyle,Friday,Evening,90837.3,25,0.568,ForYou
1,Mx,North America,Gaming,licensed,34,90648,5839,482,seasonal,Beauty,Monday,Night,90954.4,24,0.741,ForYou
1,Ca,North America,Food,original,53,28194,1957,268,stable,Dance,Wednesday,Evening,94123.3,15,0.519,ForYou
1,Us,North America,Science,trending,31,16270,1165,136,rising,Comedy,Friday,Evening,89603.4,26,0.584,ForYou
1,Ca,North America,DIY,trending,11,76570,6091,841,stable,Tech,Saturday,Morning,82507.4,23,0.745,External
1,Mx,North America,Education,licensed,30,38762,2235,358,seasonal,Fashion,Tuesday,Night,115494.9,18,0.75,ForYou
1,Us,North America,Automotive,original,24,59206,2809,433,stable,Travel,Friday,Evening,90369.7,29,0.812,ForYou
1,Ca,North America,Education,original,11,261899,18074,1249,rising,Education,Wednesday,Evening,98366.2,18,0.682,ForYou
1,Ca,North America,Tech,original,29,21671,1449,176,declining,Food,Sunday,Evening,95832.5,16,0.528,Search
1,Mx,North America,Finance,original,33,35295,3615,513,seasonal,Education,Tuesday,Morning,107717.7,30,0.779,Search
2,Us,North America,Tech,original,36,100868,5327,465,rising,Food,Saturday,Afternoon,90216.6,20,0.558,Suggested
2,Mx,North America,Tech,original,35,22964,940,103,seasonal,Sports,Friday,Afternoon,109552,26,0.494,Search
2,Mx,North America,Fashion,trending,55,42864,1071,94,rising,Dance,Friday,Evening,104056.7,20,0.538,Search
1,Mx,North America,Fashion,original,44,182237,21267,2839,declining,Comedy,Friday,Evening,98301.3,26,0.561,ForYou
1,Us,North America,News,trending,43,18658,1409,122,rising,Beauty,Thursday,Evening,109040.9,20,0.686,Following
1,Mx,North America,Science,original,13,10445,447,47,declining,Travel,Friday,Evening,67655.6,22,0.723,ForYou
1,Us,North America,Automotive,licensed,60,38213,4700,603,declining,Gaming,Saturday,Afternoon,83006.6,30,0.657,ForYou
1,Ca,North America,Fashion,licensed,23,12752,759,99,declining,Pets,Friday,Evening,90954.4,19,0.63,External
1,Us,North America,Comedy,licensed,31,178535,12320,1574,declining,Food,Friday,Afternoon,83948.3,23,0.665,ForYou
1,Us,North America,Comedy,original,21,29628,2501,174,stable,Beauty,Friday,Evening,98586,22,0.548,ForYou
1,Ca,North America,Food,original,53,122290,7370,1000,rising,Music,Saturday,Evening,90840.6,23,0.542,Following
1,Us,North America,Comedy,trending,23,25179,907,108,declining,Lifestyle,Tuesday,Evening,82056.4,29,0.622,Search
1,Us,North America,Gaming,original,15,150340,7627,533,seasonal,Tech,Friday,Evening,89104.7,24,0.727,ForYou
1,Ca,North America,DIY,trending,25,68862,6479,924,stable,Education,Sunday,Night,98586,22,0.588,Search
2,Mx,North America,DIY,licensed,25,83736,5725,552,seasonal,Comedy,Tuesday,Afternoon,105890.8,20,0.412,Suggested
2,Ca,North America,News,trending,48,45739,1084,158,seasonal,Beauty,Wednesday,Evening,92069.4,22,0.475,Home
2,Us,North America,Travel,licensed,42,22586,1262,151,seasonal,Pets,Friday,Afternoon,105870.4,24,0.595,Suggested
2,Ca,North America,News,trending,47,66109,1826,229,declining,Travel,Monday,Evening,113750.9,24,0.464,Suggested
2,Mx,North America,Fashion,trending,69,17915,954,80,declining,Beauty,Tuesday,Evening,94785.6,28,0.564,Home
2,Us,North America,Science,original,43,31444,2244,221,stable,Music,Monday,Evening,110281.5,26,0.644,External
2,Mx,North America,Music,original,43,58085,2687,225,stable,Dance,Friday,Morning,91401.9,17,0.705,Search
2,Mx,North America,Science,trending,28,171511,4390,613,seasonal,Lifestyle,Friday,Evening,94562.8,24,0.407,Suggested
2,Us,North America,Gaming,original,57,65832,2448,290,seasonal,Tech,Wednesday,Evening,98301.3,29,0.698,Search
1,Mx,North America,Travel,original,28,83116,3964,323,rising,Dance,Wednesday,Evening,113807.9,23,0.55,ForYou
1,Mx,North America,Gaming,licensed,19,20433,949,132,seasonal,Beauty,Saturday,Evening,96474.3,23,0.637,ForYou
1,Us,North America,Lifestyle,trending,25,19822,1078,144,stable,Fashion,Thursday,Evening,88276,20,0.708,ForYou
1,Mx,North America,News,original,15,31786,1145,95,stable,Comedy,Sunday,Afternoon,114010.2,20,0.627,Search
1,Ca,North America,Food,original,18,40773,2977,265,seasonal,Lifestyle,Wednesday,Afternoon,112406,21,0.672,Following
1,Mx,North America,Automotive,trending,9,39014,2859,458,seasonal,Gaming,Friday,Evening,76729.8,28,0.522,ForYou
1,Ca,North America,Fashion,original,26,39458,3466,436,stable,Music,Tuesday,Morning,139280.8,15,0.535,Following
1,Ca,North America,Fitness,original,61,57322,5154,774,stable,Music,Friday,Evening,76283.7,26,0.695,ForYou
1,Mx,North America,Tech,original,37,30485,1771,124,stable,Pets,Sunday,Evening,88270.1,19,0.622,ForYou
1,Mx,North America,Science,trending,14,18634,1213,100,declining,Gaming,Friday,Evening,150519.5,31,0.657,ForYou
1,Ca,North America,Sports,original,33,93159,5527,781,stable,Education,Thursday,Evening,83525.5,22,0.682,Search
1,Mx,North America,Lifestyle,original,41,218051,12853,1200,stable,Music,Sunday,Morning,104341.6,14,0.827,Following
1,Mx,North America,Music,licensed,17,22553,1537,180,declining,Dance,Friday,Night,99969.1,24,0.547,ForYou
2,Us,North America,Science,licensed,58,177801,8561,869,rising,Fashion,Saturday,Evening,116083.5,19,0.641,Search
2,Mx,North America,Education,trending,52,88616,1841,200,stable,Fashion,Sunday,Night,90998.7,18,0.408,Search
2,Mx,North America,Lifestyle,trending,27,53536,1340,176,rising,Tech,Sunday,Morning,82918.8,29,0.448,Home
2,Ca,North America,Tech,trending,26,68314,2751,221,stable,Lifestyle,Thursday,Afternoon,63523.5,27,0.688,Home
2,Ca,North America,DIY,trending,18,66642,2762,351,declining,Comedy,Tuesday,Night,108139.9,29,0.744,Home
1,Mx,North America,Finance,trending,41,166084,14128,1152,declining,Tech,Thursday,Afternoon,67379.6,24,0.771,ForYou
1,Mx,North America,News,trending,75,60672,5007,639,seasonal,Lifestyle,Saturday,Evening,82056.4,28,0.544,ForYou
1,Mx,North America,News,original,45,18147,713,89,rising,Music,Friday,Night,93727.3,17,0.611,ForYou
1,Us,North America,News,original,63,3550,279,19,rising,Travel,Saturday,Morning,93389,20,0.621,Following
1,Us,North America,Comedy,trending,13,65720,3411,304,rising,Gaming,Saturday,Afternoon,99200.2,27,0.615,ForYou
1,Ca,North America,DIY,licensed,24,135830,7328,808,rising,Food,Friday,Evening,68784.4,16,0.788,ForYou
1,Mx,North America,Sports,original,17,91173,8338,517,rising,Education,Friday,Afternoon,121135.6,33,0.824,ForYou
1,Us,North America,Comedy,licensed,43,104471,4873,483,rising,Lifestyle,Friday,Evening,95337.6,24,0.716,Following
1,Ca,North America,Gaming,original,16,18292,1106,76,stable,Tech,Monday,Evening,90216.6,23,0.825,ForYou
1,Us,North America,Music,trending,61,12698,588,36,seasonal,Pets,Tuesday,Evening,100666.5,24,0.723,ForYou
1,Mx,North America,Automotive,licensed,16,21277,1736,149,declining,Travel,Friday,Evening,94471.2,24,0.575,External
1,Mx,North America,Automotive,licensed,24,453426,25723,3016,seasonal,Travel,Tuesday,Evening,103650.5,24,0.6,ForYou
1,Us,North America,Science,trending,11,94056,6494,662,declining,Pets,Monday,Evening,105698,23,0.764,ForYou
1,Ca,North America,Food,trending,31,30394,2432,192,stable,Beauty,Sunday,Afternoon,113733.4,22,0.752,ForYou
1,Ca,North America,Finance,original,31,58551,4623,346,seasonal,Beauty,Friday,Evening,86157.4,23,0.819,ForYou
1,Us,North America,Science,original,29,102842,8171,1169,seasonal,Comedy,Tuesday,Night,88981.6,13,0.559,ForYou
1,Ca,North America,Education,trending,19,44304,5287,484,declining,Education,Saturday,Morning,88159.6,16,0.668,ForYou
1,Us,North America,Food,trending,19,10056,670,95,declining,Food,Saturday,Night,95036.8,27,0.553,ForYou
1,Ca,North America,Education,licensed,16,276042,17955,1472,seasonal,Sports,Sunday,Evening,108068.4,22,0.588,ForYou
1,Ca,North America,Pets,original,22,275312,20048,2650,rising,Food,Sunday,Night,96043.8,25,0.8,Following
2,Mx,North America,Gaming,trending,27,75397,2538,303,stable,Comedy,Sunday,Evening,90369.7,26,0.744,Home
2,Ca,North America,Fitness,licensed,34,9274,331,37,rising,Food,Monday,Evening,84701.8,15,0.471,Home
2,Mx,North America,Comedy,licensed,61,25733,1026,143,declining,Music,Thursday,Night,117301.2,15,0.549,External
2,Mx,North America,Finance,trending,35,44556,1301,185,stable,Food,Friday,Evening,101657.1,22,0.503,Home
2,Mx,North America,Beauty,trending,72,40499,1624,221,rising,Tech,Thursday,Evening,103117.8,25,0.731,Search
2,Mx,North America,Fashion,licensed,36,13987,458,55,declining,Food,Saturday,Afternoon,93948.2,14,0.469,Search
2,Us,North America,News,original,18,121250,2664,341,declining,Travel,Tuesday,Afternoon,96938.3,25,0.6,Search
2,Mx,North America,Fitness,licensed,39,48272,1756,240,stable,Beauty,Friday,Night,99317.4,28,0.482,Home
2,Ca,North America,Travel,trending,37,310241,15874,1986,declining,Comedy,Wednesday,Morning,94144.9,24,0.562,Search
2,Ca,North America,Gaming,original,21,198889,4995,576,rising,Fashion,Saturday,Evening,100266.4,20,0.724,Home
2,Us,North America,Automotive,trending,40,72586,4007,365,seasonal,Pets,Saturday,Afternoon,75220.9,17,0.467,Home
1,Mx,North America,Food,licensed,31,181628,8894,832,declining,Tech,Wednesday,Afternoon,127391.5,31,0.661,ForYou
1,Ca,North America,Tech,trending,12,78877,4304,393,stable,Beauty,Sunday,Evening,84909.5,28,0.825,ForYou
1,Mx,North America,Travel,original,18,79326,5142,668,stable,Food,Sunday,Evening,96474.3,20,0.733,ForYou
1,Ca,North America,Finance,trending,17,142336,10561,1240,stable,Travel,Thursday,Afternoon,98366.2,23,0.5,Search
1,Us,North America,Science,trending,33,25214,1847,234,rising,Food,Friday,Evening,105870.4,24,0.597,ForYou
1,Ca,North America,Travel,trending,17,108394,6069,821,rising,Sports,Thursday,Evening,132493.2,29,0.818,ForYou
1,Ca,North America,Sports,trending,37,215516,11673,1688,seasonal,Music,Saturday,Evening,116083.5,14,0.503,ForYou
1,Us,North America,Travel,licensed,56,31016,3452,260,declining,Fashion,Sunday,Night,114010.2,20,0.723,ForYou
2,Ca,North America,News,licensed,27,60201,2339,286,declining,Gaming,Friday,Evening,108963.7,25,0.526,Suggested
2,Ca,North America,Travel,trending,47,51712,2559,351,declining,Fashion,Sunday,Evening,93427.1,20,0.668,Suggested
2,Us,North America,Travel,trending,30,142645,6532,594,stable,Fashion,Friday,Morning,108840.2,20,0.597,Suggested
2,Ca,North America,News,trending,58,13966,347,30,seasonal,Education,Friday,Afternoon,80653.2,23,0.666,Suggested
2,Us,North America,Education,trending,27,54648,2206,252,declining,Music,Thursday,Evening,127785.3,28,0.648,Home
2,Us,North America,Pets,trending,28,142079,5207,527,declining,Dance,Wednesday,Afternoon,107717.7,22,0.479,Home
2,Mx,North America,Fashion,original,44,64795,2611,348,declining,Sports,Saturday,Afternoon,85903.6,22,0.598,Search
2,Mx,North America,Comedy,original,64,32203,1850,236,stable,Travel,Saturday,Evening,88159.6,20,0.508,External
2,Us,North America,Art,licensed,73,28775,1093,97,seasonal,Education,Wednesday,Afternoon,79742.9,28,0.405,Search
2,Ca,North America,Science,original,26,46091,2074,137,rising,Music,Sunday,Afternoon,100507.4,12,0.465,Suggested
2,Mx,North America,Music,original,39,11422,311,38,seasonal,Gaming,Friday,Afternoon,69925.7,29,0.582,Suggested
2,Ca,North America,Fashion,licensed,45,7446,176,13,declining,Music,Friday,Afternoon,87560.6,26,0.613,Suggested
1,Mx,North America,Fashion,original,20,200919,9519,945,seasonal,Beauty,Thursday,Morning,98246.3,22,0.615,ForYou
1,Mx,North America,Fashion,licensed,28,51019,4860,340,stable,Comedy,Wednesday,Evening,95029.2,32,0.796,ForYou
1,Ca,North America,Education,original,33,31983,1345,84,rising,Gaming,Thursday,Morning,94166.9,29,0.555,ForYou
1,Us,North America,Beauty,original,30,16151,1231,157,seasonal,Lifestyle,Monday,Evening,87790.4,30,0.58,Search
1,Us,North America,Tech,original,20,157316,8076,508,seasonal,Dance,Sunday,Afternoon,130473.1,15,0.685,Search
1,Mx,North America,Food,original,54,70388,4909,636,stable,Gaming,Monday,Evening,107717.7,26,0.769,ForYou
1,Us,North America,Comedy,original,19,316838,20360,2830,rising,Pets,Friday,Morning,94562.8,24,0.642,Search
1,Us,North America,Lifestyle,original,18,58050,5173,646,stable,Food,Monday,Night,83079,23,0.811,ForYou
1,Us,North America,Beauty,trending,48,29532,1655,145,rising,Tech,Friday,Morning,82413.7,24,0.771,ForYou
1,Ca,North America,Sports,trending,23,37381,2144,196,rising,Travel,Monday,Afternoon,89719.5,26,0.743,ForYou
1,Ca,North America,Sports,trending,14,183006,19294,2368,rising,Music,Friday,Evening,114010.2,28,0.807,External
1,Ca,North America,Education,licensed,21,70689,6707,880,stable,Dance,Wednesday,Afternoon,93948.2,22,0.605,Search
1,Us,North America,Education,trending,68,17941,919,109,rising,Education,Sunday,Night,90412.1,25,0.54,ForYou
2,Ca,North America,Art,original,23,92594,2497,345,seasonal,Food,Sunday,Afternoon,84030.9,27,0.496,Suggested
2,Mx,North America,Pets,licensed,30,28744,1563,140,stable,Tech,Friday,Evening,93418,24,0.42,Home
2,Mx,North America,Fitness,original,25,13474,866,69,declining,Sports,Friday,Evening,92959.7,24,0.688,Search
2,Ca,North America,Travel,licensed,18,8046,262,22,rising,Lifestyle,Thursday,Evening,96426.1,25,0.622,Suggested
2,Ca,North America,Pets,original,23,224089,6462,785,rising,Fashion,Tuesday,Evening,93418,20,0.591,Suggested
2,Us,North America,Music,original,32,21541,688,48,seasonal,Tech,Friday,Evening,89008.1,24,0.55,Home
2,Mx,North America,Finance,trending,17,32668,692,73,seasonal,Dance,Saturday,Afternoon,91480.6,17,0.676,Search
1,Us,North America,Travel,trending,25,41757,2022,315,stable,Comedy,Friday,Evening,92656.5,26,0.612,ForYou
1,Ca,North America,Food,licensed,45,56576,6044,1029,seasonal,Education,Tuesday,Evening,84206,29,0.756,Following
1,Us,North America,DIY,licensed,25,31218,2227,258,seasonal,Food,Saturday,Evening,119864.1,26,0.648,External
1,Ca,North America,Music,trending,36,150893,6673,909,stable,Education,Thursday,Evening,79742.9,16,0.653,Search
1,Us,North America,Food,trending,18,33969,1412,165,rising,Tech,Thursday,Morning,70634.2,31,0.711,Following
1,Ca,North America,Lifestyle,licensed,75,348984,28187,2560,declining,Pets,Wednesday,Evening,104158.3,24,0.529,Search
1,Ca,North America,Automotive,original,17,128379,7452,1186,stable,Sports,Wednesday,Evening,104056.7,28,0.776,ForYou
1,Ca,North America,Travel,original,29,135632,12120,1392,seasonal,Comedy,Friday,Evening,96403.9,32,0.538,Following
1,Us,North America,Beauty,original,14,34807,1973,246,rising,Fashion,Saturday,Morning,106317.9,21,0.514,ForYou
1,Ca,North America,Education,trending,32,57114,4571,563,rising,Comedy,Tuesday,Night,91694.7,13,0.781,ForYou
1,Ca,North America,Pets,trending,34,59051,4186,654,stable,Comedy,Saturday,Evening,89929.7,23,0.594,ForYou
1,Ca,North America,Sports,trending,20,52066,6169,520,declining,Comedy,Friday,Morning,110987.8,29,0.56,ForYou
1,Mx,North America,Education,licensed,28,173081,11186,964,rising,Tech,Sunday,Morning,125557.8,25,0.639,ForYou
2,Mx,North America,Lifestyle,trending,35,50398,1703,219,stable,Beauty,Friday,Night,99200.2,27,0.429,Suggested
2,Us,North America,Education,original,31,27194,1512,105,seasonal,Pets,Saturday,Morning,96533.9,19,0.529,Suggested
2,Mx,North America,Fitness,original,63,101004,3832,357,stable,Music,Saturday,Afternoon,85253.7,15,0.437,Home
2,Ca,North America,Science,licensed,43,13557,648,47,rising,Dance,Wednesday,Evening,62987.8,23,0.416,Search
2,Mx,North America,News,original,55,391577,17990,1600,declining,Gaming,Saturday,Evening,103129.6,26,0.68,Search
1,Ca,North America,Comedy,trending,32,93243,6575,775,stable,Pets,Saturday,Afternoon,114010.2,20,0.512,ForYou
1,Mx,North America,Automotive,original,24,123565,10900,1476,declining,Education,Wednesday,Afternoon,103129.6,25,0.817,ForYou
1,Ca,North America,Gaming,trending,41,9601,719,91,declining,Pets,Sunday,Afternoon,103650.5,22,0.778,Search
1,Ca,North America,Automotive,trending,30,7544,901,65,seasonal,Sports,Wednesday,Morning,92793.9,22,0.58,ForYou
1,Us,North America,Education,licensed,37,28774,1626,241,rising,Food,Thursday,Afternoon,112406,25,0.673,Search
1,Ca,North America,Fitness,trending,37,70011,6095,546,declining,Education,Saturday,Afternoon,103877.5,24,0.765,ForYou
1,Mx,North America,Comedy,original,19,62549,2817,340,declining,Education,Friday,Evening,106288.7,25,0.537,ForYou
1,Us,North America,Tech,licensed,16,49214,2237,214,stable,Music,Thursday,Morning,95337.6,21,0.675,Search
1,Us,North America,Comedy,trending,47,56733,5241,672,seasonal,Comedy,Sunday,Evening,100666.5,26,0.685,ForYou
1,Us,North America,Music,licensed,75,141465,13270,977,seasonal,Food,Tuesday,Evening,81361.8,22,0.801,ForYou
1,Mx,North America,Sports,licensed,16,54609,2776,357,stable,Music,Wednesday,Morning,114247.5,12,0.706,ForYou
1,Ca,North America,Education,original,26,535369,46355,5691,declining,Music,Friday,Evening,140206,23,0.669,External
1,Mx,North America,Beauty,original,19,17382,1374,125,declining,Dance,Wednesday,Evening,109892.4,22,0.526,Following
1,Ca,North America,Beauty,licensed,12,30092,1982,296,rising,Gaming,Thursday,Evening,89258.4,29,0.633,Search
2,Us,North America,Finance,trending,41,11218,430,51,stable,Sports,Saturday,Afternoon,93745.1,22,0.488,Home
2,Mx,North America,Pets,trending,55,93267,3417,460,seasonal,Comedy,Friday,Evening,139280.8,28,0.48,Home
2,Us,North America,Art,trending,57,17463,420,44,seasonal,Tech,Monday,Afternoon,115624.3,29,0.742,Suggested
2,Us,North America,Food,original,22,112741,2336,258,stable,Travel,Tuesday,Night,98586,19,0.445,Home
2,Ca,North America,Music,trending,43,55549,2521,181,declining,Sports,Tuesday,Morning,98586,26,0.477,Home
1,Ca,North America,News,trending,15,57992,4283,580,stable,Fashion,Saturday,Afternoon,104730.1,19,0.553,ForYou
1,Ca,North America,Sports,licensed,29,36181,2673,249,seasonal,Tech,Tuesday,Evening,92793.9,21,0.717,ForYou
1,Mx,North America,Gaming,licensed,44,86902,6596,760,rising,Music,Thursday,Afternoon,90216.6,23,0.505,External
1,Us,North America,Art,original,23,95027,6518,863,stable,Beauty,Monday,Evening,93418,27,0.73,ForYou
1,Mx,North America,Education,original,21,54179,2648,395,stable,Fashion,Friday,Morning,132796.4,18,0.733,Search
1,Ca,North America,Music,original,42,83632,8760,943,stable,Gaming,Saturday,Night,103129.6,30,0.514,ForYou
1,Mx,North America,Travel,licensed,36,27404,2622,252,declining,Comedy,Thursday,Evening,103279.3,13,0.564,Search
1,Ca,North America,Music,trending,30,50913,2958,341,declining,Fashion,Sunday,Afternoon,101280.2,22,0.72,ForYou
1,Ca,North America,Beauty,licensed,40,116498,5258,335,rising,Pets,Sunday,Morning,82901.5,17,0.735,ForYou
1,Ca,North America,Comedy,original,30,17618,1297,85,rising,Sports,Thursday,Morning,100266.4,24,0.82,Search
2,Mx,North America,Food,trending,37,23837,559,52,rising,Beauty,Friday,Evening,95392.8,28,0.589,External
2,Us,North America,Comedy,licensed,65,35586,965,94,seasonal,Dance,Friday,Morning,78488.3,20,0.508,External
2,Ca,North America,Travel,original,25,59188,2319,285,rising,Dance,Friday,Afternoon,85893.3,15,0.596,Home
2,Ca,North America,Science,trending,32,38640,1323,155,stable,Food,Friday,Evening,138164.6,27,0.5,Home
2,Ca,North America,Sports,original,31,22861,1550,154,seasonal,Pets,Saturday,Afternoon,82901.5,17,0.69,Search
2,Us,North America,Food,licensed,29,50705,1327,215,rising,Education,Thursday,Evening,148726.3,16,0.524,Search
2,Us,North America,Food,original,40,131135,7250,698,rising,Beauty,Tuesday,Afternoon,106642.8,27,0.458,Home
1,Us,North America,Gaming,trending,43,100363,5601,723,declining,Beauty,Sunday,Afternoon,84701.8,21,0.709,Following
1,Ca,North America,Fashion,licensed,42,45822,2711,247,rising,Gaming,Monday,Night,97756.8,28,0.755,ForYou
1,Ca,North America,DIY,original,18,70765,6497,842,declining,Fashion,Wednesday,Morning,83077.8,22,0.689,ForYou
1,Ca,North America,Comedy,trending,34,51328,4715,291,stable,Beauty,Wednesday,Evening,90272.6,22,0.732,External
1,Mx,North America,Music,trending,24,166597,8712,1045,stable,Food,Monday,Evening,95832.5,20,0.829,ForYou
1,Us,North America,Sports,licensed,54,13696,871,105,stable,Comedy,Tuesday,Night,104730.1,14,0.796,ForYou
1,Ca,North America,Education,licensed,75,202845,14658,1111,stable,Comedy,Friday,Morning,102500.9,22,0.78,ForYou
1,Us,North America,Automotive,licensed,28,51130,3139,448,stable,Lifestyle,Saturday,Evening,78592,22,0.811,ForYou
1,Mx,North America,Sports,licensed,33,12061,624,65,stable,Comedy,Friday,Evening,96938.3,13,0.797,ForYou
1,Mx,North America,Automotive,licensed,44,63180,2711,266,stable,Education,Thursday,Night,120470,27,0.652,ForYou
1,Mx,North America,Comedy,original,25,584360,58740,7400,rising,Fashion,Friday,Night,82087.3,21,0.576,ForYou
2,Us,North America,Automotive,original,31,31425,734,53,seasonal,Lifestyle,Sunday,Night,74817.7,22,0.745,Search
2,Us,North America,Tech,original,12,76530,4589,537,declining,Dance,Wednesday,Evening,89104.7,22,0.667,Search
2,Ca,North America,Automotive,licensed,33,124720,4252,366,declining,Dance,Friday,Evening,88276,22,0.527,Home
2,Ca,North America,Sports,trending,24,171929,8469,887,stable,Music,Friday,Afternoon,121486.6,26,0.483,Suggested
2,Us,North America,Science,licensed,43,103248,3111,341,rising,Music,Saturday,Evening,96402.7,23,0.572,Home
2,Mx,North America,Gaming,licensed,15,104815,5445,552,declining,Dance,Friday,Afternoon,95241.7,22,0.453,Search
2,Mx,North America,Comedy,licensed,73,12357,356,23,declining,Food,Monday,Evening,109289.1,16,0.479,Home
2,Mx,North America,Art,licensed,16,50551,2449,367,seasonal,Tech,Saturday,Afternoon,94693.5,24,0.612,Suggested
1,Us,North America,Automotive,original,27,238996,17197,2311,declining,Sports,Saturday,Evening,97694.6,28,0.667,Following
1,Ca,North America,Finance,trending,30,4053,282,27,declining,Beauty,Tuesday,Afternoon,104933.1,22,0.53,Search
1,Mx,North America,Tech,trending,21,363170,19796,1394,rising,Food,Saturday,Afternoon,114135.1,23,0.552,Search
1,Mx,North America,Science,trending,50,193786,6772,650,seasonal,Pets,Friday,Night,105769.8,22,0.614,Following
1,Ca,North America,Food,licensed,32,48680,3828,514,seasonal,Lifestyle,Thursday,Afternoon,92280.2,22,0.584,ForYou
1,Us,North America,Comedy,original,59,165378,14177,987,rising,Food,Tuesday,Evening,83527.1,18,0.51,ForYou
1,Us,North America,Science,trending,32,33597,3402,420,seasonal,Fashion,Sunday,Evening,94562.8,21,0.716,ForYou
1,Mx,North America,Comedy,licensed,16,61918,4049,558,seasonal,Sports,Saturday,Evening,87354.2,22,0.769,ForYou
1,Mx,North America,Travel,original,38,49850,2692,380,seasonal,Dance,Friday,Evening,111632,20,0.697,Search
1,Mx,North America,News,original,20,128076,9369,973,seasonal,Tech,Friday,Night,115352,32,0.63,ForYou
1,Mx,North America,Lifestyle,original,20,48756,3925,445,stable,Pets,Thursday,Evening,87047.6,22,0.7,Search
1,Ca,North America,News,licensed,19,167085,5565,841,seasonal,Travel,Friday,Evening,86079.6,20,0.532,External
1,Ca,North America,Education,licensed,25,23829,1271,167,seasonal,Sports,Tuesday,Evening,84909.5,22,0.516,ForYou
2,Ca,North America,Fashion,trending,29,30737,674,78,declining,Lifestyle,Friday,Afternoon,89719.5,24,0.683,Home
2,Us,North America,News,licensed,38,87771,2447,214,stable,Food,Friday,Morning,121486.6,16,0.634,Home
2,Mx,North America,DIY,licensed,36,48476,1510,156,seasonal,Beauty,Friday,Evening,108022.1,20,0.731,Home
2,Mx,North America,News,trending,15,75261,2472,191,declining,Beauty,Sunday,Morning,91096.1,28,0.467,Home
2,Us,North America,Automotive,trending,14,72237,2111,304,rising,Education,Tuesday,Night,89086.7,30,0.671,Suggested
2,Mx,North America,Music,trending,27,74260,4618,388,stable,Education,Thursday,Evening,104933.1,32,0.448,Home
2,Mx,North America,Beauty,original,29,17045,650,65,stable,Tech,Saturday,Evening,101422.3,21,0.628,External
2,Ca,North America,Comedy,trending,28,11664,207,17,declining,Fashion,Tuesday,Evening,84206,22,0.471,Search
1,Mx,North America,Finance,trending,15,37937,2482,328,stable,Pets,Sunday,Evening,92277.3,24,0.5,ForYou
1,Ca,North America,Lifestyle,original,18,195659,14140,1399,declining,Travel,Tuesday,Morning,85723.7,18,0.556,Search
1,Us,North America,Sports,trending,26,137676,7107,953,seasonal,Lifestyle,Wednesday,Morning,110987.8,26,0.754,ForYou
1,Ca,North America,Tech,licensed,46,77561,5407,690,declining,Pets,Friday,Evening,68784.4,22,0.739,ForYou
1,Mx,North America,Beauty,trending,21,87341,2496,244,rising,Travel,Tuesday,Afternoon,105616,20,0.843,ForYou
1,Mx,North America,Fitness,original,16,150592,5396,816,declining,Dance,Friday,Evening,105000,24,0.662,ForYou
1,Us,North America,Food,original,28,80139,6662,895,rising,Education,Saturday,Evening,102500.9,18,0.668,ForYou
1,Ca,North America,Lifestyle,trending,18,22843,1948,194,rising,Sports,Monday,Evening,93714.6,28,0.694,ForYou
1,Us,North America,Lifestyle,licensed,24,31260,2863,479,stable,Travel,Tuesday,Afternoon,103117.8,24,0.583,ForYou
1,Mx,North America,Fitness,original,28,30497,1565,238,stable,Dance,Sunday,Evening,85260.3,22,0.829,External
1,Mx,North America,Fitness,trending,73,156889,13948,2093,seasonal,Food,Friday,Evening,97585.7,25,0.707,ForYou
1,Ca,North America,Food,original,36,55236,4131,309,seasonal,Lifestyle,Tuesday,Evening,84461,22,0.742,Following
1,Mx,North America,Pets,licensed,42,95038,3400,210,stable,Sports,Saturday,Afternoon,110084.9,28,0.831,ForYou
1,Mx,North America,Art,original,30,22662,1369,160,stable,Sports,Saturday,Evening,86941.3,24,0.683,ForYou
1,Ca,North America,DIY,trending,31,90259,5931,544,rising,Travel,Tuesday,Evening,96208.1,22,0.748,ForYou
1,Ca,North America,DIY,original,21,44549,2864,305,rising,Gaming,Monday,Evening,92701.6,28,0.624,External
1,Ca,North America,Automotive,trending,33,188916,9138,944,declining,Sports,Sunday,Night,81898.6,22,0.661,External
2,Mx,North America,Gaming,trending,31,57199,1850,226,seasonal,Sports,Sunday,Afternoon,110873,22,0.581,Home
2,Mx,North America,Music,licensed,45,14847,961,96,stable,Tech,Friday,Evening,82901.5,31,0.709,Suggested
2,Ca,North America,Art,original,26,29478,1545,184,stable,Tech,Tuesday,Morning,97915.1,31,0.596,External
2,Ca,North America,Pets,licensed,77,61569,3091,243,stable,Pets,Monday,Afternoon,91102.6,19,0.704,Suggested
2,Mx,North America,Automotive,licensed,19,37743,1102,91,seasonal,Tech,Tuesday,Evening,89086.7,29,0.411,Suggested
2,Us,North America,Fashion,original,66,21798,952,94,seasonal,Travel,Monday,Evening,99869.9,20,0.745,Search
2,Mx,North America,Pets,licensed,33,29446,1623,102,rising,Food,Friday,Evening,117704,26,0.461,Home
2,Us,North America,Education,trending,75,87522,2783,276,stable,Sports,Saturday,Evening,92976.5,22,0.712,Home
1,Mx,North America,DIY,original,35,121910,9580,1354,declining,Education,Thursday,Afternoon,109258.2,30,0.534,ForYou
1,Mx,North America,News,licensed,37,14844,840,89,rising,Comedy,Friday,Evening,78592,24,0.532,ForYou
1,Mx,North America,Art,original,35,4738,526,54,rising,Comedy,Wednesday,Evening,146427.8,28,0.7,Following
1,Us,North America,Automotive,licensed,26,42852,2342,255,declining,Lifestyle,Sunday,Morning,114135.1,27,0.808,ForYou
1,Us,North America,News,licensed,18,85186,8254,1151,declining,Music,Friday,Evening,95580.2,23,0.822,ForYou
1,Us,North America,Tech,licensed,33,66405,5541,436,stable,Music,Friday,Afternoon,97568.1,28,0.639,External
1,Us,North America,Travel,licensed,45,426759,26882,2501,rising,Travel,Thursday,Evening,106317.9,27,0.833,ForYou
1,Ca,North America,Music,original,31,29661,1838,154,rising,Tech,Friday,Evening,93948.2,29,0.574,Search
1,Mx,North America,Fashion,licensed,33,88103,7319,589,rising,Music,Sunday,Afternoon,90412.1,26,0.603,ForYou
1,Mx,North America,News,original,43,85470,10546,1225,stable,Dance,Friday,Night,98586,23,0.547,ForYou
2,Mx,North America,Tech,original,17,134377,5244,712,seasonal,Travel,Friday,Morning,127785.3,20,0.659,External
2,Us,North America,Beauty,licensed,39,40178,1357,174,declining,DIY,Friday,Afternoon,78592,24,0.5,Search
2,Mx,North America,Art,licensed,26,24751,1141,158,stable,Lifestyle,Friday,Night,70232.9,21,0.515,Home
2,Mx,North America,Fitness,trending,15,30039,751,64,declining,Travel,Sunday,Night,107001.5,25,0.473,Suggested
2,Mx,North America,Fashion,licensed,23,338240,14034,1291,declining,Dance,Friday,Evening,130631.3,24,0.665,External
2,Us,North America,Science,original,28,31719,1069,142,stable,Travel,Sunday,Evening,96533.9,19,0.714,Search
2,Mx,North America,DIY,trending,53,65400,2112,169,stable,Comedy,Friday,Afternoon,108139.9,9,0.709,Suggested
2,Us,North America,Sports,licensed,25,39729,1113,106,declining,Lifestyle,Sunday,Evening,100230.7,24,0.7,Home
1,Us,North America,Education,original,22,22741,2164,190,stable,Pets,Saturday,Evening,93745.1,20,0.75,ForYou
1,Us,North America,Finance,trending,16,122592,8387,1019,stable,Gaming,Tuesday,Evening,83079,25,0.675,Following
1,Mx,North America,News,original,61,137374,9775,1443,rising,Travel,Saturday,Evening,113750.9,25,0.572,Search
1,Mx,North America,Travel,original,33,47079,3581,463,rising,DIY,Friday,Evening,101355.4,25,0.833,Search
1,Mx,North America,Pets,trending,25,202001,9788,827,rising,Travel,Saturday,Evening,96398.5,19,0.788,ForYou
1,Ca,North America,Finance,original,45,61737,3269,417,declining,Fashion,Friday,Afternoon,98122.4,21,0.769,ForYou
1,Mx,North America,Sports,licensed,16,41629,3724,450,declining,Pets,Sunday,Morning,107322.2,27,0.675,ForYou
1,Ca,North America,Beauty,original,48,15013,1287,150,stable,Pets,Friday,Evening,83077.8,22,0.715,ForYou
1,Ca,North America,Finance,licensed,33,124939,12258,1947,declining,Comedy,Sunday,Night,149855.5,22,0.779,External
1,Mx,North America,Art,original,22,18950,817,116,seasonal,Pets,Monday,Evening,94562.8,20,0.805,ForYou
1,Us,North America,Pets,licensed,18,66819,4357,548,seasonal,Dance,Monday,Evening,107227.4,15,0.711,Search
1,Mx,North America,Travel,trending,15,33847,3372,282,stable,Comedy,Friday,Evening,102994.2,9,0.787,ForYou
1,Us,North America,Finance,licensed,75,37539,1794,249,seasonal,Sports,Friday,Night,87740.9,22,0.808,External
2,Mx,North America,DIY,original,16,126870,4342,580,seasonal,Gaming,Friday,Evening,111482.5,25,0.431,Home
2,Mx,North America,Comedy,original,35,122250,6553,476,declining,Fashion,Wednesday,Night,139280.8,17,0.583,Home
2,Us,North America,Education,original,25,76979,4084,568,declining,Tech,Friday,Night,102026.5,23,0.52,Search
2,Us,North America,Sports,original,21,79465,2417,376,rising,Travel,Friday,Afternoon,106361,19,0.633,Home
2,Ca,North America,Fashion,trending,44,58840,2553,208,stable,Sports,Friday,Evening,91634.1,22,0.718,External
2,Us,North America,Science,licensed,38,63116,2090,195,seasonal,Food,Saturday,Afternoon,104142.7,23,0.732,Home
2,Mx,North America,News,original,26,33149,978,136,rising,Comedy,Friday,Evening,102133.2,27,0.585,Search
2,Us,North America,Education,trending,36,24769,617,54,declining,Fashion,Thursday,Evening,65130,18,0.447,Search
1,Us,North America,Science,trending,24,6844,206,19,declining,Food,Friday,Afternoon,132877.7,29,0.654,Search
1,Us,North America,Fashion,original,16,290698,14792,2307,stable,Education,Friday,Evening,127439.6,18,0.762,Following
1,Us,North America,Education,original,29,30976,1492,149,rising,Dance,Sunday,Afternoon,108022.1,25,0.834,Search
1,Ca,North America,Travel,licensed,31,32102,3154,423,rising,Beauty,Sunday,Evening,92945.6,29,0.758,ForYou
1,Ca,North America,Automotive,original,33,210041,10639,1439,stable,Sports,Friday,Afternoon,104933.1,22,0.582,External
1,Ca,North America,Art,original,19,375135,30243,2360,rising,Food,Monday,Evening,119732.9,29,0.7,ForYou
1,Us,North America,Tech,trending,19,45217,3931,466,seasonal,Education,Saturday,Night,106708.3,27,0.663,Search
1,Us,North America,Sports,trending,15,9047,816,53,seasonal,Sports,Friday,Evening,102347.6,24,0.82,External
1,Mx,North America,Finance,original,47,21184,1751,218,declining,Food,Monday,Evening,102026.5,22,0.828,External
1,Ca,North America,Travel,trending,15,65434,4546,531,declining,Comedy,Tuesday,Afternoon,103274.6,31,0.68,ForYou
1,Ca,North America,Finance,original,38,56346,5451,439,rising,Education,Friday,Evening,113842.7,32,0.55,ForYou
1,Ca,North America,News,licensed,24,48152,1399,190,declining,Music,Friday,Morning,88981.6,28,0.696,Following
1,Mx,North America,Travel,original,32,75391,6779,492,rising,Music,Friday,Evening,101280.2,15,0.703,Search
2,Ca,North America,Education,licensed,16,24826,896,113,stable,Dance,Thursday,Morning,102802.1,23,0.481,Suggested
2,Ca,North America,Science,trending,54,31109,936,136,stable,Education,Wednesday,Morning,92280.2,16,0.556,Home
2,Ca,North America,Science,original,56,21742,761,85,seasonal,Dance,Friday,Evening,71889.4,20,0.584,Suggested
2,Mx,North America,Fitness,original,53,171346,7647,879,seasonal,Gaming,Friday,Afternoon,94953.4,25,0.643,External
1,Us,North America,Tech,licensed,27,57515,3000,405,seasonal,Music,Sunday,Evening,105983.5,26,0.789,ForYou
1,Mx,North America,Fashion,trending,34,59647,5282,731,rising,Sports,Friday,Evening,114885,22,0.591,ForYou
1,Ca,North America,Fashion,trending,37,72807,4310,610,seasonal,Food,Friday,Night,116083.5,26,0.611,Search
1,Ca,North America,Comedy,licensed,48,127850,6755,876,stable,Tech,Friday,Night,102500.9,24,0.844,ForYou
1,Mx,North America,Beauty,licensed,34,47728,2988,279,stable,Gaming,Friday,Morning,91480.6,28,0.597,ForYou
1,Ca,North America,Art,trending,51,79200,4425,442,declining,Pets,Wednesday,Evening,103279.3,17,0.531,Search
1,Ca,North America,Food,original,19,58136,5861,428,declining,Pets,Friday,Evening,103650.5,24,0.542,ForYou
2,Ca,North America,Pets,trending,36,78276,3035,458,declining,Comedy,Sunday,Morning,102026.5,14,0.522,Home
2,Us,North America,Automotive,trending,28,62370,2174,166,seasonal,Gaming,Thursday,Afternoon,112356.1,25,0.532,External
2,Mx,North America,News,licensed,40,61535,2896,223,seasonal,Dance,Friday,Evening,104175.6,22,0.605,Suggested
2,Mx,North America,Automotive,licensed,51,71021,2393,176,stable,Fashion,Friday,Evening,92140.4,22,0.72,Home
2,Ca,North America,Finance,licensed,72,38617,1114,136,rising,Comedy,Monday,Afternoon,99253.8,27,0.733,External
2,Ca,North America,DIY,original,27,77225,1963,183,declining,Music,Sunday,Afternoon,91307.8,14,0.481,Home
1,Mx,North America,Food,trending,29,119782,13391,1530,rising,Travel,Sunday,Evening,88998.8,25,0.817,Search
2,Us,North America,Tech,trending,39,26772,1265,173,seasonal,Fashion,Sunday,Evening,169151.3,21,0.528,Home
2,Ca,North America,Sports,licensed,45,18296,830,124,seasonal,Gaming,Sunday,Evening,70634.2,27,0.744,Home
2,Mx,North America,Education,trending,28,199720,8840,932,rising,Sports,Friday,Afternoon,124662.1,22,0.45,Suggested
2,Us,North America,Automotive,licensed,27,16395,662,87,seasonal,Fashion,Friday,Morning,107717.7,23,0.733,Search
2,Ca,North America,Finance,original,90,94648,1572,243,stable,Tech,Thursday,Morning,117301.2,21,0.67,Suggested
2,Us,North America,Fitness,trending,31,133968,4747,586,stable,Sports,Thursday,Evening,133984.4,22,0.468,Home
2,Us,North America,Fitness,licensed,67,292097,7117,715,seasonal,Comedy,Friday,Evening,89206.3,27,0.576,Home
1,Mx,North America,Automotive,trending,37,84077,5622,642,seasonal,Gaming,Thursday,Evening,99470.5,26,0.719,ForYou
1,Us,North America,Education,original,21,70105,3711,401,rising,Beauty,Saturday,Evening,76647.2,22,0.614,ForYou
1,Mx,North America,Travel,licensed,19,29101,1885,194,declining,Dance,Saturday,Afternoon,89534.9,22,0.747,External
1,Mx,North America,Music,trending,34,71437,5110,642,seasonal,Food,Friday,Evening,109040.9,26,0.612,ForYou
1,Ca,North America,News,licensed,17,18669,682,104,declining,Education,Friday,Afternoon,70084.8,25,0.741,Following
1,Us,North America,Travel,licensed,34,12113,849,71,seasonal,Travel,Friday,Evening,99200.2,19,0.597,ForYou
1,Ca,North America,Fashion,licensed,48,18957,784,63,rising,Comedy,Wednesday,Afternoon,115352,24,0.69,Search
1,Mx,North America,Finance,trending,24,126443,9782,665,seasonal,Dance,Tuesday,Evening,67655.6,15,0.562,ForYou
1,Ca,North America,Food,trending,18,19505,2299,158,rising,Pets,Saturday,Afternoon,107322.2,26,0.589,ForYou
1,Mx,North America,Sports,licensed,34,165783,10227,1332,seasonal,Sports,Friday,Evening,102133.2,22,0.615,ForYou
1,Us,North America,Gaming,licensed,49,375919,24567,2460,rising,Tech,Monday,Morning,112119.2,24,0.561,ForYou
1,Ca,North America,Fitness,trending,75,136340,10604,1240,stable,Fashion,Saturday,Evening,131154.2,19,0.628,External
2,Mx,North America,Comedy,licensed,27,39668,1356,127,stable,Food,Saturday,Morning,114135.1,20,0.437,Home
2,Us,North America,News,trending,51,10629,309,29,stable,Music,Monday,Evening,85683.8,12,0.747,Suggested
2,Mx,North America,Food,trending,18,207842,16003,2356,declining,Dance,Friday,Evening,112709.6,15,0.556,Suggested
2,Mx,North America,Gaming,trending,38,175102,6067,836,stable,Food,Thursday,Evening,115624.3,29,0.416,Home
2,Us,North America,Sports,original,30,95816,5587,581,seasonal,DIY,Wednesday,Evening,98396.5,19,0.58,Search
1,Mx,North America,Education,original,30,10027,982,74,declining,Pets,Sunday,Night,78225,22,0.673,ForYou
1,Mx,North America,Travel,licensed,27,59865,4597,652,rising,Travel,Thursday,Morning,99200.2,23,0.507,ForYou
1,Mx,North America,Education,licensed,35,168279,8097,700,declining,Lifestyle,Friday,Afternoon,93391.6,22,0.549,ForYou
1,Us,North America,Art,original,32,48741,4893,737,seasonal,Gaming,Thursday,Evening,87342.1,28,0.75,ForYou
1,Us,North America,Art,trending,58,10863,675,79,declining,Sports,Saturday,Evening,104142.7,26,0.845,ForYou
1,Us,North America,Food,trending,11,457966,20525,1632,rising,Gaming,Monday,Evening,120866.4,28,0.727,Following
1,Mx,North America,Tech,original,40,11427,678,55,seasonal,Tech,Thursday,Morning,111632,24,0.812,Following
1,Mx,North America,Automotive,licensed,28,15245,1417,166,seasonal,Fashion,Saturday,Evening,80018.9,21,0.711,ForYou
1,Ca,North America,Art,licensed,21,98419,6265,442,stable,Pets,Monday,Evening,83290.1,20,0.648,Following
1,Ca,North America,News,original,16,21218,1127,103,declining,Travel,Friday,Night,95297,26,0.556,ForYou
1,Mx,North America,News,original,29,19175,2384,370,declining,Travel,Tuesday,Evening,94810.9,21,0.534,ForYou
1,Mx,North America,Gaming,original,58,14686,659,64,seasonal,Gaming,Tuesday,Evening,104341.6,30,0.583,ForYou
2,Ca,North America,Comedy,original,47,76413,2750,219,stable,Music,Friday,Evening,150203.4,26,0.589,External
2,Us,North America,Pets,licensed,62,88144,3500,339,stable,Travel,Saturday,Afternoon,106642.8,20,0.737,Home
2,Us,North America,Beauty,licensed,40,56721,3005,435,seasonal,Gaming,Wednesday,Evening,89104.7,27,0.633,Suggested
2,Mx,North America,Travel,licensed,33,51815,1345,196,declining,Sports,Friday,Evening,108133.7,22,0.409,Suggested
2,Ca,North America,Comedy,original,68,77415,2453,220,seasonal,Lifestyle,Friday,Morning,79597.8,20,0.643,Home
2,Ca,North America,Travel,trending,17,95132,2307,161,rising,Gaming,Saturday,Evening,93663.5,30,0.459,Suggested
2,Us,North America,Automotive,licensed,90,87832,2211,156,seasonal,Tech,Tuesday,Afternoon,129372.5,29,0.446,Search
2,Us,North America,Science,original,34,33413,1914,173,seasonal,Travel,Saturday,Morning,92439.5,24,0.726,Suggested
2,Mx,North America,Gaming,trending,59,14064,691,61,declining,Lifestyle,Sunday,Evening,109275.4,25,0.605,Suggested
1,Ca,North America,Travel,licensed,16,65722,4894,772,stable,Pets,Wednesday,Night,86911.3,26,0.65,ForYou
1,Ca,North America,Fashion,original,31,60184,2870,418,seasonal,Beauty,Tuesday,Morning,128635.5,31,0.719,ForYou
1,Us,North America,News,licensed,44,165985,7935,1054,stable,Beauty,Friday,Evening,67683.2,23,0.707,ForYou
1,Us,North America,Automotive,trending,33,75589,4169,332,declining,Food,Friday,Evening,101576.1,26,0.785,ForYou
1,Ca,North America,News,original,39,80782,6063,962,stable,Sports,Monday,Morning,90954.4,24,0.541,Following
1,Mx,North America,Lifestyle,original,46,4559,238,38,stable,Beauty,Tuesday,Evening,93663.5,27,0.674,ForYou
1,Mx,North America,Lifestyle,licensed,10,179757,9621,1321,seasonal,Music,Sunday,Morning,94031.5,26,0.65,ForYou
1,Ca,North America,Tech,licensed,52,403271,25951,1876,declining,Sports,Monday,Evening,92393.3,26,0.637,ForYou
1,Mx,North America,Fashion,licensed,18,12872,789,123,declining,Beauty,Thursday,Night,97125.1,27,0.683,ForYou
1,Us,North America,Tech,licensed,33,8176,391,57,rising,Food,Tuesday,Evening,95932.9,24,0.742,ForYou
1,Mx,North America,Science,trending,33,261846,17514,1890,seasonal,Beauty,Sunday,Evening,100632.8,28,0.648,External
1,Us,North America,Music,licensed,66,62869,5033,328,stable,Fashion,Monday,Afternoon,103450.2,18,0.783,ForYou
1,Us,North America,Fitness,trending,45,637224,53792,4379,declining,Fashion,Friday,Evening,94296.6,22,0.818,ForYou
1,Ca,North America,Education,trending,30,39462,3415,294,rising,Education,Thursday,Evening,76521.1,18,0.627,ForYou
1,Us,North America,Sports,licensed,37,175070,13861,1424,declining,Dance,Sunday,Morning,109586,20,0.77,ForYou
1,Us,North America,DIY,original,16,22042,1276,172,declining,Food,Sunday,Evening,84030.9,29,0.769,ForYou
2,Ca,North America,Fitness,trending,33,190479,7314,630,stable,Tech,Sunday,Night,104056.7,31,0.588,Suggested
2,Mx,North America,Lifestyle,licensed,26,124731,6522,581,declining,Tech,Thursday,Afternoon,117704,24,0.6,Home
2,Us,North America,Music,trending,29,105955,3022,285,seasonal,Dance,Thursday,Afternoon,92959.7,22,0.497,Home
2,Mx,North America,Travel,licensed,25,170963,10470,654,declining,Fashion,Thursday,Evening,84057.5,21,0.512,Suggested
2,Us,North America,News,original,18,15217,880,59,declining,Pets,Monday,Evening,75220.9,17,0.494,Home
2,Ca,North America,News,original,39,594684,28069,2102,declining,Music,Thursday,Afternoon,92959.7,23,0.562,Suggested
1,Us,North America,Food,trending,16,104522,7105,709,seasonal,Gaming,Friday,Afternoon,102347.6,25,0.619,Search
1,Us,North America,Science,original,18,114801,7815,908,rising,Beauty,Monday,Morning,102688.1,23,0.783,ForYou
1,Mx,North America,Art,original,31,16946,1488,121,rising,Music,Sunday,Evening,83998.9,23,0.639,ForYou
1,Ca,North America,Tech,licensed,37,142073,5789,460,stable,Food,Wednesday,Evening,83998.9,18,0.557,ForYou
1,Us,North America,Pets,original,27,13614,582,69,rising,Tech,Friday,Night,119864.1,24,0.789,ForYou
1,Ca,North America,Pets,licensed,46,34258,1234,168,seasonal,Beauty,Wednesday,Morning,124684.2,23,0.6,ForYou
1,Mx,North America,News,trending,45,27802,1447,144,seasonal,Education,Friday,Afternoon,103134.2,16,0.504,ForYou
1,Mx,North America,Fashion,original,24,28550,3471,337,rising,Dance,Wednesday,Afternoon,85706.8,20,0.658,ForYou
1,Ca,North America,Science,trending,65,16009,1076,79,seasonal,Beauty,Sunday,Morning,93427.1,23,0.686,ForYou
1,Mx,North America,Lifestyle,trending,34,51996,3297,511,rising,Education,Saturday,Afternoon,89981.8,32,0.715,Search
1,Us,North America,Travel,trending,13,15144,969,107,seasonal,Dance,Friday,Afternoon,94621.9,15,0.523,ForYou
1,Mx,North America,Sports,original,53,81968,8553,1024,stable,Pets,Friday,Morning,108022.1,24,0.508,Search
1,Us,North America,Food,trending,24,76062,2427,192,stable,Pets,Sunday,Evening,90840.6,22,0.846,ForYou
2,Us,North America,Food,trending,56,128389,4958,603,stable,Tech,Saturday,Evening,120160.2,29,0.446,External
2,Us,North America,Fitness,licensed,29,64298,3009,394,declining,Gaming,Wednesday,Afternoon,96426.1,29,0.472,External
2,Mx,North America,Fashion,trending,30,105386,4243,322,seasonal,Tech,Saturday,Night,92976.5,29,0.667,Suggested
2,Ca,North America,Fitness,trending,50,178760,9270,1020,seasonal,Gaming,Saturday,Evening,96533.9,27,0.656,Search
2,Ca,North America,Tech,original,58,10696,486,67,rising,Dance,Friday,Evening,73326.4,20,0.467,External
2,Us,North America,Finance,original,27,160812,12331,1129,stable,Dance,Friday,Night,91094.5,15,0.441,Home
2,Ca,North America,DIY,original,23,9156,325,40,declining,Pets,Thursday,Night,91699.8,20,0.457,Suggested
2,Ca,North America,Science,licensed,59,32066,1655,223,seasonal,Fashion,Saturday,Afternoon,127785.3,17,0.703,Search
2,Mx,North America,Food,original,60,122946,7222,654,rising,Sports,Friday,Evening,89258.4,22,0.693,External
2,Mx,North America,Science,original,21,24821,893,113,seasonal,Travel,Friday,Afternoon,70602,20,0.552,Suggested
2,Us,North America,Music,original,42,40461,1493,109,declining,Tech,Friday,Night,87047.6,27,0.488,Home
2,Mx,North America,DIY,licensed,47,36525,1073,100,stable,Fashion,Sunday,Afternoon,63469.8,21,0.664,Home
1,Us,North America,Lifestyle,original,31,169118,12341,1077,stable,Beauty,Tuesday,Evening,107658,27,0.681,External
1,Ca,North America,Fitness,original,24,13113,1555,159,declining,Tech,Friday,Evening,106361,24,0.783,Following
1,Us,North America,Tech,original,63,47904,2884,400,rising,Dance,Saturday,Evening,102956.3,15,0.513,Following
1,Ca,North America,Fitness,original,36,39932,2086,140,stable,Sports,Wednesday,Evening,80653.2,24,0.544,ForYou
1,Mx,North America,Education,trending,41,174244,15677,1392,declining,Dance,Friday,Evening,62424.1,23,0.634,ForYou
1,Ca,North America,Gaming,trending,31,76203,6156,636,seasonal,Travel,Sunday,Afternoon,68883.2,22,0.845,External
1,Us,North America,Science,licensed,38,318609,18680,2425,seasonal,Fashion,Sunday,Afternoon,82413.7,22,0.676,ForYou
1,Us,North America,Comedy,licensed,62,103948,6509,780,seasonal,Dance,Thursday,Afternoon,122780.7,20,0.81,ForYou
1,Us,North America,Travel,original,20,43954,3654,311,rising,Music,Wednesday,Evening,94166.9,29,0.71,ForYou
1,Ca,North America,Beauty,trending,44,44973,3845,547,rising,Comedy,Wednesday,Afternoon,110714.4,31,0.686,ForYou
2,Us,North America,Tech,licensed,32,72110,3848,445,rising,Lifestyle,Thursday,Evening,94296.6,19,0.703,Suggested
2,Mx,North America,Comedy,licensed,46,22727,1475,157,stable,Dance,Friday,Evening,90954.4,20,0.465,Suggested
2,Ca,North America,Finance,original,81,10097,343,26,declining,Tech,Friday,Evening,88754.2,26,0.652,Home
2,Us,North America,Fitness,licensed,42,47449,2852,436,declining,Education,Friday,Afternoon,80254.8,33,0.552,Home
2,Us,North America,Fashion,original,38,21639,1157,184,stable,Travel,Friday,Morning,75610.2,23,0.668,Suggested
2,Mx,North America,Gaming,trending,51,55444,2970,396,declining,Beauty,Sunday,Morning,100266.4,27,0.618,Home
2,Us,North America,Science,original,32,20987,987,104,seasonal,Sports,Wednesday,Morning,88998.8,24,0.7,Home
2,Mx,North America,Sports,trending,46,130306,4826,648,stable,Sports,Sunday,Afternoon,89114.6,26,0.48,Home
2,Ca,North America,Fashion,original,25,81701,2161,245,declining,Dance,Sunday,Evening,98709.4,17,0.656,Home
2,Us,North America,Automotive,original,59,28930,1182,151,rising,Comedy,Tuesday,Night,132974.8,29,0.707,Suggested
1,Ca,North America,Travel,trending,18,49070,2675,367,declining,Travel,Sunday,Afternoon,109586,24,0.778,External
1,Us,North America,Music,original,17,25656,1044,115,stable,Music,Friday,Evening,82843.2,28,0.547,ForYou
1,Ca,North America,Beauty,licensed,46,63925,4782,556,declining,Education,Friday,Afternoon,93418,16,0.589,Following
1,Us,North America,Fitness,original,20,95307,9944,1211,rising,Pets,Thursday,Morning,117704,17,0.61,ForYou
1,Us,North America,Art,trending,31,354420,25532,3477,seasonal,Beauty,Wednesday,Evening,110188.3,23,0.739,ForYou
1,Us,North America,DIY,original,31,274065,14174,1226,stable,Fashion,Friday,Morning,120182.5,20,0.842,Search
1,Mx,North America,Tech,original,24,53896,4095,426,declining,Travel,Friday,Evening,82843.2,24,0.704,External
1,Us,North America,Pets,licensed,25,185477,12606,1079,declining,Pets,Sunday,Evening,92069.4,17,0.708,Following
1,Ca,North America,DIY,original,14,79038,5901,670,rising,Beauty,Friday,Afternoon,91135.1,20,0.729,ForYou
1,Mx,North America,DIY,original,27,22601,725,90,stable,Comedy,Friday,Afternoon,85903.6,24,0.77,ForYou
1,Us,North America,Music,original,16,53886,5533,486,stable,Pets,Wednesday,Evening,94550.8,22,0.644,ForYou
2,Mx,North America,Food,original,52,35344,1093,71,stable,Travel,Friday,Morning,82901.5,20,0.458,Search
2,Us,North America,Gaming,original,20,23468,1662,242,rising,Gaming,Saturday,Morning,98586,27,0.705,Home
2,Ca,North America,Art,licensed,44,21788,1099,88,declining,Dance,Friday,Evening,99935.9,15,0.689,Search
2,Us,North America,Pets,trending,55,28825,1183,156,stable,Tech,Monday,Afternoon,89534.9,29,0.411,Suggested
2,Mx,North America,Comedy,original,48,146335,5511,656,declining,Tech,Friday,Evening,120089.6,26,0.696,Home
1,Ca,North America,Gaming,trending,36,75670,7850,1077,stable,Pets,Friday,Afternoon,111830.6,20,0.769,ForYou
1,Mx,North America,Education,original,28,217845,10869,1142,rising,Pets,Thursday,Evening,91145.8,26,0.571,Following
1,Us,North America,Education,licensed,31,111610,5975,553,seasonal,Sports,Monday,Evening,80653.2,28,0.716,ForYou
1,Mx,North America,Beauty,licensed,35,23700,1980,279,declining,Sports,Friday,Afternoon,87354.2,22,0.72,ForYou
1,Ca,North America,Art,licensed,58,156826,8225,663,seasonal,Tech,Wednesday,Evening,94166.9,25,0.805,ForYou
1,Ca,North America,News,licensed,38,6290,246,25,seasonal,Education,Wednesday,Evening,127501.8,16,0.516,ForYou
1,Ca,North America,Food,original,27,74392,4453,421,rising,Travel,Saturday,Afternoon,101377.8,23,0.848,ForYou
1,Ca,North America,Gaming,trending,21,42183,3229,389,stable,Music,Saturday,Morning,96533.9,26,0.59,External
1,Ca,North America,Tech,original,34,23707,2617,162,seasonal,Music,Friday,Evening,115000.4,26,0.832,ForYou
1,Ca,North America,Fashion,licensed,25,132607,10756,1366,stable,Sports,Sunday,Afternoon,116192.9,22,0.6,External
1,Us,North America,Travel,trending,24,41927,6709,915,declining,Pets,Sunday,Evening,114135.1,20,0.675,Search
1,Mx,North America,Tech,original,41,35538,3306,438,seasonal,Travel,Saturday,Night,82810.8,22,0.824,ForYou
2,Mx,North America,Gaming,original,15,60876,2358,284,declining,Fashion,Sunday,Evening,99253.8,22,0.553,Home
2,Mx,North America,News,trending,46,62229,1503,101,declining,Gaming,Sunday,Afternoon,110987.8,28,0.443,Suggested
2,Ca,North America,Sports,original,22,38555,2131,274,rising,Beauty,Sunday,Evening,101182.4,27,0.732,Search
2,Us,North America,Fashion,original,17,33996,1172,152,rising,Beauty,Wednesday,Evening,93427.1,22,0.665,Home
2,Ca,North America,Beauty,original,36,61245,2030,226,rising,Dance,Monday,Afternoon,89038.7,15,0.533,Suggested
2,Mx,North America,Travel,trending,28,179715,7293,549,rising,Beauty,Friday,Evening,104056.7,20,0.625,Suggested
1,Mx,North America,Finance,trending,30,17203,1216,191,seasonal,Gaming,Friday,Evening,87740.9,27,0.6,Search
1,Us,North America,Finance,trending,29,141321,11010,1632,stable,Sports,Monday,Morning,123148.2,26,0.755,ForYou
1,Us,North America,Tech,licensed,30,12369,576,65,stable,Dance,Sunday,Evening,104175.6,17,0.66,ForYou
1,Us,North America,Sports,original,26,87454,4895,585,declining,Pets,Tuesday,Morning,78162.1,17,0.835,Search
1,Ca,North America,Sports,original,27,82897,4908,665,rising,Travel,Monday,Afternoon,117704,20,0.656,ForYou
1,Us,North America,Science,original,18,32194,3767,493,seasonal,Sports,Thursday,Evening,82507.4,24,0.589,Following
1,Us,North America,Comedy,licensed,29,186297,18648,2183,rising,Food,Saturday,Night,81001,27,0.603,Following
1,Us,North America,Comedy,trending,60,5552,250,30,rising,Music,Friday,Evening,103611.2,12,0.698,ForYou
2,Us,North America,Music,licensed,56,27071,564,54,declining,Tech,Thursday,Evening,89206.3,26,0.559,Home
2,Ca,North America,Fashion,original,25,42053,1068,127,declining,Beauty,Friday,Evening,90369.7,21,0.644,Suggested
2,Ca,North America,Science,licensed,21,45074,1244,105,stable,Education,Tuesday,Evening,95201.4,16,0.643,Suggested
2,Ca,North America,Education,licensed,45,101482,3170,233,declining,Gaming,Friday,Afternoon,78967.4,28,0.74,Suggested
1,Ca,North America,Beauty,original,39,22774,1027,85,seasonal,Travel,Monday,Afternoon,93827.6,21,0.6,ForYou
1,Mx,North America,Lifestyle,licensed,31,164215,7492,526,seasonal,Comedy,Thursday,Evening,81777.9,32,0.6,ForYou
1,Mx,North America,Fitness,licensed,35,117366,10727,1270,rising,Travel,Sunday,Evening,104730.1,19,0.663,ForYou
1,Ca,North America,Fitness,original,24,20274,2029,242,rising,Pets,Saturday,Morning,105863.9,22,0.825,ForYou
1,Mx,North America,Gaming,original,20,39315,2666,191,rising,Pets,Monday,Evening,154865.6,24,0.835,ForYou
1,Ca,North America,Finance,licensed,12,95837,6532,490,seasonal,Gaming,Monday,Morning,104142.7,23,0.692,Search
1,Us,North America,Beauty,licensed,50,46546,2055,184,stable,Music,Friday,Evening,94144.9,25,0.716,ForYou
1,Mx,North America,Science,trending,31,30408,1639,172,rising,Dance,Wednesday,Evening,109892.4,15,0.752,ForYou
1,Ca,North America,Lifestyle,trending,29,18494,1494,201,stable,Food,Wednesday,Afternoon,100266.4,24,0.648,ForYou
1,Mx,North America,Music,trending,14,20401,1337,185,stable,Travel,Sunday,Evening,91380.1,20,0.543,Following
1,Mx,North America,Fashion,original,12,18010,1042,101,rising,Travel,Friday,Evening,97585.7,27,0.6,Following
1,Mx,North America,Pets,original,28,27146,2859,326,stable,Tech,Tuesday,Evening,104158.3,21,0.514,ForYou
1,Ca,North America,Beauty,original,26,26849,2370,308,stable,Comedy,Friday,Evening,108247,23,0.735,Following
1,Ca,North America,Travel,trending,30,78255,3957,501,declining,Music,Friday,Evening,106642.8,21,0.83,ForYou
1,Mx,North America,Music,trending,42,55425,3559,235,stable,Fashion,Monday,Evening,117301.2,20,0.536,ForYou
2,Mx,North America,Gaming,licensed,24,55119,2646,391,stable,Sports,Saturday,Night,94740.9,24,0.446,Home
2,Us,North America,Fashion,trending,41,45003,1380,196,rising,Beauty,Friday,Evening,84057.5,29,0.617,Home
2,Mx,North America,Finance,trending,26,88628,3846,254,seasonal,Food,Saturday,Evening,66508.8,23,0.604,Suggested
2,Ca,North America,Automotive,original,37,9093,354,24,rising,Comedy,Tuesday,Afternoon,99737.6,17,0.484,Search
2,Us,North America,Automotive,original,21,322807,10309,805,seasonal,Music,Friday,Evening,81411.1,26,0.476,Home
2,Ca,North America,Automotive,licensed,51,25523,1050,133,stable,Comedy,Friday,Evening,108537.2,11,0.461,Search
2,Ca,North America,Beauty,original,73,49677,1488,113,stable,Travel,Monday,Afternoon,66508.8,24,0.584,Suggested
2,Mx,North America,Art,trending,41,21739,1087,162,rising,Education,Thursday,Afternoon,108368.7,25,0.444,Search
2,Mx,North America,Automotive,licensed,90,30155,937,65,stable,Beauty,Friday,Afternoon,89114.6,20,0.69,Home
2,Mx,North America,DIY,licensed,69,18892,528,69,rising,Sports,Thursday,Evening,94123.3,22,0.643,Search
2,Us,North America,Pets,original,20,142036,7733,768,seasonal,Fashion,Friday,Afternoon,82879.7,18,0.7,Home
1,Mx,North America,Gaming,licensed,10,114583,11588,1169,seasonal,Travel,Friday,Night,89114.6,27,0.77,ForYou
1,Mx,North America,Beauty,licensed,23,44219,2516,338,declining,Pets,Monday,Evening,65130,22,0.77,ForYou
1,Mx,North America,Travel,original,34,142050,7608,557,declining,Beauty,Friday,Morning,133984.4,24,0.829,Search
2,Ca,North America,Comedy,licensed,29,44793,1846,271,seasonal,Beauty,Wednesday,Night,105585.7,27,0.503,Home
2,Mx,North America,Automotive,licensed,13,56860,2550,297,declining,Food,Friday,Afternoon,94827.3,23,0.715,Suggested
2,Ca,North America,Music,trending,46,99813,4742,504,stable,Comedy,Friday,Evening,109255,9,0.476,Suggested
2,Ca,North America,Lifestyle,original,44,50479,2509,192,rising,Travel,Saturday,Afternoon,91699.8,22,0.607,External
2,Mx,North America,Travel,original,58,197829,7540,635,rising,Tech,Saturday,Evening,98432,26,0.717,Suggested
2,Ca,North America,DIY,trending,20,43516,1851,152,declining,Travel,Monday,Afternoon,77534.9,19,0.57,Suggested
2,Us,North America,Gaming,licensed,49,25718,633,57,declining,Sports,Wednesday,Morning,75691.4,24,0.496,Suggested
2,Mx,North America,Travel,licensed,24,159233,10025,855,rising,Travel,Saturday,Night,90954.4,17,0.633,Search
2,Ca,North America,Fitness,original,79,90170,2352,320,rising,Beauty,Thursday,Night,105863.9,28,0.699,Home
2,Ca,North America,Comedy,original,33,22759,595,52,seasonal,Gaming,Wednesday,Morning,134413.3,27,0.618,Search
2,Ca,North America,Comedy,original,36,65417,2117,330,rising,Lifestyle,Friday,Morning,129372.5,30,0.472,Home
2,Mx,North America,Science,licensed,19,49396,2164,309,stable,Lifestyle,Friday,Morning,98396.5,21,0.637,Home
2,Us,North America,Beauty,licensed,39,66418,1713,146,rising,Sports,Saturday,Evening,98045.2,22,0.654,Home
2,Us,North America,News,original,36,63932,3577,486,rising,Travel,Sunday,Afternoon,85369.3,23,0.528,Home
2,Mx,North America,Food,licensed,56,75977,4780,650,rising,Tech,Tuesday,Evening,140206,26,0.504,Home
2,Mx,North America,Gaming,original,19,18739,530,42,stable,Gaming,Saturday,Morning,111980.2,28,0.432,Suggested
2,Ca,North America,Food,licensed,80,138021,7163,720,declining,Tech,Sunday,Morning,91145.8,23,0.726,Home
1,Ca,North America,Beauty,licensed,59,128009,8075,641,rising,Music,Saturday,Afternoon,77064.7,25,0.502,Following
1,Ca,North America,DIY,licensed,28,15757,1466,105,declining,Sports,Friday,Afternoon,92619,24,0.825,ForYou
1,Us,North America,Art,licensed,21,675347,45276,5216,declining,Travel,Sunday,Morning,109493.7,20,0.795,External
1,Us,North America,Fashion,trending,31,32999,1421,104,stable,Beauty,Tuesday,Evening,104933.1,21,0.716,Search
1,Mx,North America,Fashion,licensed,75,54467,5175,539,stable,Dance,Friday,Evening,89534.9,22,0.555,External
1,Ca,North America,Automotive,original,71,158077,9832,1283,rising,Fashion,Saturday,Night,107717.7,20,0.637,Search
1,Us,North America,Science,original,33,53532,3555,354,rising,Tech,Friday,Evening,96533.9,25,0.664,Search
1,Mx,North America,Food,licensed,51,66285,4524,328,declining,Travel,Saturday,Evening,118188.8,24,0.58,External
1,Us,North America,News,licensed,37,46141,5268,703,declining,Fashion,Friday,Evening,79636,17,0.619,ForYou
1,Mx,North America,Food,licensed,23,9017,589,89,seasonal,Gaming,Tuesday,Evening,87560.6,29,0.609,Following
1,Us,North America,Music,trending,10,37137,3659,552,stable,Pets,Friday,Afternoon,96474.3,26,0.62,External
1,Us,North America,Beauty,licensed,33,35736,2591,188,rising,Food,Friday,Night,101916.4,22,0.761,Search
1,Mx,North America,Comedy,trending,34,22265,1295,128,declining,Dance,Friday,Evening,94125.6,23,0.665,ForYou
2,Us,North America,Tech,original,53,116493,3181,485,seasonal,Comedy,Wednesday,Evening,108139.9,18,0.406,Suggested
2,Mx,North America,Lifestyle,trending,68,16428,667,57,stable,Travel,Thursday,Afternoon,111539.1,20,0.535,Home
1,Ca,North America,Lifestyle,licensed,30,52811,2876,344,rising,Music,Monday,Evening,112406,28,0.69,Search
1,Mx,North America,Beauty,original,30,247395,14580,1615,seasonal,Comedy,Tuesday,Evening,95866.1,29,0.533,Search
1,Us,North America,News,original,29,70204,2131,299,seasonal,Sports,Sunday,Night,96426.1,28,0.707,Following
1,Mx,North America,Automotive,licensed,23,114671,6168,830,rising,Fashion,Friday,Evening,108363,20,0.839,ForYou
1,Us,North America,Finance,licensed,20,22630,1126,165,seasonal,DIY,Friday,Evening,108840.2,22,0.535,ForYou
1,Mx,North America,Pets,licensed,23,878009,66852,11319,rising,Fashion,Wednesday,Afternoon,98301.3,22,0.752,ForYou
1,Us,North America,Tech,original,18,102649,5898,825,seasonal,Education,Saturday,Afternoon,85903.6,18,0.606,ForYou
1,Us,North America,Art,original,21,179199,10842,1531,seasonal,Dance,Friday,Night,76776.4,23,0.757,ForYou
1,Ca,North America,Comedy,original,16,26547,1720,113,declining,Lifestyle,Monday,Evening,94958.9,32,0.531,ForYou
1,Mx,North America,Art,original,18,14182,802,99,seasonal,Sports,Saturday,Morning,90369.7,22,0.639,Following
2,Ca,North America,Lifestyle,original,90,43411,874,104,stable,Lifestyle,Monday,Evening,101520.1,27,0.531,Search
1,Us,North America,Food,licensed,29,19398,1638,210,declining,Gaming,Friday,Evening,96533.9,29,0.659,Following
1,Us,North America,Comedy,original,25,61472,3443,210,stable,Sports,Tuesday,Evening,118634.1,28,0.804,ForYou
1,Ca,North America,Art,original,13,141567,11025,1701,seasonal,Lifestyle,Sunday,Evening,95517.7,22,0.585,Search
1,Mx,North America,Art,trending,43,202993,12052,1032,stable,Travel,Sunday,Evening,103117.8,22,0.774,External
1,Mx,North America,Comedy,trending,33,114870,7046,959,seasonal,Lifestyle,Friday,Afternoon,70155.9,24,0.688,Following
1,Us,North America,Automotive,licensed,30,16528,797,77,declining,Dance,Tuesday,Evening,92555.6,23,0.71,ForYou
1,Us,North America,Pets,trending,18,135752,4947,744,declining,Comedy,Sunday,Afternoon,93427.1,23,0.844,ForYou
1,Mx,North America,DIY,trending,32,39167,2137,254,seasonal,Lifestyle,Monday,Evening,115579.1,22,0.5,ForYou
1,Mx,North America,Comedy,trending,27,64467,3489,217,stable,Sports,Friday,Morning,83156.5,22,0.63,Following
1,Us,North America,Art,original,43,36387,2227,189,declining,Tech,Friday,Evening,107610.4,29,0.812,Following
1,Us,North America,Music,trending,12,16187,961,81,rising,Comedy,Wednesday,Evening,124662.1,22,0.592,ForYou
1,Ca,North America,Finance,licensed,17,177749,10188,1170,declining,Music,Friday,Evening,111410.3,26,0.694,Following
1,Us,North America,Sports,licensed,23,96239,6978,618,rising,Pets,Wednesday,Afternoon,124684.2,19,0.578,External
1,Us,North America,Music,original,44,47467,2881,219,stable,Music,Thursday,Evening,85148.5,25,0.611,ForYou
1,Ca,North America,Sports,licensed,17,59215,3488,533,declining,Beauty,Sunday,Evening,89206.3,22,0.6,ForYou
2,Ca,North America,Music,original,55,45434,1384,170,rising,Dance,Friday,Evening,106288.7,22,0.547,Search
2,Us,North America,Automotive,original,49,49849,2733,346,declining,Travel,Wednesday,Evening,95525.4,24,0.584,Home
2,Ca,North America,News,trending,34,85496,3720,480,declining,Travel,Friday,Morning,82901.5,18,0.718,Suggested
2,Ca,North America,Lifestyle,original,33,24714,740,100,seasonal,Comedy,Friday,Evening,116667.1,26,0.642,Home
2,Ca,North America,Comedy,trending,34,65120,1857,113,declining,Comedy,Tuesday,Evening,120866.4,31,0.735,Search
2,Us,North America,Pets,trending,57,66829,1243,185,declining,Music,Friday,Night,98301.3,23,0.728,Suggested
2,Ca,North America,Travel,licensed,48,115513,2993,201,stable,Travel,Friday,Morning,99230,24,0.425,External
2,Ca,North America,Pets,licensed,51,15278,1250,205,declining,Gaming,Sunday,Afternoon,89929.7,26,0.549,Suggested
2,Ca,North America,Sports,licensed,21,73499,1816,169,declining,Fashion,Tuesday,Evening,82918.8,23,0.543,Home
2,Mx,North America,Art,licensed,85,168316,4943,392,rising,Education,Sunday,Evening,89008.1,18,0.499,Search
1,Ca,North America,Music,trending,16,159588,13498,1696,declining,Gaming,Wednesday,Evening,96533.9,30,0.594,ForYou
1,Mx,North America,Finance,original,26,12816,575,49,stable,Food,Thursday,Afternoon,98781.3,15,0.715,Following
1,Ca,North America,Education,trending,41,243536,18825,1381,declining,Tech,Wednesday,Evening,82056.4,26,0.712,External
1,Ca,North America,Pets,trending,23,115173,5215,658,rising,Tech,Friday,Morning,85148.5,29,0.691,Following
1,Us,North America,Fitness,licensed,31,22974,2045,267,seasonal,Dance,Tuesday,Evening,114801.6,17,0.552,ForYou
1,Ca,North America,Finance,original,22,29510,1495,135,declining,Education,Saturday,Night,109552,16,0.727,ForYou
1,Ca,North America,News,licensed,20,133286,11802,1606,rising,Tech,Friday,Evening,81897,26,0.61,ForYou
1,Mx,North America,Science,original,24,57077,3879,439,seasonal,Lifestyle,Wednesday,Evening,79760.5,24,0.562,ForYou
1,Mx,North America,Food,licensed,15,18763,1673,148,rising,Gaming,Sunday,Evening,102347.6,28,0.74,Search
1,Mx,North America,Art,trending,29,46679,3304,324,stable,Lifestyle,Saturday,Afternoon,99230,32,0.783,ForYou
1,Us,North America,Fashion,licensed,25,58127,6041,422,stable,Tech,Friday,Evening,92655.5,29,0.692,ForYou
2,Ca,North America,Lifestyle,licensed,57,192246,5762,849,stable,Pets,Friday,Afternoon,111539.1,17,0.405,Suggested
2,Ca,North America,Food,trending,34,35840,1807,159,declining,Pets,Wednesday,Evening,68883.2,24,0.462,Home
2,Mx,North America,Fitness,trending,38,16597,599,69,seasonal,Food,Monday,Morning,109086.8,26,0.737,Home
2,Mx,North America,Fashion,original,70,244388,8284,1217,declining,Pets,Saturday,Evening,106361,24,0.564,Suggested
2,Mx,North America,Science,trending,45,31049,1468,155,stable,Travel,Monday,Afternoon,80243.4,23,0.498,Suggested
2,Mx,North America,Food,licensed,52,4539,190,12,stable,Food,Friday,Afternoon,95297,20,0.637,Suggested
2,Ca,North America,Education,trending,45,20142,560,44,rising,Sports,Saturday,Evening,94471.2,26,0.711,Suggested
2,Mx,North America,Automotive,original,40,79791,3336,503,seasonal,Music,Thursday,Evening,102994.2,21,0.545,External
2,Mx,North America,Gaming,original,27,30109,829,124,stable,Tech,Friday,Evening,116225.5,31,0.5,Search
1,Mx,North America,News,original,33,50962,3811,376,stable,Education,Saturday,Morning,98586,22,0.655,Following
1,Us,North America,DIY,original,25,125648,6570,873,rising,Gaming,Tuesday,Evening,78135.9,30,0.732,Search
1,Us,North America,Automotive,trending,33,153698,6460,607,stable,Sports,Wednesday,Evening,106288.7,26,0.591,ForYou
1,Mx,North America,Lifestyle,trending,58,28852,3203,369,seasonal,Comedy,Sunday,Evening,75220.9,14,0.726,ForYou
1,Mx,North America,Music,trending,41,299949,23843,1612,rising,Fashion,Sunday,Evening,92945.6,21,0.517,Following
1,Us,North America,Comedy,licensed,24,28977,3141,251,declining,Gaming,Wednesday,Evening,92655.5,30,0.65,Search
1,Mx,North America,Gaming,trending,42,68456,7230,495,declining,Fashion,Sunday,Evening,102500.9,17,0.576,ForYou
1,Ca,North America,Comedy,original,21,23970,2080,180,rising,Lifestyle,Tuesday,Afternoon,133984.4,23,0.538,Search
1,Us,North America,Travel,trending,38,93983,4056,497,seasonal,Food,Saturday,Afternoon,109753.9,24,0.761,Following
1,Ca,North America,Gaming,original,34,25003,1760,146,rising,Food,Tuesday,Morning,120866.4,14,0.659,ForYou
1,Us,North America,Tech,trending,17,27604,2477,349,declining,Gaming,Tuesday,Morning,108840.2,30,0.771,Search
1,Ca,North America,Finance,original,54,31702,1514,128,rising,Tech,Saturday,Evening,92542.5,26,0.63,Following
1,Ca,North America,Beauty,original,28,177610,14276,1694,seasonal,Tech,Saturday,Evening,92388.3,24,0.543,ForYou
2,Ca,North America,Lifestyle,original,46,130397,4975,667,stable,Gaming,Wednesday,Afternoon,112761.3,26,0.491,Suggested
2,Ca,North America,Sports,original,15,304792,10508,736,rising,Comedy,Tuesday,Evening,108022.1,24,0.693,Search
2,Ca,North America,Comedy,licensed,24,42350,1808,129,stable,Fashion,Friday,Night,102487.9,20,0.588,Home
2,Ca,North America,Science,licensed,79,26100,1396,192,seasonal,Tech,Friday,Evening,111410.3,31,0.647,Suggested
2,Us,North America,Finance,licensed,18,30398,986,99,seasonal,Pets,Thursday,Night,96043.8,24,0.739,Suggested
2,Ca,North America,Pets,original,45,104317,2721,197,seasonal,Travel,Friday,Evening,111373.7,20,0.511,Search
1,Mx,North America,DIY,original,47,63921,6620,547,declining,Music,Thursday,Night,93745.1,28,0.677,ForYou
1,Ca,North America,Education,trending,25,72555,4990,529,seasonal,Fashion,Friday,Evening,105596.6,19,0.664,Following
1,Mx,North America,Gaming,trending,25,13851,983,138,declining,Dance,Friday,Evening,116369.7,23,0.612,ForYou
1,Mx,North America,Fitness,licensed,25,172303,12297,848,stable,Fashion,Sunday,Morning,96938.3,21,0.8,ForYou
1,Ca,North America,Education,licensed,12,336842,19286,2803,stable,Music,Friday,Afternoon,110084.9,23,0.708,ForYou
1,Us,North America,Sports,licensed,35,144045,9302,1507,stable,Music,Monday,Afternoon,82879.7,28,0.846,ForYou
1,Ca,North America,Lifestyle,trending,29,398774,37926,3443,declining,Sports,Friday,Evening,98396.5,22,0.71,ForYou
1,Mx,North America,Finance,trending,37,250449,15445,1573,rising,Travel,Friday,Morning,107955.4,20,0.651,External
2,Ca,North America,Music,licensed,49,366696,9787,1150,stable,Dance,Friday,Evening,132974.8,24,0.508,Home
2,Ca,North America,Beauty,licensed,30,157016,8092,601,rising,Dance,Saturday,Night,110714.4,20,0.673,External
2,Ca,North America,Art,licensed,35,20862,466,61,stable,Beauty,Friday,Night,96533.9,23,0.477,Search
2,Ca,North America,Automotive,original,45,250746,12949,1358,stable,Comedy,Friday,Night,103233.1,25,0.44,Home
2,Ca,North America,Automotive,licensed,28,15182,465,54,seasonal,Travel,Tuesday,Morning,96474.3,25,0.671,Suggested
1,Mx,North America,Food,licensed,39,276941,18914,1479,rising,Food,Sunday,Afternoon,124734.7,14,0.536,ForYou
1,Mx,North America,DIY,original,19,70507,4190,466,rising,Education,Friday,Evening,68775.5,33,0.689,ForYou
1,Ca,North America,Education,licensed,23,233076,22610,3214,stable,Fashion,Thursday,Evening,97756.8,22,0.678,ForYou
1,Mx,North America,Finance,trending,38,51635,4588,411,stable,Fashion,Tuesday,Morning,86230.4,22,0.845,Following
1,Mx,North America,Gaming,original,15,100135,8112,997,stable,Education,Saturday,Night,70155.9,20,0.653,ForYou
1,Mx,North America,Finance,licensed,29,34078,2180,198,stable,Food,Saturday,Night,77266.9,20,0.628,External
1,Us,North America,Music,licensed,35,7451,361,45,seasonal,Tech,Tuesday,Afternoon,96742.3,23,0.531,Following
1,Us,North America,Science,licensed,64,55576,4739,432,declining,Pets,Friday,Evening,94785.6,22,0.691,Search
1,Mx,North America,Music,trending,75,65165,5341,671,declining,Sports,Friday,Night,88270.1,26,0.645,External
1,Mx,North America,Food,original,56,65407,5569,781,stable,Food,Sunday,Evening,96742.3,22,0.839,ForYou
1,Ca,North America,Pets,original,14,319674,20748,2042,declining,Pets,Sunday,Afternoon,98366.2,17,0.507,Following
1,Mx,North America,Finance,trending,61,230597,13128,1765,seasonal,Dance,Tuesday,Evening,116192.9,17,0.667,Search
2,Us,North America,Science,original,56,172950,3538,279,seasonal,Beauty,Tuesday,Night,77534.9,24,0.425,Home
2,Mx,North America,Gaming,original,47,325769,17379,2638,stable,Lifestyle,Friday,Afternoon,87790.4,30,0.719,Home
2,Ca,North America,Fashion,original,37,68271,2298,311,declining,Music,Thursday,Afternoon,93519.5,14,0.641,Search
2,Us,North America,Tech,original,14,17785,646,61,seasonal,Lifestyle,Tuesday,Evening,104933.1,22,0.493,External
1,Us,North America,DIY,licensed,16,18125,1625,220,rising,Comedy,Friday,Evening,85369.3,21,0.806,Following
1,Us,North America,Tech,original,27,206502,7710,603,rising,Tech,Thursday,Evening,116192.9,31,0.626,Search
1,Us,North America,Finance,trending,32,48655,1956,177,stable,Tech,Saturday,Afternoon,92959.7,25,0.528,Search
1,Ca,North America,Finance,trending,48,41936,2570,192,stable,Beauty,Friday,Night,86230.4,27,0.64,ForYou
1,Us,North America,Comedy,trending,38,56020,4236,585,stable,Beauty,Sunday,Evening,111539.1,28,0.647,ForYou
1,Mx,North America,Gaming,licensed,30,176376,10882,1789,rising,Travel,Saturday,Afternoon,99230,20,0.6,ForYou
1,Mx,North America,DIY,licensed,25,175492,11175,999,stable,Comedy,Friday,Night,99893.3,28,0.692,Following
1,Ca,North America,Fitness,licensed,22,109982,9936,1382,declining,Gaming,Friday,Morning,94471.2,27,0.736,ForYou
1,Mx,North America,Education,original,27,23709,2059,276,seasonal,Sports,Tuesday,Evening,110873,24,0.741,Following
1,Mx,North America,Beauty,licensed,28,20336,1710,253,seasonal,Lifestyle,Friday,Afternoon,83485.9,30,0.593,Following
1,Us,North America,Education,trending,24,342633,15712,1199,rising,Pets,Friday,Evening,104175.6,26,0.85,ForYou
1,Us,North America,Pets,trending,25,3411,210,31,declining,Tech,Friday,Morning,93745.1,31,0.584,ForYou
1,Us,North America,Travel,original,30,29755,2048,161,declining,Fashion,Thursday,Night,66324.2,19,0.743,Search
1,Us,North America,Pets,trending,19,271431,32000,3584,stable,Sports,Sunday,Evening,112356.1,22,0.737,ForYou
2,Us,North America,Lifestyle,trending,63,146727,6060,630,seasonal,Gaming,Saturday,Afternoon,115103.2,28,0.486,Home
2,Us,North America,Tech,original,32,346759,17142,1263,declining,Food,Monday,Evening,120866.4,20,0.619,Home
2,Us,North America,Tech,original,87,93353,2778,208,stable,Music,Thursday,Afternoon,102500.9,21,0.744,External
2,Us,North America,Education,licensed,78,66813,2135,349,declining,Tech,Monday,Evening,78225,25,0.646,External
2,Us,North America,News,original,35,65485,1520,234,declining,Pets,Tuesday,Evening,67655.6,22,0.746,Suggested
2,Us,North America,News,trending,44,141013,5030,745,seasonal,Tech,Monday,Night,88276,23,0.441,Home
2,Us,North America,Music,original,36,239067,12409,1710,declining,Lifestyle,Wednesday,Morning,98057.9,22,0.456,Search
2,Mx,North America,Tech,trending,37,8946,237,18,declining,Pets,Friday,Morning,89206.3,20,0.651,Home
2,Mx,North America,Pets,original,19,33237,1360,127,seasonal,Beauty,Wednesday,Night,91096.1,22,0.489,Search
1,Ca,North America,DIY,original,36,29209,1734,167,rising,Education,Friday,Afternoon,86206.8,28,0.553,Following
1,Ca,North America,Fashion,trending,27,61293,4250,379,seasonal,Comedy,Friday,Morning,112406,27,0.722,Following
1,Us,North America,Art,original,24,317451,34247,3860,rising,Music,Wednesday,Evening,101378.8,26,0.517,Following
1,Ca,North America,Comedy,trending,35,57542,4302,335,declining,Pets,Tuesday,Afternoon,106288.7,19,0.566,External
1,Us,North America,Travel,trending,53,145182,10139,777,rising,Food,Monday,Afternoon,86941.3,27,0.596,ForYou
1,Mx,North America,Food,licensed,46,86772,11981,1528,seasonal,Beauty,Sunday,Afternoon,108037.4,22,0.748,ForYou
1,Mx,North America,Finance,original,15,81166,7277,653,seasonal,Travel,Saturday,Afternoon,77534.9,20,0.84,ForYou
1,Ca,North America,Tech,licensed,21,1462,83,6,declining,Travel,Saturday,Evening,72836.1,20,0.61,Following
1,Ca,North America,DIY,trending,30,73333,6747,734,rising,Lifestyle,Sunday,Evening,94550.8,26,0.773,ForYou
1,Mx,North America,Science,original,39,16884,1076,111,rising,Tech,Tuesday,Afternoon,95201.4,31,0.595,Following
1,Us,North America,Gaming,trending,16,24405,2991,423,declining,Food,Saturday,Morning,68775.5,18,0.562,ForYou
1,Mx,North America,Art,licensed,44,77015,3876,262,seasonal,Fashion,Friday,Evening,108022.1,22,0.589,Search
1,Ca,North America,DIY,licensed,23,190910,10561,1165,seasonal,Sports,Sunday,Evening,127439.6,22,0.691,ForYou
1,Us,North America,Education,licensed,33,157775,8782,791,rising,Dance,Wednesday,Evening,84501.2,22,0.642,Following
1,Us,North America,News,licensed,64,105200,9187,1258,rising,Comedy,Tuesday,Evening,112119.2,24,0.842,ForYou
1,Mx,North America,Pets,original,26,50820,3598,373,stable,Education,Thursday,Evening,73326.4,30,0.819,ForYou
1,Mx,North America,Education,licensed,25,30745,2441,342,seasonal,Beauty,Friday,Evening,91307.8,22,0.696,ForYou
1,Ca,North America,News,licensed,19,60130,2793,389,seasonal,Food,Wednesday,Morning,132974.8,14,0.789,External
2,Ca,North America,Travel,original,31,563979,25419,2112,declining,Food,Wednesday,Afternoon,106642.8,24,0.406,External
2,Ca,North America,Lifestyle,trending,22,54382,1424,124,rising,Dance,Friday,Afternoon,88817.6,15,0.582,Home
2,Us,North America,Comedy,trending,37,163800,4156,354,rising,Pets,Friday,Night,90954.4,17,0.646,External
2,Mx,North America,Education,original,18,32898,1565,132,declining,Education,Friday,Evening,84030.9,22,0.494,Home
2,Ca,North America,Tech,licensed,49,276089,15502,2200,declining,Gaming,Friday,Evening,88981.6,29,0.584,Search
2,Mx,North America,Pets,trending,38,45107,1821,144,declining,Dance,Sunday,Evening,96091.1,15,0.516,Search
2,Us,North America,DIY,licensed,32,183997,7702,741,stable,Lifestyle,Tuesday,Night,112535.6,29,0.728,Suggested
2,Mx,North America,Pets,trending,52,58348,3469,299,rising,Food,Friday,Afternoon,77522.5,24,0.51,Search
2,Mx,North America,Finance,licensed,39,42775,1189,97,stable,Sports,Thursday,Evening,81777.9,26,0.536,Search
2,Us,North America,Science,licensed,54,81701,2422,245,stable,Pets,Friday,Morning,71821.7,26,0.406,Home
2,Mx,North America,Pets,original,31,12806,487,62,seasonal,Lifestyle,Wednesday,Evening,112761.3,21,0.658,Home
1,Ca,North America,Art,licensed,45,46494,2438,230,declining,Dance,Wednesday,Evening,106362.4,25,0.62,ForYou
1,Ca,North America,Gaming,licensed,42,128609,9691,645,rising,Lifestyle,Saturday,Evening,116369.7,25,0.507,ForYou
1,Mx,North America,Finance,trending,24,118552,17430,1645,rising,Sports,Sunday,Evening,94827.3,24,0.658,ForYou
1,Ca,North America,Art,original,28,94446,8061,877,stable,Gaming,Wednesday,Evening,87413.2,27,0.793,ForYou
1,Us,North America,Fashion,trending,49,34350,2344,185,stable,Dance,Monday,Morning,101613,24,0.553,Following
1,Us,North America,Beauty,original,21,61127,4110,526,rising,Education,Friday,Evening,76729.8,16,0.767,Search
1,Us,North America,DIY,licensed,33,42319,1503,166,rising,Music,Friday,Afternoon,139280.8,23,0.576,ForYou
1,Ca,North America,Art,trending,16,181417,9852,1266,rising,Music,Sunday,Afternoon,87617.4,28,0.519,ForYou
1,Mx,North America,Gaming,licensed,18,58466,3263,381,stable,Fashion,Sunday,Evening,82901.5,20,0.572,ForYou
2,Mx,North America,Education,trending,24,90689,2411,143,declining,Comedy,Friday,Evening,84057.5,18,0.667,Suggested
2,Ca,North America,Education,licensed,16,77394,1782,205,seasonal,Comedy,Sunday,Evening,97756.8,17,0.625,Suggested
2,Ca,North America,DIY,trending,41,11748,608,63,declining,Travel,Saturday,Evening,94562.8,17,0.554,Suggested
2,Mx,North America,Gaming,original,26,94926,5324,423,seasonal,Lifestyle,Saturday,Afternoon,105585.7,27,0.688,Suggested
2,Us,North America,Tech,licensed,53,32128,1414,124,stable,Comedy,Wednesday,Afternoon,96208.1,26,0.598,External
2,Us,North America,Food,licensed,34,44576,964,99,declining,Food,Thursday,Morning,92388.3,21,0.506,Suggested
2,Us,North America,Travel,licensed,33,130004,3459,506,stable,Lifestyle,Thursday,Evening,93663.5,27,0.433,Suggested
1,Mx,North America,Comedy,trending,21,359391,31506,3214,declining,Beauty,Tuesday,Night,115022.7,22,0.595,ForYou
1,Mx,North America,Art,trending,25,29065,1222,151,rising,Tech,Tuesday,Night,98232.9,24,0.808,ForYou
1,Us,North America,Fitness,trending,35,57245,3242,363,rising,Food,Saturday,Night,98122.4,14,0.706,ForYou
1,Mx,North America,Automotive,licensed,47,150598,13562,1390,declining,Sports,Friday,Evening,85683.8,28,0.581,ForYou
1,Mx,North America,Automotive,original,32,45739,2610,396,rising,Fashion,Friday,Afternoon,118476.8,22,0.566,ForYou
1,Us,North America,Art,licensed,39,67053,4852,635,rising,Music,Friday,Night,90954.4,14,0.803,ForYou
1,Mx,North America,Tech,original,40,108190,6822,653,stable,Dance,Saturday,Night,98366.2,22,0.695,ForYou
1,Us,North America,Fitness,trending,36,104068,8164,1134,declining,Education,Friday,Morning,89534.9,25,0.664,Following
1,Ca,North America,Fitness,trending,8,34176,4303,401,declining,Gaming,Saturday,Afternoon,102347.6,28,0.712,ForYou
1,Ca,North America,Food,trending,43,101134,8366,1358,stable,Travel,Sunday,Afternoon,92959.7,20,0.733,ForYou
1,Mx,North America,Science,original,21,30161,2529,334,rising,Sports,Sunday,Evening,83077.8,24,0.819,ForYou
1,Us,North America,Finance,original,21,59336,5116,395,declining,Food,Monday,Evening,129907.2,25,0.519,ForYou
1,Ca,North America,Lifestyle,trending,60,166341,10656,1188,declining,Pets,Friday,Night,110987.8,22,0.7,Search
1,Ca,North America,Gaming,licensed,35,47732,3335,520,stable,Education,Friday,Night,96426.1,28,0.56,Following
1,Us,North America,Beauty,original,35,220052,14311,1807,seasonal,Comedy,Thursday,Evening,108139.9,11,0.554,ForYou
1,Ca,North America,Music,trending,36,71821,5019,396,declining,Travel,Tuesday,Night,100266.4,19,0.814,Search
1,Mx,North America,Food,original,14,14560,675,72,stable,Dance,Tuesday,Afternoon,89929.7,20,0.571,ForYou
1,Us,North America,Gaming,trending,13,67472,3044,220,stable,Lifestyle,Wednesday,Evening,94621.9,29,0.846,Search
1,Ca,North America,Art,original,18,79393,8742,835,seasonal,Comedy,Saturday,Afternoon,97585.7,29,0.811,ForYou
1,Ca,North America,Science,licensed,31,38662,2192,298,stable,Beauty,Saturday,Evening,94172.9,20,0.548,ForYou
1,Us,North America,Education,licensed,62,40070,4171,344,seasonal,Travel,Wednesday,Afternoon,99969.1,21,0.702,External
1,Mx,North America,Pets,original,17,63704,2882,420,seasonal,Gaming,Friday,Night,115352,23,0.747,ForYou
1,Us,North America,Finance,original,40,150900,9328,888,stable,Travel,Friday,Afternoon,109141.8,19,0.692,ForYou
1,Ca,North America,Tech,original,11,441875,31778,2461,rising,Fashion,Friday,Morning,125557.8,20,0.582,ForYou
2,Mx,North America,Education,original,41,77334,2181,223,rising,Lifestyle,Friday,Evening,99200.2,28,0.541,External
2,Ca,North America,News,trending,49,94234,3744,495,declining,Fashion,Thursday,Evening,87617.4,18,0.592,Suggested
2,Ca,North America,Music,licensed,79,185584,6782,764,rising,Beauty,Tuesday,Night,95580.2,22,0.419,Home
2,Ca,North America,Food,licensed,49,105263,2529,240,stable,Music,Thursday,Evening,110275.8,21,0.549,Search
2,Us,North America,Tech,licensed,35,87445,3357,434,stable,Lifestyle,Sunday,Evening,115427,28,0.734,Home
2,Ca,North America,Comedy,licensed,31,65251,1429,152,seasonal,Education,Saturday,Morning,98586,23,0.735,External
2,Ca,North America,News,original,18,5973,331,31,rising,Music,Thursday,Evening,117704,23,0.511,Home
2,Us,North America,Travel,original,65,34066,931,144,declining,Pets,Saturday,Afternoon,87138.8,17,0.568,External
2,Us,North America,Comedy,licensed,23,88764,2643,353,rising,Music,Saturday,Afternoon,92619,15,0.67,Search
2,Ca,North America,Gaming,trending,38,52203,1955,185,rising,Gaming,Friday,Afternoon,70232.9,27,0.503,Suggested
2,Ca,North America,Pets,original,23,9083,579,82,rising,Pets,Sunday,Afternoon,91380.1,19,0.617,Home
1,Us,North America,Fashion,original,75,20140,1454,152,stable,Dance,Sunday,Evening,121748.7,17,0.791,Following
1,Ca,North America,Education,licensed,25,54441,3411,432,stable,Fashion,Saturday,Afternoon,78135.9,20,0.536,Search
1,Us,North America,Food,original,30,226725,21516,2647,seasonal,Fashion,Wednesday,Evening,73154.4,20,0.673,Search
1,Mx,North America,Fashion,licensed,11,41631,2290,171,declining,Fashion,Friday,Morning,91094.5,24,0.8,Following
1,Mx,North America,Fitness,licensed,46,49021,3383,254,seasonal,Music,Saturday,Afternoon,89534.9,26,0.702,ForYou
1,Mx,North America,Fitness,trending,49,96806,5841,691,stable,Gaming,Tuesday,Evening,100554.5,23,0.627,ForYou
1,Ca,North America,Gaming,licensed,32,35085,2499,267,rising,Travel,Tuesday,Evening,113807.9,22,0.75,ForYou
1,Ca,North America,Fashion,licensed,22,21381,1406,190,rising,Gaming,Sunday,Evening,117301.2,27,0.691,ForYou
1,Ca,North America,Sports,licensed,21,61305,2372,203,stable,Gaming,Thursday,Evening,97694.6,27,0.567,ForYou
1,Mx,North America,Fitness,licensed,24,63026,5546,867,seasonal,Dance,Friday,Evening,95967.2,20,0.796,ForYou
1,Us,North America,Fitness,licensed,18,58884,5456,415,rising,Music,Tuesday,Evening,87740.9,28,0.544,ForYou
1,Ca,North America,Sports,trending,38,116584,6986,1107,declining,Pets,Monday,Afternoon,81411.1,22,0.674,ForYou
1,Us,North America,Tech,trending,28,9229,580,52,rising,Tech,Sunday,Afternoon,76368,26,0.807,ForYou
1,Ca,North America,News,original,33,281904,21152,1764,seasonal,Sports,Wednesday,Evening,116192.9,22,0.597,External
1,Us,North America,Finance,original,33,7193,548,69,rising,Tech,Saturday,Evening,131154.2,29,0.573,Search
1,Ca,North America,Gaming,licensed,75,69071,4691,506,seasonal,Sports,Sunday,Evening,96007.1,26,0.56,ForYou
2,Mx,North America,Pets,licensed,58,19320,857,73,stable,Fashion,Monday,Evening,104048.6,20,0.678,Suggested
2,Mx,North America,Travel,original,36,34858,1244,81,declining,Tech,Sunday,Evening,68744.1,24,0.717,Suggested
2,Mx,North America,Tech,trending,21,101867,2871,286,seasonal,Sports,Friday,Night,92903,22,0.686,Suggested
2,Ca,North America,Sports,original,52,57340,3019,465,stable,Music,Friday,Afternoon,83775.8,26,0.56,Home
2,Us,North America,Finance,trending,33,200575,6049,509,seasonal,Tech,Monday,Evening,121668.7,24,0.485,Home
2,Us,North America,Travel,licensed,31,67528,2261,306,declining,Sports,Sunday,Evening,120740,26,0.526,Search
1,Us,North America,Finance,licensed,22,51675,2967,242,seasonal,Pets,Wednesday,Evening,98301.3,17,0.518,ForYou
1,Ca,North America,Science,trending,16,40495,2201,151,declining,Gaming,Friday,Evening,126011.3,28,0.631,External
1,Us,North America,Fitness,original,27,123150,6432,475,rising,Pets,Thursday,Night,133984.4,24,0.696,ForYou
1,Us,North America,Gaming,trending,75,31761,2036,218,declining,Tech,Friday,Evening,107227.4,31,0.6,Search
1,Mx,North America,Music,original,30,16822,632,42,rising,Beauty,Friday,Morning,83077.8,27,0.813,ForYou
1,Mx,North America,Lifestyle,licensed,30,72339,6152,885,declining,Lifestyle,Wednesday,Evening,83156.5,21,0.53,Following
1,Mx,North America,Finance,original,17,606026,45426,6535,rising,Tech,Saturday,Evening,98366.2,29,0.659,Following
1,Mx,North America,Comedy,original,19,323386,28827,4449,seasonal,Dance,Monday,Morning,112791.6,22,0.763,Search
1,Mx,North America,Automotive,trending,42,51444,3419,483,rising,Music,Sunday,Evening,81897,23,0.805,ForYou
1,Us,North America,DIY,original,26,59999,4576,758,declining,Education,Monday,Afternoon,130631.3,18,0.792,ForYou
2,Ca,North America,Food,trending,53,87715,2764,244,stable,Dance,Friday,Evening,85260.3,20,0.566,Search
2,Us,North America,Art,original,32,93604,6547,687,seasonal,Tech,Friday,Evening,104933.1,23,0.525,Suggested
2,Mx,North America,Gaming,licensed,45,46179,989,90,rising,Sports,Friday,Afternoon,83156.5,22,0.582,Suggested
2,Ca,North America,Art,original,38,55071,937,119,rising,Fashion,Friday,Evening,83156.5,17,0.579,Search
1,Mx,North America,Art,original,36,93388,5858,826,stable,Comedy,Sunday,Evening,81777.9,26,0.628,ForYou
1,Mx,North America,Beauty,original,41,69038,5771,501,declining,Fashion,Friday,Afternoon,92976.5,22,0.773,ForYou
1,Mx,North America,Food,original,24,65208,4689,702,stable,Fashion,Friday,Evening,106295.8,23,0.812,ForYou
1,Mx,North America,Science,trending,33,37515,1336,146,stable,Travel,Monday,Evening,100554.5,20,0.506,ForYou
1,Us,North America,Art,licensed,21,44813,2123,225,rising,Comedy,Thursday,Evening,77534.9,23,0.614,Following
1,Us,North America,Comedy,original,30,223767,11233,1246,seasonal,Fashion,Sunday,Afternoon,83525.5,20,0.533,ForYou
1,Ca,North America,Comedy,trending,26,92183,5379,591,declining,Beauty,Thursday,Afternoon,85253.7,27,0.815,ForYou
1,Ca,North America,Music,original,75,99633,13129,1159,rising,Beauty,Tuesday,Morning,88276,25,0.599,Search
1,Mx,North America,Fitness,original,47,88021,6514,843,rising,Fashion,Sunday,Evening,103129.6,19,0.698,Following
1,Mx,North America,Gaming,trending,13,27714,1821,199,declining,Music,Saturday,Afternoon,92393.3,14,0.7,Following
1,Ca,North America,Fitness,trending,18,12766,1257,156,stable,Food,Sunday,Afternoon,96402.7,22,0.733,ForYou
1,Ca,North America,Education,trending,31,117223,12862,885,seasonal,Tech,Tuesday,Afternoon,120866.4,31,0.635,External
1,Mx,North America,Education,trending,25,28730,1895,131,rising,Food,Sunday,Afternoon,95029.2,24,0.688,ForYou
1,Us,North America,Finance,trending,21,108905,7931,642,declining,Music,Friday,Morning,92871.7,25,0.548,ForYou
1,Mx,North America,Music,original,15,65268,5190,439,declining,Music,Monday,Evening,99935.9,17,0.58,ForYou
1,Ca,North America,Education,licensed,24,82371,3847,546,rising,Food,Friday,Night,87790.4,26,0.604,Search
1,Ca,North America,Lifestyle,trending,75,128510,11600,1356,stable,Comedy,Friday,Morning,84501.2,32,0.7,ForYou
2,Mx,North America,Gaming,licensed,27,28879,1328,147,rising,Lifestyle,Friday,Evening,89411.7,22,0.404,Home
2,Mx,North America,Sports,original,31,28707,781,101,declining,Dance,Friday,Afternoon,81361.8,20,0.652,Search
2,Mx,North America,Lifestyle,trending,41,176483,6133,971,seasonal,Sports,Saturday,Morning,100230.7,26,0.522,Suggested
2,Mx,North America,Education,trending,49,150223,4321,658,declining,Lifestyle,Friday,Morning,106361,20,0.71,Home
2,Ca,North America,Finance,original,90,107676,3833,277,rising,Fashion,Wednesday,Morning,109086.8,19,0.431,Suggested
2,Us,North America,Comedy,original,27,56613,1229,150,seasonal,Sports,Saturday,Evening,115920.9,22,0.467,Suggested
2,Mx,North America,Music,trending,28,70429,3352,466,declining,Education,Friday,Evening,108133.7,36,0.4,Home
2,Ca,North America,Finance,licensed,43,98778,2914,277,stable,Food,Thursday,Afternoon,87790.4,26,0.505,Suggested
1,Us,North America,Tech,original,33,191272,18448,1948,stable,Sports,Wednesday,Night,108139.9,22,0.673,Search
1,Ca,North America,Comedy,original,26,135756,8588,645,seasonal,Tech,Monday,Afternoon,89603.4,29,0.715,Search
1,Us,North America,News,trending,47,78098,5190,460,stable,Sports,Friday,Morning,121135.6,26,0.621,ForYou
1,Mx,North America,Travel,trending,40,18968,1531,123,rising,Travel,Friday,Night,86520.6,17,0.695,ForYou
1,Ca,North America,Pets,trending,35,157951,10497,1616,rising,Lifestyle,Saturday,Evening,104979.8,27,0.586,Following
1,Mx,North America,Science,licensed,46,22410,1825,188,stable,Comedy,Friday,Evening,90954.4,31,0.789,ForYou
1,Us,North America,Fashion,original,25,221978,18749,2712,declining,Lifestyle,Thursday,Afternoon,104173.4,27,0.54,Search
1,Us,North America,News,original,24,113020,6124,465,declining,Sports,Thursday,Morning,97694.6,22,0.654,ForYou
1,Us,North America,Education,licensed,27,23881,1242,192,stable,Comedy,Friday,Evening,110275.8,25,0.748,Following
1,Us,North America,Travel,original,25,12504,656,73,stable,Music,Saturday,Evening,91634.1,24,0.5,Search
1,Mx,North America,Tech,original,21,22432,935,128,rising,Comedy,Monday,Afternoon,91096.1,14,0.662,ForYou
1,Mx,North America,Music,original,28,9116,466,43,declining,Music,Monday,Night,121071.3,28,0.575,External
1,Us,North America,Tech,trending,33,118809,9796,751,rising,Education,Saturday,Morning,98586,27,0.715,ForYou
1,Mx,North America,Art,original,29,242879,18152,1512,declining,Lifestyle,Thursday,Night,129372.5,32,0.755,ForYou
1,Ca,North America,Fitness,licensed,18,7229,522,79,declining,Tech,Tuesday,Afternoon,108963.7,31,0.689,ForYou
1,Mx,North America,Sports,trending,11,9384,453,30,seasonal,Comedy,Friday,Afternoon,103087.9,32,0.7,ForYou
1,Ca,North America,News,licensed,22,136597,7109,881,rising,Fashion,Friday,Evening,87635.1,16,0.564,External
1,Mx,North America,DIY,trending,25,56082,2531,330,rising,Comedy,Friday,Afternoon,88159.6,26,0.696,External
1,Us,North America,Science,trending,21,17850,1708,140,declining,Music,Sunday,Morning,106295.8,28,0.657,ForYou
2,Ca,North America,Lifestyle,licensed,34,100478,4082,326,stable,Food,Saturday,Evening,89974.2,25,0.482,Suggested
2,Mx,North America,Fashion,licensed,34,78122,2672,228,declining,Fashion,Friday,Evening,96325,18,0.724,Suggested
2,Mx,North America,Music,original,49,76702,2222,189,seasonal,Music,Thursday,Morning,106642.8,26,0.498,Search
2,Ca,North America,DIY,licensed,45,10486,293,39,declining,Pets,Saturday,Morning,100632.8,20,0.731,Search
2,Us,North America,Beauty,licensed,39,116429,4384,443,rising,Education,Tuesday,Night,103134.2,28,0.415,Suggested
2,Mx,North America,Music,licensed,40,15834,639,99,stable,Pets,Tuesday,Afternoon,91094.5,19,0.405,Home
2,Us,North America,Science,licensed,31,960283,41177,5766,stable,Tech,Wednesday,Morning,103650.5,29,0.713,Home
2,Ca,North America,Music,licensed,35,249742,11011,1431,declining,Music,Sunday,Afternoon,92439.5,26,0.549,Suggested
2,Mx,North America,Finance,trending,89,99569,4251,283,seasonal,Music,Friday,Evening,92140.4,28,0.461,External
2,Mx,North America,DIY,trending,38,69281,2813,222,seasonal,Music,Thursday,Evening,89929.7,26,0.497,Suggested
1,Ca,North America,Sports,licensed,39,51823,3175,349,declining,Tech,Friday,Night,96402.7,31,0.562,ForYou
1,Ca,North America,Fitness,trending,10,126442,10128,1237,rising,Fashion,Monday,Evening,79597.8,23,0.65,ForYou
1,Ca,North America,Fashion,original,36,80734,7420,885,rising,Food,Tuesday,Evening,85373.7,27,0.772,Following
1,Mx,North America,Music,licensed,32,86620,6568,902,rising,Dance,Friday,Evening,91094.5,17,0.581,Search
1,Mx,North America,DIY,trending,24,57319,3441,425,declining,Music,Saturday,Evening,101378.8,26,0.733,ForYou
1,Us,North America,Fashion,original,42,245506,12535,1217,seasonal,Tech,Thursday,Evening,122805.8,24,0.826,ForYou
1,Ca,North America,Music,trending,41,124617,8262,761,declining,Fashion,Tuesday,Afternoon,97125.1,18,0.559,Following
1,Ca,North America,Comedy,trending,30,137452,7428,524,stable,Lifestyle,Friday,Morning,103279.3,24,0.693,ForYou
1,Ca,North America,Sports,original,27,36161,1318,97,declining,Comedy,Tuesday,Evening,85948.9,16,0.656,ForYou
1,Ca,North America,Gaming,trending,16,23315,2668,291,seasonal,Lifestyle,Sunday,Night,117704,27,0.588,Search
1,Us,North America,Pets,trending,29,60479,4995,748,seasonal,Education,Saturday,Afternoon,75220.9,18,0.755,ForYou
2,Us,North America,Science,original,32,534873,28666,2430,declining,Lifestyle,Sunday,Afternoon,131154.2,27,0.447,Search
2,Ca,North America,Music,trending,26,99392,4006,326,declining,Sports,Friday,Evening,98396.5,26,0.742,Home
2,Us,North America,Pets,original,65,47702,1452,211,declining,Sports,Friday,Evening,96938.3,22,0.522,Search
2,Mx,North America,Comedy,trending,45,193988,8145,904,declining,Beauty,Friday,Evening,98301.3,18,0.504,Suggested
2,Ca,North America,News,trending,40,83254,3995,505,declining,Comedy,Sunday,Evening,149855.5,26,0.59,Suggested
2,Ca,North America,Automotive,licensed,42,112574,3748,518,seasonal,Beauty,Friday,Evening,103859,28,0.617,Search
2,Mx,North America,Art,licensed,69,101330,3620,326,rising,Food,Friday,Evening,82782.7,18,0.442,Suggested
2,Ca,North America,Fitness,original,43,120021,3434,425,rising,Sports,Wednesday,Evening,76729.8,24,0.716,Search
2,Us,North America,Music,licensed,55,157246,9009,950,seasonal,Gaming,Wednesday,Evening,96325,27,0.602,Home
2,Mx,North America,Art,original,31,24220,525,60,stable,Tech,Friday,Evening,89008.1,29,0.568,Suggested
1,Mx,North America,Tech,licensed,13,20206,1223,143,rising,Sports,Tuesday,Evening,102520.5,24,0.792,ForYou
1,Us,North America,Fashion,licensed,24,14923,1262,158,stable,Education,Wednesday,Evening,136562.4,25,0.833,ForYou
1,Mx,North America,Travel,original,25,15859,1280,97,declining,Education,Friday,Evening,115352,18,0.752,ForYou
1,Us,North America,News,trending,49,227214,16554,1039,stable,Dance,Sunday,Morning,97042.8,17,0.814,ForYou
1,Mx,North America,Tech,original,19,58473,3082,261,stable,Dance,Friday,Afternoon,71037.7,15,0.558,Following
1,Mx,North America,Lifestyle,licensed,43,23484,2237,165,declining,Pets,Sunday,Afternoon,77534.9,24,0.565,Following
1,Ca,North America,Fitness,original,32,7633,552,66,declining,Travel,Thursday,Evening,90954.4,18,0.659,Following
1,Mx,North America,Beauty,licensed,43,154593,6669,927,stable,Music,Friday,Evening,117301.2,17,0.698,Following
1,Ca,North America,Finance,original,21,43176,2774,322,stable,Sports,Friday,Night,118188.8,22,0.79,ForYou
1,Us,North America,Gaming,original,27,32815,3017,386,stable,Beauty,Saturday,Evening,97585.7,23,0.837,External
1,Mx,North America,Sports,licensed,15,5136,554,38,seasonal,Comedy,Friday,Evening,96426.1,20,0.627,Following
1,Mx,North America,Art,trending,28,53758,3345,437,declining,Sports,Tuesday,Evening,92656.5,24,0.793,External
1,Ca,North America,Sports,trending,10,99262,7335,973,seasonal,Tech,Saturday,Evening,97756.8,25,0.76,Following
1,Us,North America,Education,trending,25,130014,10120,860,stable,Lifestyle,Friday,Evening,102103.6,22,0.644,Search
1,Us,North America,Sports,original,32,21100,1529,111,rising,Lifestyle,Sunday,Night,114135.1,21,0.578,ForYou
1,Ca,North America,News,trending,28,5645,369,26,declining,Tech,Friday,Evening,99935.9,29,0.596,Search
1,Us,North America,Beauty,licensed,29,27550,2364,241,seasonal,Music,Tuesday,Afternoon,94740.9,26,0.762,ForYou
2,Mx,North America,Food,licensed,57,83848,4303,638,stable,Tech,Thursday,Evening,101280.2,29,0.611,External
2,Ca,North America,Beauty,licensed,18,19876,1099,87,declining,Gaming,Saturday,Night,83358.1,28,0.667,Search
2,Us,North America,Finance,original,21,91460,2885,283,rising,Sports,Saturday,Evening,117342.2,22,0.557,Suggested
2,Mx,North America,Lifestyle,trending,60,58025,2800,254,stable,Lifestyle,Monday,Afternoon,83525.5,26,0.633,Suggested
1,Us,North America,Finance,trending,20,10422,397,41,rising,Fashion,Thursday,Evening,129372.5,20,0.545,ForYou
1,Mx,North America,Fitness,trending,25,78481,6405,896,stable,Sports,Monday,Evening,92976.5,24,0.556,ForYou
1,Ca,North America,Finance,trending,38,41311,2970,279,declining,Lifestyle,Friday,Afternoon,100197.7,21,0.65,Following
1,Mx,North America,Food,licensed,26,8324,1137,94,stable,Comedy,Saturday,Evening,103650.5,20,0.55,ForYou
1,Mx,North America,Lifestyle,original,28,59076,3729,258,rising,Lifestyle,Thursday,Afternoon,120866.4,32,0.746,ForYou
1,Us,North America,Sports,original,11,51255,5727,754,stable,Travel,Sunday,Evening,82413.7,22,0.655,Search
1,Us,North America,News,original,22,314658,28866,1892,declining,Fashion,Saturday,Night,103279.3,22,0.691,ForYou
1,Ca,North America,Fashion,trending,22,24955,2074,299,stable,Fashion,Tuesday,Evening,105596.6,23,0.623,ForYou
1,Us,North America,Art,licensed,37,60956,4043,467,stable,Sports,Friday,Afternoon,76131.2,24,0.516,ForYou
1,Ca,North America,Beauty,original,20,48610,2846,319,rising,Tech,Saturday,Afternoon,86157.4,26,0.825,ForYou
1,Us,North America,Comedy,original,36,147859,10771,892,declining,Fashion,Friday,Morning,95517.7,21,0.664,ForYou
1,Mx,North America,DIY,original,46,148153,8878,776,rising,Travel,Tuesday,Night,105769.8,19,0.667,ForYou
1,Us,North America,Lifestyle,original,12,22701,1315,127,declining,Pets,Sunday,Evening,104158.3,24,0.75,ForYou
1,Mx,North America,Lifestyle,trending,16,301649,28380,3018,stable,Gaming,Friday,Night,109289.1,31,0.594,ForYou
1,Mx,North America,Automotive,trending,40,187063,12553,1030,stable,Comedy,Saturday,Afternoon,87790.4,31,0.582,ForYou
1,Us,North America,Pets,original,25,319730,26064,2074,declining,Fashion,Monday,Evening,87342.1,19,0.748,Following
2,Us,North America,Education,licensed,25,21673,802,68,rising,Music,Saturday,Afternoon,89534.9,25,0.436,Search
2,Ca,North America,Education,licensed,50,9938,647,67,stable,Dance,Wednesday,Morning,103650.5,20,0.596,Home
2,Us,North America,Pets,original,20,25477,560,51,seasonal,Music,Thursday,Night,98301.3,12,0.465,Home
2,Ca,North America,Art,trending,25,279686,7222,801,declining,Sports,Tuesday,Evening,111410.3,22,0.44,Suggested
2,Ca,North America,DIY,original,27,32553,812,108,seasonal,Music,Friday,Morning,99317.4,28,0.474,Search
2,Mx,North America,Sports,trending,17,170426,7250,983,rising,Gaming,Wednesday,Afternoon,82413.7,28,0.647,Home
2,Mx,North America,Art,original,36,29259,602,53,declining,Travel,Sunday,Evening,102535,26,0.617,External
2,Mx,North America,Food,trending,46,37065,1734,254,rising,Fashion,Tuesday,Morning,86230.4,18,0.622,Suggested
2,Mx,North America,Fashion,trending,31,115951,5025,723,rising,Beauty,Tuesday,Afternoon,85260.3,28,0.529,Search
1,Us,North America,Travel,original,21,122611,6988,488,rising,Lifestyle,Thursday,Afternoon,104933.1,26,0.524,ForYou
1,Us,North America,DIY,licensed,15,125217,7301,753,seasonal,Lifestyle,Tuesday,Afternoon,88495,27,0.607,ForYou
1,Ca,North America,Pets,trending,23,311217,21379,2589,rising,Comedy,Tuesday,Afternoon,87188,29,0.83,ForYou
1,Mx,North America,Education,trending,21,210018,25091,1988,stable,Fashion,Friday,Evening,106295.8,21,0.586,ForYou
1,Mx,North America,Beauty,licensed,18,10134,530,70,declining,Comedy,Saturday,Morning,86079.6,23,0.533,ForYou
1,Mx,North America,Pets,licensed,31,786966,50907,4934,rising,Music,Thursday,Night,99935.9,23,0.642,Following
1,Us,North America,DIY,original,26,44555,2955,293,seasonal,Fashion,Monday,Evening,92619,22,0.577,External
1,Us,North America,Food,trending,24,50315,6108,525,rising,Food,Friday,Afternoon,98045.2,15,0.7,ForYou
1,Us,North America,Fitness,original,17,164272,7743,729,seasonal,Beauty,Friday,Evening,105870.4,30,0.629,ForYou
1,Mx,North America,Pets,original,51,99868,11135,909,stable,Education,Friday,Evening,96007.1,22,0.692,External
2,Mx,North America,Lifestyle,licensed,45,223714,13120,1058,declining,Music,Saturday,Afternoon,95392.8,23,0.496,Search
2,Us,North America,Finance,licensed,33,224480,8636,1080,declining,Tech,Friday,Evening,101916.4,23,0.555,Home
2,Ca,North America,Automotive,licensed,36,90851,3043,362,stable,Dance,Friday,Morning,93571.1,20,0.531,Suggested
2,Ca,North America,News,original,51,20456,754,115,stable,Food,Friday,Afternoon,107955.4,23,0.594,Search
2,Ca,North America,Food,original,21,419361,17867,2472,declining,Travel,Sunday,Evening,78488.3,20,0.586,Home
2,Us,North America,Fitness,trending,56,24145,1157,126,rising,Gaming,Sunday,Evening,93427.1,26,0.455,External
2,Ca,North America,Tech,licensed,69,78624,2112,283,seasonal,Travel,Wednesday,Evening,92280.2,27,0.712,Search
2,Ca,North America,Gaming,original,40,59982,2483,234,stable,Tech,Sunday,Evening,92793.9,29,0.53,External
1,Ca,North America,Beauty,original,33,139205,6558,495,stable,Comedy,Saturday,Evening,92793.9,34,0.612,ForYou
1,Mx,North America,Gaming,licensed,32,20022,1427,176,stable,Comedy,Friday,Afternoon,102994.2,9,0.722,External
1,Mx,North America,Lifestyle,licensed,67,90740,5740,530,declining,Fashion,Monday,Evening,101507.5,23,0.704,ForYou
1,Mx,North America,Sports,licensed,27,404416,21867,2638,stable,Comedy,Monday,Morning,106361,24,0.656,External
1,Mx,North America,Finance,trending,40,21013,1079,115,seasonal,Pets,Thursday,Evening,91380.1,20,0.768,ForYou
1,Ca,North America,Beauty,licensed,24,136165,13141,1669,seasonal,Travel,Tuesday,Morning,82901.5,18,0.754,ForYou
1,Us,North America,Fitness,original,15,41873,3086,393,rising,Tech,Sunday,Afternoon,94827.3,23,0.647,ForYou
1,Ca,North America,Sports,original,37,21648,1098,95,rising,Gaming,Thursday,Evening,114801.6,25,0.549,ForYou
2,Mx,North America,Sports,licensed,35,141962,3579,470,stable,Lifestyle,Friday,Afternoon,78162.1,22,0.743,Search
2,Ca,North America,Comedy,trending,17,114115,2455,259,declining,Gaming,Saturday,Evening,101280.2,29,0.612,Home
2,Ca,North America,Lifestyle,original,30,10976,289,43,seasonal,Travel,Wednesday,Afternoon,106288.7,17,0.423,Suggested
2,Ca,North America,Food,original,22,141868,6269,428,rising,Education,Friday,Night,96403.9,16,0.505,Home
2,Mx,North America,Science,original,25,91808,3503,376,stable,Lifestyle,Friday,Night,96398.5,24,0.548,Home
1,Us,North America,Fitness,original,33,87234,7284,733,seasonal,Comedy,Thursday,Evening,89258.4,29,0.842,ForYou
1,Ca,North America,Food,trending,49,53878,3324,416,stable,Music,Sunday,Morning,68784.4,23,0.804,Search
1,Ca,North America,Automotive,licensed,38,33295,2816,347,seasonal,Lifestyle,Friday,Afternoon,82284.4,24,0.718,ForYou
1,Ca,North America,Fitness,original,22,64527,4340,274,rising,Gaming,Sunday,Morning,118476.8,31,0.714,ForYou
1,Ca,North America,Pets,licensed,25,668015,41234,5749,rising,Gaming,Sunday,Night,117301.2,27,0.776,Search
1,Us,North America,DIY,trending,42,31371,1663,121,seasonal,Pets,Sunday,Afternoon,101576.1,26,0.576,ForYou
1,Ca,North America,Comedy,licensed,24,80247,5283,752,rising,Pets,Thursday,Morning,203535.4,22,0.767,ForYou
1,Us,North America,Sports,original,23,21492,1114,136,declining,Pets,Friday,Morning,80382.1,24,0.648,External
1,Mx,North America,Sports,original,13,16621,1277,83,seasonal,Gaming,Sunday,Evening,97042.8,27,0.546,ForYou
1,Ca,North America,Art,original,24,36326,2028,166,seasonal,Education,Wednesday,Night,95967.2,22,0.796,ForYou
2,Ca,North America,Art,original,51,97471,3196,239,stable,Travel,Thursday,Evening,109086.8,20,0.571,Suggested
2,Mx,North America,Finance,trending,37,34555,1217,192,stable,Gaming,Monday,Evening,94031.5,26,0.684,Home
2,Us,North America,Pets,original,50,253070,12527,2063,rising,Pets,Thursday,Evening,87461.6,22,0.692,Home
2,Us,North America,Art,original,13,92723,5616,917,rising,Education,Saturday,Afternoon,93418,28,0.662,Search
2,Ca,North America,Automotive,original,54,27340,1477,217,seasonal,DIY,Thursday,Afternoon,92761.2,22,0.678,Suggested
2,Us,North America,Lifestyle,trending,27,98599,3596,329,declining,Fashion,Friday,Morning,91298.1,19,0.467,External
2,Us,North America,Art,original,90,51607,3244,324,rising,Fashion,Saturday,Evening,77266.9,20,0.469,Suggested
2,Ca,North America,Fitness,licensed,90,96363,3361,356,rising,Beauty,Sunday,Evening,103877.5,27,0.412,Home
2,Us,North America,Pets,trending,23,77677,3561,510,rising,Tech,Saturday,Morning,78146.6,24,0.565,Suggested
2,Ca,North America,Science,trending,48,34765,1257,106,stable,Food,Saturday,Night,99317.4,14,0.715,Suggested
2,Ca,North America,Pets,original,24,117469,4859,396,rising,Music,Sunday,Afternoon,44841.3,21,0.454,Search
2,Us,North America,Sports,original,47,47104,1197,118,stable,Comedy,Friday,Evening,105000,14,0.543,External
1,Ca,North America,Art,original,25,224002,12155,1549,seasonal,Beauty,Wednesday,Evening,103134.2,24,0.632,Search
1,Mx,North America,Fashion,original,25,174546,18926,1929,stable,Pets,Thursday,Morning,118088.6,19,0.644,ForYou
1,Ca,North America,Sports,licensed,10,250749,7943,1116,declining,Fashion,Wednesday,Evening,154865.6,16,0.66,ForYou
1,Us,North America,Music,original,22,79512,4422,501,stable,Tech,Wednesday,Morning,86206.8,21,0.632,Search
1,Mx,North America,News,trending,22,60351,5095,368,rising,Dance,Wednesday,Morning,106096.4,15,0.632,ForYou
1,Ca,North America,Tech,trending,30,58573,4289,565,rising,Dance,Friday,Evening,109552,22,0.77,ForYou
1,Ca,North America,Pets,licensed,17,170611,8936,701,rising,Fashion,Tuesday,Evening,87354.2,20,0.841,ForYou
1,Us,North America,Sports,original,31,29431,3041,381,stable,Lifestyle,Sunday,Afternoon,91443.2,22,0.513,Following
1,Mx,North America,Beauty,licensed,28,24571,2157,162,seasonal,Travel,Friday,Afternoon,84304,25,0.568,ForYou
1,Mx,North America,Travel,licensed,21,64965,2771,432,rising,Education,Sunday,Evening,139280.8,29,0.69,ForYou
1,Mx,North America,Travel,licensed,37,56306,2587,292,rising,Fashion,Sunday,Evening,87617.4,23,0.514,ForYou
2,Mx,North America,Gaming,original,53,14041,497,47,rising,Gaming,Sunday,Night,83079,26,0.623,External
2,Mx,North America,Travel,original,24,20994,610,46,declining,Pets,Saturday,Night,91480.6,17,0.737,Home
2,Us,North America,Education,trending,24,25123,1875,144,rising,Tech,Saturday,Evening,89603.4,24,0.462,Suggested
2,Mx,North America,Art,original,26,71195,1231,151,rising,Tech,Saturday,Evening,106392.4,29,0.696,Home
2,Mx,North America,Music,trending,35,25571,680,68,declining,Dance,Wednesday,Evening,97694.6,22,0.494,Search
2,Ca,North America,Sports,trending,36,36452,1372,203,stable,Beauty,Saturday,Evening,100207.3,20,0.403,External
2,Mx,North America,News,original,61,33135,1258,86,declining,Comedy,Saturday,Evening,98232.9,26,0.503,Suggested
2,Us,North America,News,trending,26,28171,958,137,declining,Food,Friday,Evening,77464.1,27,0.685,Search
2,Mx,North America,Music,licensed,22,87276,3963,462,declining,Food,Friday,Afternoon,80382.1,14,0.5,Home
1,Mx,North America,Fashion,trending,15,15329,812,105,declining,Dance,Saturday,Evening,96398.5,20,0.713,ForYou
1,Mx,North America,Tech,licensed,34,87160,10219,716,rising,Comedy,Wednesday,Evening,66324.2,26,0.715,ForYou
1,Us,North America,Food,licensed,29,85712,8583,900,seasonal,Education,Monday,Night,84701.8,24,0.797,External
1,Us,North America,Science,licensed,25,60306,3855,467,declining,Dance,Thursday,Evening,111539.1,20,0.776,External
1,Ca,North America,Education,original,21,60756,4066,322,seasonal,Gaming,Tuesday,Evening,103134.2,30,0.619,External
1,Mx,North America,Finance,licensed,54,260975,12555,1505,declining,Sports,Thursday,Night,106663.6,28,0.704,ForYou
1,Us,North America,Finance,licensed,12,7904,662,45,rising,Beauty,Saturday,Evening,79263.6,25,0.65,ForYou
1,Ca,North America,Travel,licensed,20,45696,1888,174,seasonal,Comedy,Wednesday,Night,90954.4,29,0.71,External
1,Us,North America,Art,original,22,60614,3617,244,declining,Comedy,Tuesday,Afternoon,95866.1,11,0.577,Following
1,Mx,North America,Automotive,trending,73,70241,4779,355,seasonal,Dance,Monday,Afternoon,80481.8,20,0.767,ForYou
1,Ca,North America,Food,original,26,53680,3613,263,declining,Sports,Wednesday,Evening,93727.3,22,0.777,ForYou
1,Ca,North America,Sports,trending,16,223823,19551,2159,seasonal,Comedy,Friday,Afternoon,106361,12,0.844,ForYou
2,Us,North America,Comedy,licensed,31,178548,7106,865,declining,Sports,Monday,Evening,81897,28,0.503,Home
2,Mx,North America,Art,licensed,43,15448,497,61,declining,Tech,Friday,Evening,98045.2,25,0.53,Home
2,Ca,North America,Fashion,trending,27,81185,6122,491,declining,Dance,Friday,Afternoon,80382.1,20,0.681,Search
2,Ca,North America,DIY,original,50,152602,7597,713,seasonal,Beauty,Friday,Night,85260.3,24,0.41,Home
2,Mx,North America,Gaming,original,37,13886,353,24,stable,Music,Friday,Afternoon,94693.5,17,0.543,External
2,Mx,North America,Education,licensed,28,42114,1366,165,stable,Beauty,Tuesday,Afternoon,101182.4,21,0.636,Home
2,Mx,North America,Automotive,trending,13,44458,1187,92,declining,Pets,Saturday,Morning,95029.2,26,0.646,External
1,Ca,North America,Fashion,licensed,30,81300,5277,505,stable,Education,Saturday,Afternoon,94958.9,18,0.637,External
1,Ca,North America,Sports,trending,39,214887,21975,2673,seasonal,Food,Saturday,Morning,123924.6,25,0.531,Following
1,Mx,North America,Automotive,original,23,163726,11444,1413,declining,Food,Sunday,Morning,117342.2,22,0.739,Search
1,Mx,North America,Comedy,licensed,75,54032,3113,323,declining,Music,Tuesday,Evening,89974.2,23,0.631,ForYou
1,Ca,North America,Fitness,trending,30,80494,6378,650,stable,Dance,Sunday,Night,109086.8,24,0.787,ForYou
1,Mx,North America,Sports,original,22,32409,3540,427,declining,Gaming,Friday,Afternoon,127391.5,30,0.645,ForYou
1,Ca,North America,Pets,trending,47,370459,17443,2613,rising,Dance,Friday,Evening,81898.6,25,0.728,ForYou
1,Us,North America,Music,licensed,20,56464,4642,743,rising,Beauty,Friday,Afternoon,96938.3,22,0.635,External
1,Mx,North America,DIY,trending,38,64593,3739,334,seasonal,Lifestyle,Friday,Evening,73154.4,25,0.666,ForYou
1,Mx,North America,Education,trending,23,78517,7052,703,seasonal,Education,Friday,Evening,109586,33,0.804,External
1,Ca,North America,Finance,original,46,65561,5822,686,declining,Lifestyle,Sunday,Afternoon,101083,24,0.65,ForYou
1,Us,North America,Fitness,trending,39,116017,12952,1031,declining,Lifestyle,Sunday,Evening,134259.1,25,0.746,ForYou
1,Us,North America,Finance,licensed,46,11385,781,129,stable,Lifestyle,Sunday,Evening,107717.7,27,0.546,Following
1,Us,North America,Sports,original,16,80106,4640,412,rising,Comedy,Thursday,Afternoon,99200.2,14,0.719,Search
1,Mx,North America,Education,licensed,15,226086,24817,3277,stable,Fashion,Sunday,Afternoon,92976.5,20,0.56,ForYou
1,Us,North America,DIY,licensed,11,46915,3383,359,stable,Music,Sunday,Morning,82843.2,28,0.527,ForYou
1,Us,North America,Food,original,52,54583,4010,438,declining,Tech,Sunday,Afternoon,121071.3,31,0.781,ForYou
1,Mx,North America,News,trending,21,125413,13634,1672,rising,Food,Wednesday,Afternoon,98366.2,26,0.843,ForYou
1,Mx,North America,Finance,original,18,107611,9263,783,stable,Lifestyle,Friday,Evening,75227.3,32,0.7,Search
2,Mx,North America,Gaming,original,33,185134,7815,967,seasonal,Pets,Thursday,Afternoon,93418,24,0.497,Home
2,Mx,North America,Lifestyle,trending,21,163823,5755,395,seasonal,Dance,Saturday,Morning,107038.3,15,0.652,Suggested
2,Ca,North America,Fashion,original,35,15855,619,44,seasonal,Dance,Wednesday,Afternoon,91401.9,23,0.474,Search
2,Mx,North America,Music,trending,58,195895,6915,600,rising,Dance,Friday,Evening,132796.4,23,0.572,Suggested
2,Ca,North America,Travel,licensed,24,10790,258,35,seasonal,Beauty,Saturday,Evening,81411.1,20,0.717,Suggested
2,Mx,North America,Lifestyle,trending,43,78590,3489,223,seasonal,Pets,Sunday,Afternoon,85706.8,24,0.412,Home
2,Mx,North America,Comedy,licensed,36,27522,900,125,declining,Beauty,Sunday,Afternoon,132974.8,22,0.572,Search
2,Mx,North America,Art,licensed,23,95466,3640,570,declining,Beauty,Saturday,Evening,120740,29,0.465,Home
2,Us,North America,Lifestyle,trending,51,10565,455,33,declining,Travel,Tuesday,Afternoon,112206.3,24,0.576,Home
2,Us,North America,Automotive,trending,24,113684,2825,315,rising,Gaming,Tuesday,Evening,83077.8,28,0.571,Home
2,Mx,North America,Art,original,48,209667,4314,409,seasonal,Beauty,Thursday,Evening,84701.8,21,0.569,Home
2,Ca,North America,Fashion,licensed,19,146894,4105,511,seasonal,Dance,Sunday,Afternoon,127261.5,22,0.442,Search
1,Mx,North America,Music,trending,30,43144,2679,354,stable,Education,Saturday,Morning,92903,30,0.693,External
1,Ca,North America,Pets,trending,36,43156,1892,226,stable,Lifestyle,Saturday,Evening,100507.4,24,0.5,Following
1,Mx,North America,DIY,licensed,20,63974,3563,350,declining,Travel,Tuesday,Night,127922.9,17,0.75,ForYou
1,Us,North America,Beauty,original,37,35034,1417,202,seasonal,Dance,Wednesday,Afternoon,92069.4,22,0.611,ForYou
1,Us,North America,Fashion,original,26,35856,2120,163,seasonal,Food,Wednesday,Night,87047.6,17,0.615,ForYou
1,Ca,North America,Lifestyle,original,17,95666,4661,504,declining,Travel,Thursday,Afternoon,92069.4,26,0.629,Search
1,Mx,North America,Fitness,trending,26,54225,5350,860,stable,Travel,Tuesday,Afternoon,134127,27,0.554,ForYou
2,Mx,North America,Travel,trending,31,124995,6876,668,rising,Tech,Thursday,Afternoon,84909.5,31,0.565,Search
2,Us,North America,Gaming,licensed,25,280456,7798,578,declining,Fashion,Friday,Night,91733.4,19,0.672,External
2,Us,North America,DIY,trending,38,25439,1105,150,declining,Music,Monday,Morning,78146.6,17,0.703,Suggested
2,Ca,North America,Fitness,original,34,65258,2297,321,declining,Beauty,Friday,Evening,78162.1,28,0.421,Home
2,Ca,North America,DIY,licensed,52,61916,2724,210,stable,Food,Thursday,Night,95029.2,14,0.438,Home
2,Ca,North America,Science,trending,26,29150,793,63,stable,Comedy,Friday,Night,99969.1,21,0.588,Home
2,Us,North America,Sports,trending,33,20336,1116,159,seasonal,Tech,Sunday,Evening,89534.9,24,0.709,Search
2,Us,North America,Fashion,licensed,45,10307,368,60,seasonal,Sports,Saturday,Afternoon,129372.5,22,0.684,Search
1,Ca,North America,Sports,original,53,54862,6179,481,declining,Food,Friday,Evening,107658,25,0.721,Search
1,Us,North America,Food,licensed,26,174904,13804,1709,rising,Comedy,Saturday,Morning,89104.7,22,0.677,ForYou
1,Us,North America,Finance,original,20,32528,3606,270,seasonal,Sports,Sunday,Morning,92655.5,24,0.825,Following
1,Ca,North America,Lifestyle,original,51,50471,2861,226,declining,Food,Friday,Evening,75220.9,16,0.643,ForYou
1,Us,North America,Science,original,51,56716,4657,378,stable,Education,Saturday,Morning,81046.4,22,0.749,External
1,Ca,North America,Art,original,29,200600,13373,1584,seasonal,Sports,Friday,Morning,91971.6,22,0.583,ForYou
1,Ca,North America,Pets,trending,38,109489,5204,316,declining,Travel,Monday,Evening,120680.2,25,0.624,ForYou
1,Ca,North America,Sports,original,17,33482,3957,515,stable,Lifestyle,Sunday,Afternoon,100230.7,19,0.576,ForYou
1,Us,North America,Comedy,original,30,73419,3883,534,rising,Dance,Thursday,Evening,94144.9,22,0.807,External
1,Us,North America,Lifestyle,trending,28,18356,1553,214,rising,Lifestyle,Thursday,Night,99200.2,24,0.586,ForYou
1,Us,North America,Comedy,original,20,44312,3522,337,stable,Sports,Tuesday,Morning,85253.7,22,0.64,Search
1,Mx,North America,Tech,trending,24,50100,3510,274,declining,Fashion,Friday,Evening,110281.5,20,0.717,ForYou
1,Ca,North America,Science,trending,18,17958,1566,110,seasonal,Beauty,Friday,Afternoon,95967.2,29,0.839,ForYou
2,Mx,North America,Tech,original,17,38921,1958,293,rising,Dance,Saturday,Morning,88068.7,20,0.524,Home
2,Us,North America,Science,original,24,61871,1324,208,stable,Pets,Friday,Evening,101613,24,0.562,Search
2,Ca,North America,Gaming,trending,47,12447,469,74,rising,Pets,Friday,Afternoon,116096.1,24,0.681,Suggested
2,Mx,North America,Fashion,trending,59,131731,4496,413,seasonal,Lifestyle,Tuesday,Evening,98232.9,22,0.72,Home
2,Mx,North America,Art,original,68,46121,1654,190,seasonal,Education,Wednesday,Evening,109255,30,0.612,Home
2,Us,North America,Music,original,23,53255,4002,542,declining,Education,Friday,Morning,118476.8,16,0.696,Home
2,Us,North America,Music,trending,15,69427,1885,268,declining,Travel,Friday,Evening,90840.6,17,0.493,Suggested
1,Ca,North America,Travel,trending,28,76623,5528,806,seasonal,Comedy,Tuesday,Evening,78937,28,0.596,ForYou
1,Mx,North America,Music,licensed,27,149085,9299,750,declining,Beauty,Monday,Afternoon,114135.1,22,0.515,Search
1,Us,North America,Gaming,original,20,106358,6962,955,stable,Sports,Friday,Morning,103134.2,22,0.625,Search
1,Mx,North America,Travel,trending,48,31856,2151,287,seasonal,Dance,Thursday,Morning,129907.2,25,0.567,Following
1,Ca,North America,Tech,licensed,42,10505,916,86,rising,Tech,Friday,Evening,90369.7,26,0.683,Following
1,Mx,North America,Pets,trending,15,20727,1405,131,seasonal,Beauty,Sunday,Evening,88068.7,23,0.513,ForYou
1,Us,North America,Beauty,licensed,19,17928,870,91,rising,Gaming,Saturday,Night,154865.6,30,0.716,ForYou
1,Ca,North America,Pets,original,57,207150,12298,955,stable,Gaming,Thursday,Afternoon,97125.1,30,0.584,External
1,Us,North America,Pets,trending,28,53150,3546,309,seasonal,Lifestyle,Saturday,Morning,89206.3,28,0.518,External
1,Ca,North America,News,trending,22,131005,11847,1292,declining,Pets,Friday,Night,83077.8,26,0.523,ForYou
1,Mx,North America,Pets,trending,38,34029,1807,259,declining,Beauty,Tuesday,Evening,97125.1,24,0.784,Following
1,Mx,North America,News,original,27,200009,10656,829,seasonal,Beauty,Wednesday,Evening,95540.6,29,0.748,ForYou
2,Ca,North America,Music,trending,65,25207,490,35,stable,Fashion,Saturday,Afternoon,80037.2,21,0.5,External
2,Us,North America,Art,licensed,45,102821,3791,335,stable,Gaming,Sunday,Afternoon,78162.1,26,0.467,Suggested
2,Us,North America,Beauty,original,17,75506,1465,232,declining,Lifestyle,Friday,Night,93571.1,19,0.647,Home
2,Mx,North America,Comedy,trending,24,42619,1343,218,seasonal,Travel,Saturday,Evening,75227.3,20,0.55,Home
2,Ca,North America,Finance,original,50,95947,2723,278,seasonal,Comedy,Saturday,Evening,88068.7,20,0.59,Home
1,Ca,North America,Gaming,trending,60,95794,4740,423,stable,Education,Friday,Evening,106708.3,22,0.51,Following
1,Mx,North America,Fashion,licensed,28,30604,3011,266,rising,Dance,Tuesday,Night,105650.7,15,0.518,ForYou
1,Us,North America,Fitness,original,32,53414,2818,368,declining,Travel,Wednesday,Evening,97125.1,21,0.647,ForYou
1,Us,North America,Sports,trending,56,37812,2473,270,declining,Dance,Friday,Morning,101422.3,15,0.695,ForYou
1,Ca,North America,Finance,licensed,32,36888,1659,243,stable,Gaming,Monday,Evening,100507.4,27,0.7,Search
1,Mx,North America,Science,trending,13,305049,17665,1984,declining,Dance,Friday,Evening,99317.4,22,0.623,ForYou
1,Us,North America,Pets,trending,24,32276,1815,200,seasonal,Comedy,Wednesday,Afternoon,98301.3,28,0.733,External
1,Ca,North America,Lifestyle,trending,75,17981,983,65,declining,Music,Sunday,Afternoon,103279.3,21,0.592,Following
1,Ca,North America,Fitness,original,42,83204,8688,1402,rising,Comedy,Monday,Evening,150519.5,12,0.755,ForYou
1,Us,North America,Education,licensed,25,26064,1297,98,stable,Education,Tuesday,Night,88276,22,0.792,Search
1,Ca,North America,Sports,original,39,128717,8832,869,declining,Education,Tuesday,Afternoon,83077.8,25,0.618,ForYou
1,Mx,North America,Travel,original,37,26317,1686,150,rising,Tech,Friday,Afternoon,73660.3,31,0.549,ForYou
1,Ca,North America,Lifestyle,licensed,31,98384,3785,384,declining,Education,Wednesday,Afternoon,98366.2,35,0.8,ForYou
1,Mx,North America,Food,licensed,33,44412,3963,253,stable,Comedy,Monday,Evening,94740.9,19,0.797,ForYou
1,Us,North America,Music,original,33,24203,1507,149,seasonal,Sports,Friday,Morning,88998.8,28,0.736,Following
2,Ca,North America,Lifestyle,original,13,89265,4376,584,stable,Travel,Friday,Evening,118319.2,27,0.577,Suggested
2,Ca,North America,DIY,licensed,50,89467,2976,212,seasonal,Travel,Sunday,Afternoon,119306.4,24,0.516,Search
2,Mx,North America,Beauty,original,54,24414,773,58,rising,Comedy,Friday,Afternoon,78967.4,21,0.422,Suggested
2,Mx,North America,Tech,licensed,39,32088,897,135,declining,Music,Thursday,Evening,102500.9,28,0.438,Suggested
2,Ca,North America,Education,licensed,59,89043,2603,334,rising,Dance,Friday,Evening,85253.7,22,0.578,Home
1,Ca,North America,Gaming,original,15,71850,8082,988,rising,Dance,Saturday,Evening,120866.4,22,0.593,ForYou
1,Ca,North America,Lifestyle,trending,24,41748,4064,530,seasonal,Education,Wednesday,Afternoon,88754.2,18,0.629,ForYou
1,Mx,North America,Travel,licensed,35,405588,27310,2570,declining,Education,Friday,Night,111373.7,27,0.829,ForYou
1,Ca,North America,Travel,original,10,117389,6737,482,seasonal,Dance,Sunday,Night,85253.7,20,0.77,Search
1,Mx,North America,Education,licensed,34,121558,3549,223,seasonal,Beauty,Saturday,Evening,108247,22,0.526,ForYou
1,Ca,North America,Food,licensed,50,7509,402,51,stable,Dance,Friday,Afternoon,99253.8,22,0.826,ForYou
1,Ca,North America,News,trending,12,117196,10005,1469,seasonal,Dance,Friday,Evening,90840.6,25,0.842,ForYou
1,Ca,North America,Science,original,17,34045,2167,290,rising,Beauty,Friday,Night,102994.2,22,0.535,External
1,Ca,North America,Art,trending,38,101110,10395,1397,declining,Gaming,Friday,Evening,102956.3,30,0.574,Following
1,Mx,North America,Sports,original,11,49296,2601,218,seasonal,Education,Tuesday,Night,109892.4,18,0.8,Search
1,Us,North America,Gaming,original,45,163179,7662,1196,declining,Lifestyle,Saturday,Afternoon,77522.5,30,0.756,Search
1,Us,North America,Tech,trending,31,49716,3774,354,stable,Education,Friday,Evening,84057.5,16,0.768,ForYou
1,Mx,North America,Tech,trending,47,38427,2432,202,seasonal,Sports,Friday,Evening,109492.6,28,0.774,Following
2,Ca,North America,Fashion,trending,31,54013,1290,169,stable,DIY,Tuesday,Evening,94693.5,20,0.681,Suggested
2,Ca,North America,Sports,original,35,5976,275,29,declining,Lifestyle,Friday,Afternoon,94125.6,20,0.506,Home
2,Mx,North America,Travel,trending,19,126411,2222,283,declining,Education,Thursday,Evening,106295.8,24,0.595,Suggested
2,Ca,North America,Tech,licensed,39,20685,856,88,declining,Pets,Friday,Evening,129372.5,24,0.61,Search
2,Us,North America,Pets,trending,34,201350,5046,462,rising,Dance,Tuesday,Afternoon,97694.6,23,0.612,Suggested
2,Us,North America,News,licensed,26,226590,4568,578,declining,Tech,Friday,Afternoon,92959.7,29,0.688,Home
2,Ca,North America,DIY,original,62,55464,1491,164,rising,Gaming,Saturday,Night,92140.4,26,0.594,Suggested
1,Ca,North America,Art,licensed,21,34409,3812,414,rising,Dance,Tuesday,Evening,92655.5,22,0.81,ForYou
1,Mx,North America,Music,original,31,31452,1943,123,declining,Fashion,Tuesday,Evening,121135.6,20,0.503,External
1,Mx,North America,DIY,licensed,22,32926,3679,261,stable,Education,Friday,Evening,134413.3,24,0.836,ForYou
1,Mx,North America,Travel,trending,65,87060,6673,595,stable,Fashion,Wednesday,Evening,99230,23,0.758,Search
1,Us,North America,Music,original,45,20440,1328,93,stable,Education,Thursday,Evening,98396.5,30,0.78,Search
1,Mx,North America,Pets,trending,20,66356,6895,584,stable,Music,Saturday,Afternoon,95832.5,21,0.505,ForYou
1,Us,North America,Science,licensed,17,23393,2034,303,rising,Fashion,Sunday,Evening,83358.1,20,0.782,ForYou
1,Ca,North America,DIY,original,20,254175,13485,1655,declining,Fashion,Saturday,Evening,115579.1,23,0.77,Search
1,Ca,North America,Fitness,trending,41,50715,3852,433,stable,Lifestyle,Saturday,Afternoon,74831.7,24,0.639,ForYou
1,Us,North America,Automotive,trending,25,77213,4235,667,seasonal,Fashion,Wednesday,Afternoon,91634.1,21,0.752,Following
2,Mx,North America,Lifestyle,licensed,46,16117,661,73,stable,Gaming,Friday,Evening,108139.9,28,0.439,Home
2,Us,North America,Food,trending,41,139046,7143,887,seasonal,Pets,Friday,Night,127439.6,22,0.541,Search
2,Mx,North America,Food,trending,68,23152,691,61,seasonal,Music,Saturday,Morning,96938.3,21,0.443,External
2,Mx,North America,Pets,licensed,70,45954,1417,153,seasonal,Dance,Friday,Evening,111830.6,23,0.493,Suggested
2,Ca,North America,Education,original,24,31029,1206,169,declining,Travel,Tuesday,Afternoon,82782.7,22,0.475,Search
2,Ca,North America,Music,original,29,24191,833,67,stable,Pets,Saturday,Evening,62424.1,17,0.634,Search
2,Ca,North America,Beauty,original,24,54553,3133,325,declining,Lifestyle,Monday,Night,103859,22,0.417,Suggested
2,Mx,North America,Lifestyle,trending,11,49312,2115,240,stable,Lifestyle,Tuesday,Afternoon,104933.1,26,0.6,Suggested
2,Us,North America,Travel,original,54,82139,4514,339,stable,Education,Friday,Night,105890.8,16,0.561,Home
2,Ca,North America,Music,trending,20,260642,5099,369,stable,Comedy,Thursday,Evening,104175.6,22,0.63,Suggested
2,Ca,North America,Sports,original,19,168091,5322,675,declining,Travel,Friday,Morning,96403.9,17,0.747,Search
2,Mx,North America,Food,licensed,50,115973,5719,919,seasonal,Education,Friday,Evening,75508.9,16,0.684,Home
1,Us,North America,Beauty,trending,33,92228,6110,636,rising,Lifestyle,Sunday,Evening,120443.3,24,0.536,ForYou
1,Us,North America,Automotive,trending,8,56056,5447,430,stable,Fashion,Thursday,Morning,95525.4,19,0.6,ForYou
1,Mx,North America,Beauty,original,51,31247,1359,184,rising,Beauty,Saturday,Evening,96609.1,22,0.631,Following
1,Ca,North America,Beauty,licensed,31,68010,5767,777,declining,Dance,Friday,Night,112406,23,0.516,Search
1,Ca,North America,Automotive,trending,75,61209,5103,638,stable,Fashion,Sunday,Evening,120740,19,0.691,ForYou
1,Ca,North America,Gaming,trending,49,78990,6120,827,rising,Pets,Saturday,Afternoon,97961.5,19,0.598,ForYou
1,Mx,North America,Gaming,original,65,109302,5063,628,seasonal,Dance,Sunday,Morning,108139.9,23,0.589,ForYou
1,Us,North America,Music,original,30,357270,41801,2817,declining,Music,Friday,Evening,87617.4,23,0.737,ForYou
1,Ca,North America,Food,licensed,28,7715,517,37,stable,Fashion,Friday,Evening,95517.7,19,0.621,External
1,Ca,North America,DIY,original,26,74945,5316,362,seasonal,Tech,Tuesday,Evening,116192.9,31,0.619,ForYou
1,Mx,North America,Pets,licensed,27,58472,2918,315,rising,Music,Saturday,Evening,83290.1,23,0.707,ForYou
1,Ca,North America,Travel,trending,30,78118,5557,547,rising,Comedy,Friday,Evening,89258.4,24,0.787,ForYou
1,Us,North America,Art,original,34,2755,230,31,stable,Pets,Friday,Evening,94785.6,17,0.597,ForYou
1,Ca,North America,Music,licensed,30,33624,2917,230,declining,Dance,Thursday,Evening,132431.6,17,0.707,ForYou
2,Mx,North America,Fashion,trending,15,107775,3533,494,declining,Lifestyle,Sunday,Evening,82507.4,21,0.487,Suggested
2,Ca,North America,Art,trending,42,40115,1290,170,stable,Education,Sunday,Evening,84206,25,0.51,Suggested
2,Us,North America,News,licensed,30,72082,2033,124,declining,Fashion,Sunday,Evening,103650.5,18,0.567,Suggested
2,Us,North America,Comedy,original,12,117067,5286,395,declining,Sports,Saturday,Afternoon,92542.5,22,0.633,Suggested
2,Ca,North America,Lifestyle,trending,78,147929,4509,618,seasonal,Pets,Friday,Afternoon,117704,24,0.694,Home
2,Mx,North America,Travel,original,34,93462,4280,467,seasonal,Lifestyle,Saturday,Morning,114247.5,24,0.703,Search
2,Mx,North America,Education,original,31,51546,1770,155,rising,Travel,Friday,Evening,114135.1,19,0.613,Home
2,Ca,North America,Music,original,20,146531,5962,465,stable,Dance,Friday,Evening,79640.2,20,0.415,Home
1,Ca,North America,Fashion,original,40,109806,7686,915,rising,Food,Tuesday,Afternoon,67683.2,25,0.74,External
1,Mx,North America,Pets,licensed,33,22584,1175,185,seasonal,Sports,Friday,Afternoon,95866.1,22,0.606,ForYou
1,Ca,North America,Art,original,32,14731,983,97,rising,Sports,Sunday,Evening,101576.1,24,0.562,ForYou
1,Mx,North America,Fitness,original,20,100801,6463,848,seasonal,Fashion,Tuesday,Afternoon,101777.7,19,0.755,ForYou
1,Ca,North America,Pets,original,40,43584,3742,377,declining,Gaming,Wednesday,Night,104175.6,30,0.562,ForYou
1,Us,North America,DIY,trending,32,46794,3484,244,stable,Lifestyle,Friday,Afternoon,91480.6,25,0.5,ForYou
1,Mx,North America,Finance,original,24,100403,7067,964,seasonal,Education,Saturday,Evening,96398.5,25,0.513,Following
1,Ca,North America,Education,trending,41,63299,4355,368,stable,Comedy,Monday,Afternoon,94958.9,16,0.507,ForYou
1,Us,North America,DIY,trending,28,50480,2703,300,declining,Food,Saturday,Evening,71889.4,16,0.664,Search
1,Us,North America,Science,original,23,83630,4154,564,stable,Food,Monday,Evening,82507.4,20,0.691,ForYou
2,Mx,North America,Lifestyle,licensed,23,95120,4647,617,stable,Tech,Friday,Evening,96007.1,25,0.487,Suggested
2,Mx,North America,Gaming,licensed,24,54484,2353,351,rising,Lifestyle,Wednesday,Evening,109086.8,23,0.742,Home
2,Ca,North America,News,licensed,26,47367,1118,182,rising,Lifestyle,Sunday,Evening,87740.9,22,0.538,Search
2,Ca,North America,Tech,original,22,37699,2330,296,rising,Dance,Friday,Evening,99253.8,22,0.45,Suggested
2,Us,North America,Tech,trending,75,62606,1507,101,stable,Comedy,Saturday,Afternoon,104933.1,12,0.671,Suggested
2,Us,North America,Lifestyle,licensed,33,49270,1536,161,declining,Food,Sunday,Evening,106301.2,24,0.718,Search
2,Us,North America,Music,original,18,16039,345,29,declining,Tech,Friday,Evening,98432,24,0.422,External
1,Mx,North America,Sports,licensed,22,43426,4257,565,stable,Tech,Thursday,Afternoon,86206.8,29,0.568,Following
1,Ca,North America,Food,trending,15,19012,943,125,declining,Travel,Monday,Night,139280.8,21,0.84,ForYou
1,Us,North America,Fitness,original,18,70649,5888,484,declining,Food,Friday,Afternoon,98366.2,16,0.789,ForYou
1,Ca,North America,Lifestyle,licensed,55,34171,1828,169,stable,Beauty,Friday,Evening,104933.1,20,0.696,ForYou
1,Mx,North America,Education,trending,48,8576,696,99,seasonal,Beauty,Friday,Evening,79277.7,22,0.777,ForYou
1,Us,North America,Science,original,17,96548,6146,604,rising,Food,Monday,Afternoon,109255,25,0.512,ForYou
1,Mx,North America,Fitness,trending,19,119653,8020,743,seasonal,Gaming,Tuesday,Evening,149855.5,28,0.7,ForYou
1,Us,North America,Fashion,licensed,23,30652,1827,161,stable,Lifestyle,Friday,Morning,86941.3,27,0.713,External
1,Mx,North America,Food,licensed,31,316389,17648,1148,stable,Sports,Sunday,Night,138164.6,24,0.655,Following
1,Mx,North America,Food,licensed,31,63093,3492,428,stable,Lifestyle,Tuesday,Evening,89603.4,28,0.571,Search
1,Us,North America,Pets,original,40,112797,10364,1640,declining,Sports,Saturday,Evening,124137.5,24,0.78,ForYou
1,Mx,North America,Music,original,49,39002,3104,393,seasonal,Travel,Monday,Evening,130631.3,17,0.657,ForYou
2,Mx,North America,Art,licensed,24,32099,774,122,seasonal,Tech,Friday,Night,91094.5,29,0.617,Suggested
2,Mx,North America,Automotive,original,32,84159,2710,220,declining,Fashion,Saturday,Afternoon,86654.6,21,0.672,Home
2,Us,North America,Fitness,licensed,37,94389,3287,286,rising,Comedy,Sunday,Night,105585.7,11,0.635,Home
2,Ca,North America,Pets,trending,24,81744,1788,209,seasonal,Beauty,Friday,Night,116192.9,25,0.725,Suggested
2,Us,North America,Lifestyle,licensed,90,21767,492,52,stable,Food,Sunday,Night,99253.8,24,0.661,External
2,Us,North America,Finance,licensed,61,16769,535,54,declining,Lifestyle,Friday,Afternoon,109586,26,0.63,External
2,Mx,North America,News,licensed,79,26773,1234,121,rising,Gaming,Saturday,Evening,66324.2,27,0.516,Home
2,Ca,North America,Education,licensed,27,36122,1031,103,rising,Music,Friday,Afternoon,92655.5,26,0.559,Suggested
2,Mx,North America,Gaming,licensed,90,72248,2453,247,stable,Dance,Friday,Afternoon,105983.5,23,0.608,Home
1,Us,North America,Education,licensed,10,28693,2183,242,seasonal,Pets,Friday,Evening,92578.4,17,0.83,ForYou
1,Ca,North America,Automotive,original,20,61089,4287,601,declining,Beauty,Saturday,Evening,99253.8,21,0.565,Following
1,Us,North America,Automotive,trending,38,115155,7691,853,declining,Education,Sunday,Evening,97125.1,29,0.787,ForYou
1,Ca,North America,Travel,licensed,34,60733,4174,449,declining,Gaming,Wednesday,Night,93391.6,31,0.612,External
1,Us,North America,DIY,trending,32,33232,3221,346,rising,Food,Friday,Afternoon,100554.5,25,0.538,ForYou
1,Ca,North America,Fashion,original,52,73650,3135,303,stable,Pets,Saturday,Evening,129372.5,24,0.827,Following
1,Mx,North America,News,trending,21,105841,6430,493,stable,Food,Friday,Afternoon,92280.2,14,0.562,ForYou
1,Us,North America,Sports,original,26,23387,1605,215,declining,Pets,Saturday,Afternoon,94562.8,20,0.627,ForYou
1,Mx,North America,Music,original,36,63999,3640,458,seasonal,Fashion,Friday,Evening,97125.1,20,0.625,External
2,Mx,North America,Tech,original,44,67770,2455,181,declining,Music,Sunday,Afternoon,94471.2,26,0.52,Search
2,Ca,North America,Travel,original,39,378452,12365,989,seasonal,Dance,Thursday,Evening,93389,20,0.585,Home
2,Ca,North America,Food,original,22,128300,4511,516,seasonal,Travel,Saturday,Afternoon,75227.3,22,0.609,External
2,Mx,North America,Education,trending,24,107096,3070,247,seasonal,Dance,Wednesday,Afternoon,99230,15,0.633,Search
2,Us,North America,Fashion,original,42,58166,2451,256,stable,Gaming,Tuesday,Evening,132974.8,24,0.681,Suggested
2,Mx,North America,Beauty,original,42,29562,1497,179,declining,Pets,Tuesday,Evening,87499.9,24,0.49,Search
1,Ca,North America,Pets,original,42,82081,4032,302,declining,Food,Saturday,Evening,92388.3,20,0.695,ForYou
1,Ca,North America,Gaming,original,41,106977,6366,844,rising,Dance,Friday,Evening,113842.7,23,0.822,Search
1,Us,North America,Food,trending,35,13819,1347,145,rising,Comedy,Saturday,Evening,124734.7,13,0.774,External
1,Us,North America,Finance,original,24,153945,12427,1695,stable,Food,Monday,Afternoon,129907.2,23,0.646,ForYou
1,Us,North America,Education,original,36,51075,4264,301,rising,Food,Saturday,Afternoon,86911.3,20,0.772,ForYou
1,Mx,North America,Lifestyle,original,29,35681,1391,186,seasonal,Food,Friday,Evening,83998.9,16,0.752,ForYou
1,Us,North America,Travel,original,33,153592,5222,375,declining,Tech,Sunday,Evening,96398.5,24,0.755,ForYou
1,Us,North America,Art,trending,29,197367,10743,1513,seasonal,Education,Wednesday,Evening,97585.7,20,0.61,External
1,Us,North America,Tech,licensed,13,94748,10127,748,stable,Travel,Tuesday,Evening,79742.9,23,0.515,Following
1,Us,North America,Education,original,57,92947,9785,603,rising,Comedy,Friday,Afternoon,80018.9,23,0.695,ForYou
1,Us,North America,Education,licensed,29,148461,10447,946,seasonal,Music,Sunday,Afternoon,98122.4,28,0.831,ForYou
1,Us,North America,Travel,original,29,35570,3363,523,seasonal,Pets,Monday,Morning,99017.9,19,0.566,ForYou
1,Ca,North America,Lifestyle,licensed,22,79759,6076,915,rising,Gaming,Sunday,Evening,86911.3,29,0.577,ForYou
2,Us,North America,Science,trending,25,404220,15232,1603,rising,Food,Saturday,Night,116096.1,27,0.604,Search
2,Ca,North America,News,trending,36,121298,2456,209,seasonal,Food,Thursday,Night,110188.3,25,0.508,Home
2,Us,North America,Fitness,original,38,17403,524,59,rising,Music,Saturday,Morning,99253.8,23,0.747,Suggested
2,Us,North America,Music,trending,34,281963,17100,1480,stable,Music,Wednesday,Morning,103117.8,23,0.712,Suggested
2,Mx,North America,News,licensed,27,395808,16375,1194,seasonal,Beauty,Thursday,Evening,92942.5,29,0.411,Home
2,Us,North America,Art,original,20,37070,1544,188,declining,Comedy,Sunday,Evening,70084.8,18,0.66,Home
2,Us,North America,Beauty,original,29,55630,1142,154,rising,Travel,Sunday,Evening,95343,18,0.483,Home
2,Us,North America,Gaming,trending,43,207180,8707,558,declining,Fashion,Wednesday,Afternoon,106361,19,0.679,Suggested
2,Ca,North America,Food,original,39,329354,8238,1150,stable,Fashion,Monday,Afternoon,96609.1,21,0.421,Search
2,Ca,North America,Finance,original,51,11234,374,34,seasonal,Education,Friday,Evening,105000,25,0.529,Search
2,Mx,North America,Fashion,licensed,24,20097,743,65,seasonal,Travel,Monday,Evening,120866.4,23,0.729,Home
2,Ca,North America,Education,trending,36,42899,1864,147,declining,Music,Sunday,Evening,93686.4,14,0.575,Search
1,Us,North America,Travel,trending,36,143154,10145,1077,stable,Lifestyle,Saturday,Evening,119732.9,22,0.728,Following
1,Mx,North America,Tech,original,47,20433,1714,179,rising,Travel,Thursday,Morning,102347.6,27,0.66,ForYou
1,Mx,North America,Fitness,licensed,37,7613,610,76,stable,Lifestyle,Friday,Evening,91094.5,24,0.676,ForYou
1,Us,North America,Sports,licensed,34,14087,834,79,declining,Music,Saturday,Evening,97125.1,17,0.553,ForYou
1,Ca,North America,Art,licensed,27,230312,11539,1611,seasonal,Tech,Monday,Evening,117301.2,24,0.696,Following
1,Us,North America,Tech,licensed,28,267262,23801,2907,declining,Pets,Saturday,Morning,112406,22,0.554,ForYou
1,Ca,North America,Tech,licensed,29,9780,712,95,stable,Fashion,Friday,Afternoon,129372.5,19,0.759,ForYou
1,Ca,North America,DIY,trending,43,18660,1466,179,declining,Beauty,Thursday,Morning,81626.7,24,0.684,Following
1,Mx,North America,Science,original,13,67766,3931,287,seasonal,Dance,Wednesday,Evening,75227.3,23,0.538,Following
1,Us,North America,Music,licensed,18,63133,4479,485,declining,Lifestyle,Tuesday,Afternoon,104173.4,24,0.5,External
1,Us,North America,Fashion,licensed,55,270283,10098,1616,stable,Lifestyle,Thursday,Night,81777.9,26,0.72,External
1,Mx,North America,Lifestyle,licensed,43,124113,9378,1296,seasonal,Lifestyle,Friday,Evening,87740.9,19,0.737,Following
1,Mx,North America,Fashion,original,33,21092,1209,158,seasonal,Music,Sunday,Evening,74817.7,14,0.509,ForYou
1,Mx,North America,Finance,trending,66,80505,3090,340,seasonal,Education,Sunday,Evening,80382.1,22,0.58,ForYou
2,Us,North America,DIY,licensed,24,53156,4057,393,stable,Dance,Monday,Afternoon,106392.4,15,0.6,Home
2,Us,North America,Fitness,original,36,54762,2076,188,seasonal,Lifestyle,Friday,Afternoon,121071.3,22,0.614,Home
2,Mx,North America,Travel,licensed,82,83487,3626,350,rising,Pets,Friday,Afternoon,91145.8,19,0.518,External
2,Us,North America,Pets,licensed,62,42628,2618,166,seasonal,Dance,Sunday,Afternoon,99200.2,20,0.529,Search
2,Us,North America,Automotive,original,58,16628,532,80,declining,Beauty,Wednesday,Morning,112356.1,21,0.679,External
2,Mx,North America,Art,trending,18,15264,784,68,seasonal,Comedy,Saturday,Morning,82810.8,32,0.561,Home
2,Ca,North America,Tech,original,39,29131,1759,131,stable,Gaming,Wednesday,Evening,116369.7,28,0.603,Home
2,Mx,North America,Gaming,trending,44,250667,12625,1111,declining,Education,Sunday,Morning,106295.8,18,0.4,Home
2,Mx,North America,Music,licensed,37,136489,2877,327,stable,Beauty,Wednesday,Evening,102520.5,22,0.668,Home
1,Us,North America,Tech,original,56,67015,4724,575,rising,Dance,Friday,Evening,101613,17,0.55,ForYou
1,Mx,North America,News,licensed,31,133616,14099,1670,rising,Sports,Saturday,Evening,107955.4,22,0.794,Following
1,Us,North America,Art,licensed,20,22291,1228,149,seasonal,Tech,Tuesday,Morning,88998.8,26,0.705,ForYou
1,Us,North America,Automotive,licensed,22,38947,1339,177,stable,Sports,Tuesday,Evening,88833.2,24,0.682,ForYou
1,Us,North America,Sports,trending,28,14401,942,151,rising,Pets,Saturday,Morning,103719.6,17,0.654,External
1,Ca,North America,Automotive,original,58,93371,5405,567,seasonal,Dance,Tuesday,Evening,95967.2,20,0.616,External
1,Mx,North America,Science,licensed,38,42199,2781,384,seasonal,Sports,Friday,Afternoon,85723.7,24,0.55,Following
1,Ca,North America,DIY,original,21,25804,1949,292,stable,Dance,Friday,Evening,108963.7,17,0.552,ForYou
1,Us,North America,DIY,trending,75,59098,2578,295,rising,Fashion,Friday,Night,101777.7,19,0.833,ForYou
1,Ca,North America,Sports,original,51,19277,1080,147,rising,Fashion,Tuesday,Evening,137590.2,22,0.704,External
2,Us,North America,Lifestyle,licensed,15,70714,1848,169,stable,Sports,Saturday,Evening,82901.5,26,0.6,Home
2,Ca,North America,Beauty,licensed,68,97267,4825,551,rising,Dance,Sunday,Night,95337.6,17,0.406,Home
2,Us,North America,Gaming,licensed,48,41865,1643,215,declining,DIY,Sunday,Evening,98366.2,23,0.673,Suggested
2,Ca,North America,Fitness,trending,26,12718,796,108,stable,Tech,Friday,Evening,78967.4,24,0.712,Search
2,Ca,North America,Science,trending,49,31217,1511,153,declining,Dance,Tuesday,Night,98057.9,22,0.567,Search
1,Us,North America,Fitness,licensed,31,72592,2702,191,declining,Sports,Friday,Evening,87342.1,24,0.665,ForYou
1,Us,North America,Comedy,trending,31,96863,4191,400,stable,Beauty,Wednesday,Evening,126216.3,21,0.758,External
1,Ca,North America,Lifestyle,trending,24,49210,3932,393,declining,Education,Tuesday,Afternoon,96403.9,23,0.838,ForYou
1,Mx,North America,Fashion,licensed,38,111292,8227,540,declining,Comedy,Friday,Night,67655.6,11,0.653,ForYou
1,Ca,North America,Automotive,trending,13,88141,5586,413,rising,Gaming,Tuesday,Afternoon,100554.5,28,0.846,ForYou
1,Ca,North America,Science,original,24,208100,18435,1522,seasonal,Comedy,Saturday,Night,101576.1,29,0.683,Search
1,Mx,North America,Pets,trending,45,23043,1058,118,rising,Travel,Friday,Evening,80037.2,27,0.62,ForYou
1,Us,North America,Fitness,original,27,25391,2385,288,declining,Dance,Monday,Afternoon,110188.3,22,0.819,Search
1,Us,North America,Automotive,original,36,47538,4060,256,seasonal,Sports,Friday,Morning,118638.2,28,0.556,Search
1,Mx,North America,Tech,trending,16,41360,2396,252,rising,Tech,Tuesday,Evening,110763.9,24,0.706,ForYou
1,Ca,North America,Finance,original,65,66600,3749,374,declining,Lifestyle,Tuesday,Evening,132974.8,22,0.8,ForYou
1,Us,North America,Finance,original,39,56843,4692,538,declining,Tech,Sunday,Morning,93727.3,31,0.685,ForYou
1,Ca,North America,Science,original,21,5542,557,58,seasonal,Music,Saturday,Afternoon,110188.3,21,0.657,External
1,Mx,North America,Fitness,trending,20,19566,1637,271,declining,Dance,Friday,Evening,96007.1,23,0.59,Following
1,Ca,North America,Tech,trending,33,17939,1235,170,declining,Lifestyle,Sunday,Evening,73883.7,24,0.718,Following
1,Us,North America,News,licensed,26,126139,7589,833,rising,Pets,Tuesday,Night,99935.9,24,0.504,ForYou
2,Ca,North America,Comedy,licensed,41,16853,582,58,rising,Dance,Friday,Afternoon,96403.9,23,0.507,Home
2,Us,North America,Education,licensed,21,11975,858,59,seasonal,Education,Friday,Evening,89929.7,16,0.743,Home
2,Mx,North America,Fitness,original,16,12973,414,51,rising,Lifestyle,Saturday,Afternoon,89719.5,22,0.719,Home
2,Mx,North America,Music,trending,38,37554,2223,172,rising,Education,Thursday,Evening,119306.4,28,0.653,External
2,Mx,North America,Art,trending,65,27806,1821,164,declining,Pets,Sunday,Night,98246.3,24,0.46,Home
2,Mx,North America,DIY,licensed,76,297911,14192,1226,stable,Lifestyle,Sunday,Afternoon,106708.3,29,0.553,Home
1,Us,North America,Travel,licensed,39,65891,4618,563,declining,Tech,Saturday,Evening,129907.2,29,0.597,Following
1,Mx,North America,Comedy,licensed,41,48364,6595,768,seasonal,Lifestyle,Wednesday,Evening,86654.6,28,0.785,Search
1,Mx,North America,Finance,trending,26,37962,2225,350,rising,Fashion,Friday,Evening,99200.2,19,0.55,ForYou
1,Ca,North America,Travel,trending,21,60343,4139,392,rising,Food,Friday,Evening,95337.6,21,0.786,ForYou
1,Us,North America,Fashion,original,39,18981,1569,236,rising,Tech,Friday,Evening,106288.7,27,0.818,ForYou
1,Ca,North America,Education,trending,19,25930,1708,165,seasonal,Pets,Wednesday,Evening,103129.6,19,0.689,ForYou
1,Mx,North America,Art,trending,42,129926,7098,1058,rising,Sports,Friday,Evening,96609.1,26,0.514,ForYou
1,Us,North America,Art,licensed,41,53026,1851,259,rising,Tech,Thursday,Afternoon,96533.9,24,0.68,ForYou
1,Mx,North America,Travel,original,34,17753,1811,182,seasonal,Sports,Tuesday,Evening,96938.3,24,0.788,ForYou
1,Ca,North America,Beauty,trending,41,71262,4024,321,declining,Sports,Thursday,Morning,116225.5,25,0.817,Following
1,Mx,North America,Food,licensed,12,26204,2040,158,declining,Lifestyle,Thursday,Evening,83290.1,30,0.808,ForYou
1,Us,North America,Food,trending,23,97770,7662,984,stable,Tech,Saturday,Afternoon,108139.9,25,0.709,ForYou
1,Us,North America,Music,trending,26,72909,3774,477,stable,Gaming,Friday,Afternoon,115022.7,26,0.835,ForYou
1,Ca,North America,DIY,original,23,91843,4291,260,stable,Sports,Friday,Evening,107955.4,26,0.57,ForYou
1,Us,North America,News,trending,34,132125,8920,1073,stable,Sports,Saturday,Afternoon,91135.1,22,0.538,ForYou
1,Ca,North America,News,licensed,21,12104,1046,106,seasonal,Tech,Saturday,Evening,109586,28,0.752,ForYou
1,Mx,North America,Beauty,trending,36,43316,2214,210,declining,Pets,Sunday,Morning,91135.1,24,0.675,Search
1,Us,North America,Tech,licensed,23,69906,4287,282,declining,Dance,Monday,Evening,88159.6,22,0.609,ForYou
2,Mx,North America,Science,original,26,42905,2027,310,declining,Pets,Sunday,Afternoon,104158.3,24,0.646,Home
2,Ca,North America,Food,licensed,24,17093,686,101,seasonal,Food,Friday,Evening,72836.1,23,0.675,Search
2,Ca,North America,Food,licensed,55,67865,1729,203,rising,Fashion,Tuesday,Evening,92630.9,18,0.498,Suggested
2,Mx,North America,Music,trending,47,10213,295,38,stable,Sports,Thursday,Morning,97201.9,24,0.651,Home
2,Mx,North America,Comedy,licensed,35,29663,1092,90,seasonal,Beauty,Friday,Evening,94693.5,22,0.551,Home
2,Us,North America,Lifestyle,licensed,30,34749,939,136,declining,Music,Saturday,Evening,129372.5,15,0.703,Home
1,Us,North America,Science,licensed,48,524099,27159,2755,rising,Beauty,Sunday,Evening,100659.5,24,0.656,ForYou
1,Mx,North America,Sports,trending,43,5374,206,30,declining,Education,Friday,Evening,123148.2,16,0.744,Following
1,Mx,North America,Comedy,trending,25,136426,7173,1076,declining,Comedy,Tuesday,Evening,146427.8,23,0.808,ForYou
1,Us,North America,Food,original,24,23204,1842,140,seasonal,Gaming,Friday,Night,98366.2,29,0.583,ForYou
1,Us,North America,Finance,original,33,34537,1632,172,declining,Comedy,Sunday,Morning,65433.4,20,0.506,Search
1,Mx,North America,Fashion,trending,32,87728,6056,834,rising,Food,Thursday,Morning,109493.7,23,0.7,ForYou
1,Ca,North America,Fitness,licensed,11,27714,2121,265,rising,Dance,Monday,Evening,93727.3,20,0.6,ForYou
1,Mx,North America,News,original,47,78627,6325,603,seasonal,Food,Monday,Afternoon,70634.2,20,0.651,ForYou
1,Mx,North America,Pets,trending,75,55069,3502,513,seasonal,Travel,Tuesday,Evening,97125.1,20,0.524,External
1,Mx,North America,Automotive,trending,17,11702,652,57,seasonal,Dance,Friday,Evening,108133.7,20,0.571,ForYou
1,Mx,North America,Science,licensed,45,255772,17368,1440,rising,Lifestyle,Friday,Morning,117301.2,27,0.538,ForYou
1,Mx,North America,Lifestyle,trending,24,217855,7218,1095,seasonal,Sports,Sunday,Afternoon,105769.8,24,0.688,External
1,Ca,North America,Sports,trending,13,533432,31243,3586,declining,Sports,Tuesday,Afternoon,117464.6,28,0.831,ForYou
1,Ca,North America,Fitness,trending,61,18786,1487,145,rising,Tech,Friday,Morning,105870.4,23,0.507,Following
1,Ca,North America,Comedy,trending,17,89112,5135,689,declining,Food,Tuesday,Afternoon,104158.3,24,0.518,Following
1,Ca,North America,Music,original,52,80169,5521,474,rising,Fashion,Saturday,Evening,67358,20,0.819,ForYou
2,Ca,North America,Music,trending,45,14702,603,89,stable,Music,Monday,Evening,107322.2,21,0.678,Home
2,Mx,North America,Fashion,licensed,26,12106,498,52,rising,Gaming,Sunday,Morning,92439.5,27,0.45,External
2,Us,North America,Finance,trending,58,451571,19134,3097,declining,Travel,Monday,Evening,83156.5,17,0.516,Home
2,Mx,North America,Science,licensed,55,63652,3834,540,declining,Travel,Saturday,Evening,96426.1,24,0.664,Suggested
2,Ca,North America,Comedy,trending,18,91746,2163,225,declining,Music,Saturday,Evening,97568.1,23,0.722,External
2,Mx,North America,Travel,original,20,95329,3804,514,declining,Comedy,Friday,Evening,100554.5,29,0.505,Home
2,Ca,North America,Art,original,61,110107,4143,292,seasonal,Beauty,Friday,Evening,109552,22,0.49,Home
2,Us,North America,Pets,licensed,44,51216,3073,407,seasonal,Gaming,Monday,Evening,97042.8,25,0.482,Home
2,Us,North America,Gaming,licensed,36,8610,334,38,declining,Tech,Sunday,Evening,98281.2,29,0.603,Home
2,Ca,North America,Travel,original,22,281545,6928,791,rising,Education,Thursday,Evening,139280.8,25,0.518,Home
2,Us,North America,DIY,original,66,34609,918,88,rising,Fashion,Tuesday,Evening,73883.7,19,0.747,Search
2,Ca,North America,Education,licensed,46,21199,978,145,declining,Fashion,Thursday,Afternoon,107116.8,21,0.72,Home
2,Ca,North America,Pets,trending,66,372177,22017,1618,seasonal,Pets,Wednesday,Evening,92657.1,24,0.409,Suggested
1,Mx,North America,Pets,trending,18,154518,9484,1066,rising,Sports,Friday,Evening,99253.8,22,0.644,External
1,Us,North America,News,trending,43,26351,2431,154,declining,Comedy,Sunday,Afternoon,78225,24,0.647,ForYou
1,Us,North America,Comedy,licensed,42,54270,4205,396,declining,Education,Tuesday,Evening,89927.8,29,0.769,ForYou
1,Us,North America,Science,trending,29,46050,2611,363,rising,Tech,Wednesday,Evening,101777.7,31,0.824,Search
1,Us,North America,Science,original,12,83795,5594,401,stable,Sports,Tuesday,Evening,91694.7,24,0.725,ForYou
1,Mx,North America,Finance,licensed,42,46170,4222,319,stable,Food,Saturday,Night,128635.5,29,0.619,External
1,Ca,North America,DIY,licensed,41,26324,1205,174,seasonal,Music,Thursday,Afternoon,103129.6,28,0.522,Search
1,Mx,North America,Art,licensed,36,90715,6008,554,seasonal,Comedy,Tuesday,Night,99737.6,30,0.8,Search
1,Us,North America,Travel,licensed,38,376356,16547,1220,seasonal,Sports,Friday,Afternoon,100230.7,24,0.837,Following
1,Ca,North America,Science,original,28,172133,12862,970,stable,Lifestyle,Monday,Evening,113307.8,22,0.504,Following
1,Us,North America,Music,original,20,16320,804,79,stable,Pets,Friday,Evening,98910.3,20,0.775,ForYou
1,Ca,North America,Education,trending,25,17080,1412,160,rising,Education,Sunday,Afternoon,80653.2,33,0.5,ForYou
1,Us,North America,Pets,trending,24,464046,39576,3381,stable,Gaming,Monday,Morning,76934.4,27,0.529,ForYou
2,Mx,North America,Gaming,trending,57,67829,2869,336,rising,Education,Friday,Evening,76368,22,0.626,Search
2,Mx,North America,Gaming,trending,75,151694,4059,560,rising,Lifestyle,Friday,Evening,97694.6,24,0.703,Suggested
2,Ca,North America,Science,licensed,22,31526,1754,282,stable,Fashion,Tuesday,Morning,70232.9,19,0.45,Search
2,Us,North America,Beauty,licensed,42,15043,711,59,rising,Tech,Saturday,Evening,98366.2,29,0.505,External
1,Us,North America,Finance,licensed,47,24982,1883,201,rising,Gaming,Thursday,Morning,80653.2,28,0.719,ForYou
1,Mx,North America,Science,trending,55,102119,7130,662,seasonal,Music,Sunday,Afternoon,83290.1,23,0.658,Search
1,Mx,North America,Sports,original,14,102968,5745,483,declining,Pets,Friday,Evening,91307.8,26,0.793,ForYou
1,Mx,North America,Automotive,original,21,15392,749,56,declining,Dance,Friday,Evening,77266.9,26,0.514,ForYou
1,Ca,North America,Tech,original,31,107212,9426,816,stable,Sports,Friday,Morning,120443.3,24,0.687,Following
1,Mx,North America,Automotive,original,57,388039,22169,3156,seasonal,Dance,Friday,Afternoon,94953.4,24,0.556,ForYou
1,Ca,North America,Finance,trending,16,193506,21192,1984,rising,Gaming,Friday,Morning,65130,27,0.569,Search
1,Ca,North America,Fitness,licensed,20,43702,2329,285,stable,Travel,Wednesday,Night,103877.5,23,0.585,Following
2,Us,North America,Science,licensed,27,22399,569,68,seasonal,DIY,Friday,Evening,95967.2,19,0.452,External
2,Ca,North America,Beauty,licensed,64,81725,2874,203,declining,Sports,Saturday,Evening,82087.3,22,0.441,Search
2,Mx,North America,Finance,licensed,45,145410,6453,872,rising,Lifestyle,Friday,Evening,121071.3,25,0.74,Search
2,Mx,North America,Sports,licensed,37,231601,10617,811,seasonal,Dance,Friday,Afternoon,104341.6,15,0.689,Home
2,Mx,North America,Sports,trending,30,30180,1126,160,rising,Pets,Monday,Morning,121135.6,19,0.683,Suggested
2,Mx,North America,Art,licensed,88,205128,7495,926,declining,Education,Friday,Evening,112709.6,33,0.552,Home
2,Us,North America,Gaming,trending,60,49161,1324,100,stable,Tech,Thursday,Night,81860.4,24,0.475,Suggested
2,Mx,North America,Art,original,30,16646,999,97,stable,Comedy,Friday,Evening,102133.2,26,0.587,Home
2,Mx,North America,Sports,licensed,27,83419,3377,548,stable,Travel,Sunday,Evening,91135.1,23,0.715,Search
2,Mx,North America,Beauty,original,49,96142,3661,279,seasonal,Lifestyle,Tuesday,Morning,96208.1,22,0.745,Suggested
1,Us,North America,Sports,original,10,72530,5339,386,declining,Fashion,Friday,Morning,92945.6,21,0.5,ForYou
1,Mx,North America,Travel,trending,15,14628,741,62,declining,Education,Tuesday,Evening,87413.2,29,0.747,Search
1,Us,North America,Food,original,34,78481,5273,708,seasonal,Dance,Friday,Evening,99893.3,20,0.591,ForYou
1,Us,North America,Education,trending,22,120378,12716,1253,declining,Dance,Monday,Evening,87499.9,15,0.568,ForYou
1,Ca,North America,Music,licensed,44,16892,957,82,stable,Gaming,Wednesday,Morning,114010.2,27,0.564,ForYou
1,Ca,North America,Sports,original,21,415283,22607,2754,stable,Beauty,Friday,Evening,87231.3,22,0.81,Search
1,Us,North America,Science,licensed,43,136767,14794,1056,declining,Pets,Tuesday,Night,134259.1,19,0.593,ForYou
1,Mx,North America,Fashion,licensed,22,55126,4430,418,seasonal,Lifestyle,Monday,Evening,102263.9,24,0.636,Search
2,Mx,North America,News,trending,25,52897,1257,167,declining,Lifestyle,Friday,Evening,91096.1,25,0.424,Suggested
2,Ca,North America,Science,original,56,188379,6596,465,rising,Dance,Wednesday,Afternoon,115494.9,15,0.548,Search
2,Mx,North America,News,trending,41,71148,2712,362,seasonal,Tech,Monday,Afternoon,103134.2,24,0.571,External
2,Us,North America,Science,original,25,269059,6014,400,rising,Fashion,Friday,Evening,96938.3,18,0.684,Suggested
2,Mx,North America,Automotive,trending,38,96485,2386,294,declining,Lifestyle,Friday,Evening,98586,22,0.424,Home
2,Us,North America,Pets,trending,65,87442,4489,651,stable,Pets,Friday,Afternoon,85369.3,20,0.466,Search
2,Us,North America,Science,original,44,40984,1187,138,rising,Lifestyle,Saturday,Afternoon,115711.4,22,0.505,Suggested
2,Mx,North America,Fashion,licensed,46,286111,10206,952,stable,Travel,Tuesday,Morning,101355.4,17,0.746,Home
2,Ca,North America,DIY,original,41,212069,6913,821,rising,Education,Sunday,Night,92945.6,20,0.585,Home
2,Mx,North America,Tech,licensed,71,13586,887,92,stable,Comedy,Friday,Evening,102133.2,11,0.442,Home
1,Ca,North America,Art,licensed,45,56664,3476,445,seasonal,Lifestyle,Friday,Afternoon,97694.6,24,0.509,ForYou
1,Ca,North America,Art,original,17,65227,4361,628,rising,Tech,Saturday,Afternoon,87019.9,29,0.565,ForYou
1,Mx,North America,Science,trending,49,32107,2387,302,declining,Lifestyle,Monday,Evening,101280.2,24,0.743,External
1,Mx,North America,Lifestyle,original,12,15179,636,68,seasonal,Beauty,Friday,Afternoon,78967.4,23,0.575,ForYou
1,Us,North America,Pets,licensed,11,32012,2498,328,seasonal,Pets,Saturday,Evening,103134.2,20,0.682,Search
1,Ca,North America,Finance,licensed,23,36713,3315,408,declining,Lifestyle,Sunday,Afternoon,89603.4,23,0.543,ForYou
1,Us,North America,Education,trending,44,612773,30597,3834,stable,Fashion,Sunday,Afternoon,150203.4,20,0.627,ForYou
1,Ca,North America,Lifestyle,trending,42,235810,19639,2626,seasonal,Comedy,Tuesday,Morning,96045.8,11,0.848,ForYou
1,Us,North America,Automotive,trending,35,20703,1098,102,rising,Gaming,Saturday,Evening,101657.1,29,0.606,ForYou
1,Us,North America,Fitness,original,48,62126,3235,309,stable,Education,Thursday,Afternoon,100266.4,24,0.675,ForYou
2,Ca,North America,Sports,licensed,77,43254,1256,86,declining,Education,Monday,Evening,85369.3,30,0.687,Home
2,Us,North America,Gaming,original,35,103001,3001,282,declining,Travel,Wednesday,Afternoon,98396.5,17,0.697,Search
2,Us,North America,News,licensed,56,25629,1482,214,seasonal,Pets,Saturday,Evening,107717.7,22,0.409,Search
2,Us,North America,Science,original,26,48269,1147,163,stable,Pets,Friday,Afternoon,84501.2,24,0.523,Search
2,Mx,North America,Sports,original,68,285879,10311,781,stable,Music,Tuesday,Evening,104158.3,12,0.559,Search
2,Mx,North America,DIY,licensed,90,49908,1350,194,rising,Pets,Sunday,Night,82413.7,20,0.603,Home
2,Mx,North America,Comedy,licensed,25,114143,5731,604,rising,Beauty,Friday,Evening,91094.5,27,0.512,Search
2,Ca,North America,News,trending,32,116883,4807,465,rising,Education,Wednesday,Afternoon,105983.5,28,0.441,Search
2,Mx,North America,News,original,40,327081,15192,1309,stable,Dance,Wednesday,Evening,111539.1,22,0.715,Home
1,Us,North America,Lifestyle,licensed,25,65361,3662,276,seasonal,Music,Tuesday,Afternoon,108840.2,28,0.572,Search
1,Mx,North America,Lifestyle,trending,25,198486,12493,1542,rising,Sports,Friday,Evening,102347.6,24,0.752,ForYou
1,Ca,North America,Comedy,trending,36,78111,5917,917,declining,Comedy,Friday,Night,87740.9,22,0.808,ForYou
1,Ca,North America,DIY,licensed,21,192617,9738,731,rising,Food,Friday,Evening,65448,27,0.733,Following
1,Mx,North America,DIY,trending,30,37916,1405,140,seasonal,Beauty,Sunday,Evening,91145.8,21,0.67,ForYou
1,Ca,North America,Automotive,trending,24,155713,9729,1064,seasonal,Music,Friday,Evening,63890.7,28,0.721,Following
1,Mx,North America,Sports,trending,53,48984,1641,135,stable,Education,Friday,Night,108022.1,18,0.747,ForYou
1,Us,North America,Pets,licensed,29,144059,8715,1108,rising,Dance,Sunday,Evening,102956.3,20,0.824,ForYou
1,Ca,North America,Comedy,original,50,25924,1530,145,stable,Comedy,Saturday,Evening,96609.1,29,0.754,Search
2,Ca,North America,Automotive,original,23,103238,2679,315,seasonal,Food,Monday,Afternoon,100507.4,20,0.609,Search
2,Ca,North America,News,licensed,24,34222,801,62,seasonal,Music,Saturday,Evening,92630.9,26,0.546,Home
2,Mx,North America,Travel,licensed,31,17377,813,113,stable,Gaming,Friday,Afternoon,114135.1,25,0.623,Search
2,Us,North America,Travel,licensed,39,21607,1074,136,stable,Sports,Wednesday,Afternoon,99253.8,26,0.6,Home
2,Us,North America,Music,original,26,26456,940,105,declining,Dance,Sunday,Afternoon,119261,20,0.742,External
2,Us,North America,Art,trending,66,229567,7998,1094,rising,Tech,Wednesday,Evening,101378.8,23,0.42,Suggested
1,Mx,North America,Music,licensed,21,535051,43004,4278,rising,Music,Friday,Evening,96092.1,28,0.505,Following
1,Us,North America,Pets,trending,32,115064,5175,831,declining,Lifestyle,Sunday,Night,96208.1,24,0.697,Following
1,Mx,North America,Food,original,21,85150,4056,342,stable,Pets,Wednesday,Evening,95967.2,17,0.776,ForYou
1,Ca,North America,Gaming,trending,48,91501,4975,539,stable,Tech,Friday,Evening,92555.6,23,0.792,ForYou
1,Ca,North America,DIY,trending,14,297211,16967,1106,stable,Sports,Monday,Afternoon,89104.7,24,0.664,Search
1,Ca,North America,Tech,original,17,358408,18140,2476,declining,Fashion,Sunday,Night,96208.1,18,0.565,Search
1,Us,North America,Pets,licensed,28,204806,19369,1827,declining,Comedy,Tuesday,Evening,105616,14,0.586,Search
1,Ca,North America,Music,trending,22,179187,13391,1477,seasonal,Beauty,Wednesday,Evening,106642.8,20,0.818,ForYou
1,Mx,North America,Automotive,trending,12,47218,1968,251,seasonal,Travel,Saturday,Morning,96440.7,24,0.633,ForYou
1,Mx,North America,Beauty,original,19,227524,13966,1543,declining,Lifestyle,Friday,Evening,108022.1,24,0.532,ForYou
1,Ca,North America,Beauty,original,29,162849,13332,1520,seasonal,Gaming,Monday,Evening,99893.3,28,0.803,ForYou
1,Us,North America,Pets,original,12,128811,6538,471,stable,Tech,Tuesday,Evening,79249.9,26,0.792,Following
2,Mx,North America,Comedy,trending,36,57250,1947,178,rising,Dance,Monday,Evening,91694.7,20,0.631,Home
2,Ca,North America,Science,original,31,16711,922,122,stable,Dance,Sunday,Evening,96426.1,20,0.703,Home
2,Ca,North America,Tech,original,29,217150,7775,1029,stable,Travel,Saturday,Afternoon,85369.3,17,0.707,Search
2,Us,North America,Lifestyle,licensed,57,25907,798,73,declining,Tech,Tuesday,Evening,133984.4,29,0.654,Suggested
2,Mx,North America,Fitness,trending,43,8525,251,26,seasonal,Sports,Friday,Evening,100266.4,26,0.493,Home
2,Us,North America,Beauty,licensed,27,11804,362,32,declining,Travel,Thursday,Afternoon,67655.6,20,0.493,Home
2,Mx,North America,Tech,licensed,55,12895,428,52,stable,Education,Thursday,Evening,115370,28,0.467,Suggested
1,Us,North America,Automotive,trending,41,6575,410,36,rising,Fashion,Friday,Afternoon,121071.3,21,0.734,Following
1,Mx,North America,Gaming,trending,21,43407,2656,261,rising,Comedy,Friday,Evening,121071.3,24,0.652,ForYou
1,Mx,North America,Lifestyle,trending,43,32019,1141,119,rising,Education,Sunday,Morning,125209.9,18,0.73,Following
1,Us,North America,Comedy,original,35,169302,14980,2144,stable,Sports,Tuesday,Night,103611.2,24,0.74,ForYou
1,Us,North America,Automotive,trending,57,15807,867,82,declining,Fashion,Friday,Evening,98366.2,17,0.823,Search
1,Mx,North America,Music,trending,48,58556,3367,265,stable,Tech,Sunday,Evening,79742.9,31,0.562,ForYou
1,Mx,North America,Fitness,licensed,26,26069,2164,195,declining,Education,Monday,Evening,84510.2,23,0.8,ForYou
1,Us,North America,Finance,licensed,28,100692,4751,436,declining,Lifestyle,Saturday,Evening,96426.1,29,0.65,ForYou
1,Mx,North America,News,original,36,31753,2854,242,stable,Tech,Friday,Evening,89008.1,28,0.822,Search
1,Ca,North America,Beauty,trending,27,23686,1971,305,declining,Gaming,Wednesday,Evening,95201.4,27,0.733,ForYou
1,Us,North America,Food,original,30,71100,4411,431,seasonal,Tech,Monday,Evening,95967.2,29,0.65,ForYou
2,Ca,North America,Pets,trending,24,12848,607,56,seasonal,Sports,Tuesday,Morning,82413.7,26,0.558,Suggested
2,Ca,North America,Fashion,original,34,25766,991,75,stable,Travel,Friday,Afternoon,84701.8,20,0.65,Search
2,Us,North America,Fitness,original,29,68383,2111,195,rising,Comedy,Friday,Evening,97289.6,32,0.531,Home
2,Mx,North America,Tech,licensed,82,282655,16162,1852,rising,Fashion,Friday,Evening,106708.3,20,0.495,Home
2,Mx,North America,Music,licensed,74,95306,4739,654,declining,Fashion,Wednesday,Evening,149855.5,18,0.631,Suggested
2,Ca,North America,Beauty,original,16,15856,505,46,seasonal,Pets,Tuesday,Evening,101657.1,17,0.669,Suggested
2,Ca,North America,Fashion,licensed,43,85908,3721,464,rising,Pets,Friday,Evening,107743.7,20,0.735,Suggested
2,Ca,North America,Education,original,90,73487,3306,256,stable,Gaming,Sunday,Night,108037.4,27,0.56,Search
2,Mx,North America,Automotive,original,66,14012,544,67,seasonal,Comedy,Friday,Evening,103859,14,0.455,Search
2,Us,North America,Travel,licensed,29,23429,1130,96,seasonal,Beauty,Sunday,Evening,111980.2,22,0.728,Home
2,Us,North America,Fitness,original,53,102430,3356,516,declining,Education,Sunday,Evening,85917.1,16,0.536,Home
2,Mx,North America,Music,licensed,21,15114,543,70,seasonal,Pets,Tuesday,Evening,95525.4,22,0.619,External
2,Us,North America,Art,licensed,31,45470,1225,109,declining,Comedy,Saturday,Evening,110275.8,11,0.552,External
2,Ca,North America,DIY,original,31,35321,1275,175,declining,Food,Friday,Evening,91960.4,27,0.403,Suggested
2,Us,North America,Fashion,original,68,114001,5569,756,declining,Gaming,Friday,Morning,141830.1,29,0.438,Search
2,Us,North America,Automotive,licensed,90,57577,958,116,rising,Education,Friday,Afternoon,101280.2,22,0.716,Home
1,Us,North America,Sports,original,37,96860,7329,690,declining,Pets,Saturday,Evening,123148.2,20,0.684,ForYou
1,Ca,North America,Finance,trending,34,142951,12231,1844,rising,Comedy,Friday,Morning,70084.8,26,0.738,ForYou
1,Ca,North America,Fashion,trending,25,33167,2701,228,declining,Fashion,Thursday,Evening,76368,22,0.824,ForYou
1,Ca,North America,Beauty,original,28,64285,4432,418,stable,Sports,Friday,Afternoon,101280.2,22,0.7,ForYou
1,Mx,North America,Science,trending,21,88115,5637,712,seasonal,Gaming,Wednesday,Afternoon,91135.1,27,0.538,External
1,Mx,North America,Travel,original,51,74338,5850,495,declining,Sports,Saturday,Evening,77464.1,22,0.545,ForYou
1,Ca,North America,Automotive,trending,21,49263,2816,215,stable,Beauty,Saturday,Evening,94550.8,20,0.552,Search
1,Us,North America,News,original,35,79669,2593,215,stable,Tech,Friday,Evening,76729.8,31,0.837,ForYou
1,Mx,North America,Fashion,original,51,157217,7886,871,seasonal,Fashion,Friday,Morning,96805.5,23,0.773,Search
1,Ca,North America,Science,licensed,18,119566,7240,875,declining,Beauty,Saturday,Evening,127439.6,24,0.678,Following
1,Ca,North America,News,trending,25,34578,1904,206,rising,Food,Thursday,Afternoon,93571.1,23,0.844,ForYou
1,Mx,North America,Tech,original,75,79949,8453,971,rising,Music,Friday,Evening,105616,23,0.735,ForYou
1,Mx,North America,Gaming,trending,26,10040,1271,141,seasonal,Beauty,Monday,Afternoon,94953.4,25,0.604,Following
2,Mx,North America,Fashion,licensed,37,64423,2210,171,stable,Lifestyle,Sunday,Evening,88981.6,26,0.703,Suggested
2,Us,North America,Fashion,original,58,27033,893,81,rising,Comedy,Saturday,Evening,96859.3,32,0.519,External
2,Mx,North America,Automotive,original,47,21019,1474,148,declining,Travel,Friday,Evening,111310.2,26,0.566,Search
2,Us,North America,Tech,original,48,12553,436,37,seasonal,Fashion,Tuesday,Night,120866.4,19,0.525,Home
1,Ca,North America,Fashion,original,25,102475,9019,1265,seasonal,Tech,Wednesday,Evening,80382.1,23,0.652,ForYou
1,Mx,North America,Science,original,12,96334,8383,969,declining,Travel,Wednesday,Afternoon,141830.1,27,0.742,ForYou
1,Us,North America,Tech,licensed,18,57108,4046,598,declining,Beauty,Sunday,Evening,85903.6,20,0.739,External
1,Us,North America,News,original,75,65650,5944,736,stable,Comedy,Sunday,Evening,116369.7,26,0.5,Search
1,Mx,North America,Tech,trending,18,388046,17968,1636,stable,Gaming,Friday,Evening,70155.9,28,0.533,ForYou
1,Ca,North America,Food,trending,24,16068,1242,121,rising,Sports,Sunday,Evening,119864.1,22,0.838,ForYou
1,Ca,North America,Travel,trending,23,532956,35054,4927,seasonal,Tech,Friday,Morning,127948.1,31,0.752,External
1,Us,North America,Lifestyle,original,17,38848,2665,316,rising,Music,Saturday,Afternoon,100659.5,12,0.794,ForYou
1,Mx,North America,Automotive,original,57,28244,1342,99,declining,Tech,Friday,Afternoon,99893.3,26,0.56,ForYou
2,Ca,North America,Education,licensed,42,165099,9927,1023,declining,Beauty,Friday,Night,103859,23,0.619,Suggested
2,Ca,North America,Sports,original,32,117806,3188,445,rising,Lifestyle,Sunday,Afternoon,96533.9,22,0.559,Suggested
1,Us,North America,Food,licensed,13,14814,1020,74,rising,Lifestyle,Monday,Afternoon,101520.1,30,0.523,ForYou
1,Ca,North America,Lifestyle,licensed,24,19399,924,120,stable,Comedy,Saturday,Evening,115521.9,25,0.804,External
1,Us,North America,Travel,licensed,20,85886,7998,1183,declining,Pets,Sunday,Afternoon,107717.7,19,0.835,ForYou
1,Us,North America,Food,licensed,31,313929,20169,1391,rising,Sports,Tuesday,Evening,107717.7,24,0.835,ForYou
1,Ca,North America,Automotive,original,50,40638,2544,359,seasonal,Fashion,Friday,Evening,84057.5,22,0.628,Search
1,Us,North America,DIY,licensed,25,102341,7069,826,declining,Tech,Saturday,Afternoon,92657.1,26,0.72,ForYou
1,Mx,North America,DIY,original,11,17735,1555,161,rising,Tech,Tuesday,Evening,89037.7,31,0.655,ForYou
1,Ca,North America,News,trending,20,168156,14347,1477,stable,Sports,Monday,Evening,129372.5,25,0.52,ForYou
1,Ca,North America,Education,original,18,82286,4645,603,seasonal,Education,Friday,Evening,85683.8,25,0.683,ForYou
1,Us,North America,Food,original,24,14374,984,108,stable,Pets,Thursday,Afternoon,96609.1,22,0.508,External
1,Ca,North America,Sports,trending,37,99214,7803,726,stable,Sports,Tuesday,Evening,73883.7,24,0.543,Following
1,Ca,North America,Food,trending,29,29633,1342,143,rising,Dance,Monday,Evening,92761.2,15,0.803,ForYou
2,Us,North America,Pets,licensed,47,37934,906,104,stable,Fashion,Sunday,Evening,96474.3,19,0.409,Suggested
2,Mx,North America,Art,trending,31,17656,723,70,rising,Comedy,Sunday,Afternoon,96007.1,11,0.645,Home
2,Ca,North America,Beauty,trending,18,36410,1847,247,seasonal,Education,Friday,Night,99935.9,16,0.728,Home
2,Mx,North America,Fitness,licensed,15,52061,1787,119,rising,Sports,Friday,Morning,86520.6,26,0.407,Search
2,Us,North America,Art,original,66,59173,1763,150,declining,Travel,Sunday,Afternoon,101422.3,22,0.542,Search
2,Ca,North America,Tech,original,41,50848,1529,212,stable,Beauty,Friday,Morning,115022.7,25,0.427,External
2,Ca,North America,Tech,trending,53,50669,1977,269,declining,Dance,Wednesday,Afternoon,73052.1,23,0.64,Search
2,Us,North America,Fitness,licensed,34,70548,2654,176,rising,Gaming,Friday,Evening,98396.5,28,0.647,Suggested
2,Us,North America,Sports,licensed,60,502603,26121,3729,seasonal,Travel,Monday,Evening,84206,27,0.475,External
2,Mx,North America,Lifestyle,original,43,251972,6332,910,rising,Beauty,Friday,Evening,73660.3,20,0.523,Home
1,Us,North America,Pets,trending,19,14312,1925,251,declining,Tech,Sunday,Evening,95540.6,29,0.842,ForYou
1,Us,North America,News,licensed,29,64141,3043,334,declining,Travel,Wednesday,Evening,115000.4,17,0.769,ForYou
1,Mx,North America,Automotive,trending,26,170619,11194,1157,seasonal,Sports,Sunday,Evening,81860.4,26,0.635,Following
1,Mx,North America,DIY,trending,39,96340,6047,706,seasonal,Beauty,Wednesday,Evening,86157.4,29,0.792,ForYou
1,Us,North America,Tech,licensed,39,74678,4115,271,stable,Education,Wednesday,Evening,75610.2,35,0.838,ForYou
1,Mx,North America,News,trending,16,16896,1358,93,declining,Comedy,Tuesday,Morning,76729.8,26,0.506,Following
1,Us,North America,Automotive,trending,52,44138,1923,274,stable,Pets,Sunday,Evening,88068.7,24,0.519,ForYou
1,Us,North America,Art,original,31,35303,3764,551,seasonal,Music,Friday,Evening,105596.6,21,0.535,Following
1,Us,North America,Travel,trending,75,58654,4081,453,seasonal,Fashion,Tuesday,Evening,85683.8,20,0.501,ForYou
1,Us,North America,Tech,original,33,114871,5525,890,rising,Travel,Friday,Evening,118634.1,24,0.785,ForYou
1,Us,North America,Beauty,original,29,175510,10978,1286,rising,Dance,Sunday,Evening,70084.8,25,0.838,ForYou
1,Ca,North America,Pets,licensed,14,88970,3823,446,declining,Food,Wednesday,Morning,104158.3,21,0.629,Search
1,Ca,North America,News,licensed,23,85476,4746,584,stable,Pets,Friday,Night,107610.4,22,0.543,Search
1,Us,North America,Tech,licensed,39,119406,10455,1368,seasonal,Beauty,Saturday,Evening,106288.7,23,0.659,ForYou
1,Us,North America,Fitness,original,13,22812,1992,301,rising,Beauty,Monday,Evening,92942.5,20,0.654,ForYou
2,Ca,North America,Art,trending,26,33319,681,110,stable,Education,Friday,Afternoon,99969.1,18,0.665,Home
2,Us,North America,Travel,original,28,139565,7743,1174,stable,Sports,Friday,Afternoon,78146.6,22,0.496,Home
2,Us,North America,Education,trending,40,24905,1009,83,seasonal,Education,Friday,Evening,100266.4,27,0.428,Home
2,Us,North America,Fashion,trending,15,32170,1004,114,rising,Gaming,Friday,Morning,118088.6,27,0.587,External
2,Mx,North America,Fashion,licensed,50,8332,555,42,declining,Pets,Thursday,Evening,103233.1,20,0.41,Suggested
2,Mx,North America,Fitness,trending,81,80808,3950,592,declining,Comedy,Saturday,Evening,99253.8,20,0.56,Home
2,Us,North America,Pets,original,62,187710,5846,716,rising,Fashion,Friday,Afternoon,98604.1,20,0.626,Home
1,Mx,North America,Fashion,licensed,19,29985,1229,122,declining,Comedy,Friday,Night,96426.1,34,0.711,ForYou
1,Ca,North America,Gaming,original,28,84918,6457,711,seasonal,Beauty,Tuesday,Evening,104158.3,24,0.743,Search
1,Ca,North America,Education,trending,24,18475,1306,121,seasonal,Sports,Friday,Afternoon,98432,22,0.758,Search
1,Mx,North America,Music,original,57,26858,1718,197,seasonal,Dance,Saturday,Evening,102956.3,22,0.7,ForYou
1,Ca,North America,News,licensed,35,38827,2190,155,declining,Comedy,Sunday,Afternoon,87342.1,26,0.563,Search
1,Ca,North America,Sports,licensed,57,22571,844,134,rising,Pets,Friday,Evening,112406,22,0.816,Following
1,Mx,North America,Fashion,original,28,127059,12483,1452,seasonal,Education,Monday,Night,81626.7,27,0.6,ForYou
1,Ca,North America,Sports,trending,26,11652,806,116,stable,Education,Thursday,Evening,120740,16,0.55,ForYou
1,Ca,North America,Beauty,original,36,331734,27777,3834,declining,Tech,Sunday,Night,92140.4,26,0.817,External
1,Mx,North America,Travel,original,20,36464,4008,340,rising,Food,Saturday,Evening,85260.3,24,0.575,External
2,Mx,North America,DIY,licensed,37,32614,1239,184,seasonal,Pets,Monday,Morning,118188.8,17,0.468,Home
2,Ca,North America,Travel,licensed,26,82899,1936,205,stable,Education,Monday,Evening,121071.3,29,0.423,Home
2,Us,North America,Fitness,licensed,50,43342,1198,130,stable,Lifestyle,Monday,Evening,126216.3,19,0.552,External
2,Us,North America,Finance,original,37,25853,1654,101,rising,Education,Saturday,Evening,94296.6,29,0.632,Suggested
2,Mx,North America,Comedy,original,39,33962,1177,150,rising,Sports,Saturday,Evening,98586,26,0.677,Search
2,Ca,North America,Beauty,original,27,28676,906,149,seasonal,Education,Friday,Evening,99230,30,0.507,Suggested
2,Ca,North America,Sports,original,41,24284,970,64,stable,Sports,Friday,Morning,86520.6,24,0.712,Search
2,Mx,North America,Art,trending,51,44062,2213,296,declining,Dance,Friday,Morning,96609.1,15,0.676,Suggested
1,Us,North America,Beauty,original,27,74681,5236,435,stable,Food,Friday,Morning,66629.2,23,0.633,ForYou
1,Mx,North America,Gaming,licensed,28,27057,2637,239,stable,Lifestyle,Saturday,Evening,87740.9,19,0.761,ForYou
1,Ca,North America,Gaming,trending,24,31470,2055,200,stable,Tech,Friday,Morning,90734.5,31,0.767,ForYou
1,Ca,North America,Gaming,trending,13,89619,5190,374,seasonal,Education,Monday,Afternoon,94740.9,18,0.592,ForYou
1,Ca,North America,Education,trending,75,102680,8991,1459,seasonal,Pets,Monday,Morning,84611.9,17,0.745,External
1,Us,North America,Comedy,original,18,22312,1904,233,rising,Food,Saturday,Evening,81063.8,14,0.733,ForYou
1,Us,North America,Pets,licensed,13,21848,858,92,stable,Education,Saturday,Afternoon,90345.1,18,0.7,ForYou
1,Us,North America,Beauty,original,37,94134,8256,866,declining,Gaming,Sunday,Afternoon,97125.1,26,0.63,External
1,Us,North America,News,original,19,33480,2076,262,rising,Tech,Saturday,Afternoon,100507.4,29,0.637,ForYou
1,Mx,North America,Fashion,trending,17,74583,6379,411,rising,Education,Friday,Afternoon,106288.7,27,0.641,ForYou
2,Mx,North America,Finance,licensed,41,133879,4376,308,declining,Music,Sunday,Evening,85373.7,21,0.454,Suggested
2,Mx,North America,Pets,original,78,39759,1325,189,declining,Lifestyle,Tuesday,Afternoon,101916.4,21,0.41,Search
2,Ca,North America,Pets,trending,66,85835,2719,358,seasonal,Pets,Friday,Evening,106392.4,20,0.538,Home
2,Us,North America,Finance,licensed,49,245914,11837,1301,declining,Pets,Friday,Afternoon,83077.8,24,0.4,Suggested
2,Ca,North America,Gaming,licensed,52,47929,2057,232,rising,Education,Thursday,Evening,97125.1,29,0.671,Suggested
2,Ca,North America,Art,original,23,14358,377,23,declining,Gaming,Sunday,Afternoon,87560.6,31,0.548,Search
2,Mx,North America,Sports,original,18,10979,549,72,rising,Pets,Friday,Evening,97289.6,20,0.533,Home
2,Us,North America,Automotive,trending,32,33874,1118,119,seasonal,Dance,Friday,Morning,93389,17,0.45,Suggested
2,Mx,North America,Finance,licensed,45,100619,2817,394,stable,Food,Friday,Night,102802.1,22,0.582,Home
2,Us,North America,Automotive,licensed,72,42823,1762,116,stable,Pets,Sunday,Evening,100507.4,17,0.638,Search
2,Ca,North America,Fashion,original,33,144065,5630,751,declining,Education,Wednesday,Night,115427,18,0.433,Suggested
1,Ca,North America,Music,original,22,56261,3454,356,declining,Dance,Friday,Morning,84701.8,17,0.505,ForYou
1,Ca,North America,Fitness,trending,32,335860,17750,1913,seasonal,Comedy,Friday,Morning,139280.8,21,0.631,ForYou
1,Mx,North America,Food,licensed,20,18560,1231,123,rising,Comedy,Sunday,Evening,96398.5,12,0.56,Following
1,Mx,North America,Music,trending,20,220137,23948,2218,stable,Travel,Wednesday,Morning,99017.9,25,0.775,ForYou
1,Mx,North America,Travel,trending,15,102659,5677,618,declining,Music,Tuesday,Night,89534.9,26,0.587,ForYou
1,Mx,North America,Automotive,trending,38,56774,4852,696,rising,Music,Tuesday,Evening,98083.4,12,0.518,Following
1,Mx,North America,Sports,trending,35,33168,1908,306,rising,Tech,Friday,Afternoon,97585.7,29,0.529,ForYou
1,Us,North America,Tech,original,24,17691,940,94,declining,Music,Friday,Evening,94562.8,26,0.792,ForYou
1,Mx,North America,Education,licensed,27,73034,4557,428,stable,Travel,Wednesday,Night,80653.2,21,0.556,External
1,Us,North America,Beauty,trending,18,187815,14227,1386,declining,Comedy,Friday,Afternoon,115920.9,30,0.556,ForYou
1,Ca,North America,Art,licensed,46,75942,5099,396,rising,Education,Friday,Evening,92619,25,0.722,Search
1,Ca,North America,DIY,trending,31,20716,1387,127,rising,Travel,Tuesday,Evening,127439.6,18,0.558,External
1,Us,North America,Beauty,trending,60,33969,2523,226,declining,Comedy,Friday,Evening,121748.7,22,0.792,ForYou
1,Mx,North America,Tech,trending,24,314791,19233,1252,rising,Beauty,Friday,Evening,77446,20,0.679,ForYou
1,Us,North America,Beauty,original,27,19292,2747,304,rising,Beauty,Friday,Evening,105890.8,30,0.7,ForYou
2,Us,North America,Art,trending,50,28937,1681,142,rising,Sports,Friday,Evening,81361.8,22,0.48,Home
2,Ca,North America,News,trending,27,68931,2716,231,rising,Comedy,Saturday,Morning,106362.4,9,0.533,Home
2,Us,North America,Fashion,licensed,12,17858,814,51,declining,Pets,Friday,Evening,112761.3,19,0.558,Suggested
2,Us,North America,Sports,original,45,71136,3980,286,rising,Pets,Friday,Afternoon,93663.5,17,0.438,Suggested
2,Ca,North America,Comedy,trending,31,63741,3293,401,rising,Food,Wednesday,Evening,116083.5,14,0.732,Suggested
2,Ca,North America,Education,trending,31,55176,2019,265,rising,Music,Tuesday,Evening,118634.1,26,0.529,Home
2,Ca,North America,Travel,original,53,73648,3252,402,declining,Lifestyle,Tuesday,Evening,68784.4,28,0.445,External
1,Mx,North America,Music,trending,20,74064,5534,668,seasonal,Lifestyle,Sunday,Afternoon,116083.5,30,0.685,ForYou
1,Ca,North America,Beauty,trending,16,4273,368,39,rising,Sports,Thursday,Evening,85148.5,24,0.662,ForYou
1,Ca,North America,Automotive,licensed,41,14891,1391,94,seasonal,Pets,Friday,Evening,92903,20,0.654,ForYou
1,Ca,North America,Pets,trending,56,86304,5742,607,stable,Food,Tuesday,Evening,84057.5,22,0.6,ForYou
1,Mx,North America,Automotive,licensed,27,72887,4992,463,declining,Pets,Friday,Evening,83077.8,20,0.707,ForYou
1,Ca,North America,Education,trending,27,4904,277,41,seasonal,Beauty,Monday,Morning,100230.7,22,0.633,ForYou
1,Us,North America,Art,trending,41,28430,1483,113,seasonal,Education,Friday,Afternoon,94740.9,28,0.522,Search
1,Mx,North America,Finance,original,16,176653,10401,946,declining,Music,Friday,Evening,103726.9,21,0.812,ForYou
2,Ca,North America,Food,trending,12,18871,597,38,declining,Pets,Friday,Evening,91145.8,20,0.683,Home
2,Ca,North America,Tech,licensed,36,289393,13797,1121,declining,Fashion,Saturday,Evening,104730.1,20,0.608,Suggested
2,Us,North America,Food,original,33,46014,2102,167,stable,Music,Wednesday,Morning,79760.5,12,0.412,Search
2,Us,North America,Fashion,original,32,24829,1744,128,stable,Fashion,Thursday,Evening,111410.3,21,0.725,Suggested
2,Mx,North America,Science,original,43,31820,814,76,stable,Gaming,Sunday,Evening,79742.9,26,0.591,Home
2,Mx,North America,News,trending,32,35253,1366,106,rising,Music,Saturday,Evening,138884.6,14,0.622,Suggested
2,Mx,North America,Lifestyle,trending,90,40271,1935,210,seasonal,Sports,Thursday,Evening,101614.1,22,0.71,Home
1,Ca,North America,Art,licensed,30,104462,4954,478,declining,Travel,Saturday,Morning,96398.5,23,0.62,External
1,Ca,North America,Finance,licensed,28,21314,575,93,stable,Comedy,Sunday,Afternoon,104994.3,11,0.664,Following
1,Us,North America,Fashion,original,25,194423,13072,1948,seasonal,Comedy,Thursday,Afternoon,101504.2,28,0.62,ForYou
1,Mx,North America,Pets,licensed,19,39131,3363,461,seasonal,Dance,Saturday,Evening,154865.6,15,0.537,Search
1,Us,North America,Beauty,trending,44,14859,1040,92,rising,Travel,Wednesday,Evening,83948.3,26,0.711,ForYou
1,Mx,North America,Pets,trending,21,164522,10454,993,stable,Sports,Sunday,Evening,120866.4,26,0.762,ForYou
2,Mx,North America,Automotive,licensed,43,20695,559,79,seasonal,Dance,Monday,Evening,79263.6,15,0.409,Search
2,Mx,North America,Comedy,trending,16,17571,483,42,stable,Beauty,Monday,Evening,88276,18,0.631,Search
2,Us,North America,Education,licensed,33,25822,1509,119,rising,Comedy,Wednesday,Afternoon,96208.1,26,0.642,Suggested
2,Mx,North America,Automotive,licensed,22,207107,6415,952,stable,Education,Monday,Evening,113293.7,22,0.573,Suggested
2,Mx,North America,Art,original,24,5927,445,43,declining,Gaming,Tuesday,Evening,101182.4,24,0.683,Home
2,Us,North America,Travel,licensed,50,43090,1782,253,rising,Dance,Saturday,Morning,104175.6,17,0.61,Home
2,Us,North America,Pets,trending,24,376086,9207,1026,stable,Gaming,Friday,Evening,119864.1,24,0.708,Search
2,Ca,North America,Fashion,trending,53,61176,2339,324,seasonal,Beauty,Friday,Afternoon,92942.5,18,0.481,Home
2,Ca,North America,Finance,licensed,48,57533,3304,347,declining,Food,Wednesday,Evening,124734.7,23,0.529,Suggested
2,Mx,North America,Beauty,licensed,29,65122,3387,354,declining,Tech,Friday,Afternoon,84909.5,29,0.576,Suggested
1,Us,North America,Pets,original,29,34170,2463,176,rising,Travel,Saturday,Afternoon,94953.4,22,0.524,ForYou
1,Mx,North America,Fitness,trending,11,72523,4821,506,stable,Education,Friday,Night,90369.7,35,0.709,ForYou
1,Ca,North America,Finance,original,42,108086,6210,609,declining,Beauty,Friday,Evening,102263.9,25,0.681,External
1,Ca,North America,Lifestyle,original,18,96966,7148,484,declining,Fashion,Sunday,Night,75227.3,21,0.578,ForYou
1,Ca,North America,Science,licensed,72,37684,3099,399,stable,Music,Saturday,Morning,94125.6,28,0.839,Search
1,Ca,North America,Sports,original,19,83238,3877,259,stable,Beauty,Monday,Evening,90998.7,22,0.632,ForYou
1,Ca,North America,Education,original,23,15230,1059,88,seasonal,Travel,Saturday,Morning,94172.9,17,0.839,Search
1,Mx,North America,Art,licensed,11,132850,10238,1163,seasonal,Food,Friday,Evening,87740.9,26,0.536,Search
1,Ca,North America,Beauty,original,24,3502,212,22,declining,Dance,Wednesday,Evening,83006.6,25,0.633,ForYou
1,Us,North America,Finance,licensed,23,21254,1408,189,seasonal,Sports,Sunday,Evening,88981.6,24,0.761,Search
1,Us,North America,Pets,original,35,41913,3403,299,declining,Beauty,Thursday,Evening,118638.2,24,0.769,ForYou
1,Mx,North America,Automotive,trending,27,74337,4885,445,stable,Education,Friday,Night,94125.6,28,0.559,ForYou
1,Us,North America,Fitness,licensed,75,231245,16734,2196,rising,Comedy,Thursday,Evening,94123.3,21,0.576,ForYou
1,Us,North America,Food,original,44,57144,4357,423,stable,Music,Sunday,Evening,91145.8,21,0.661,ForYou
1,Mx,North America,Education,original,10,85494,5924,774,declining,Gaming,Monday,Evening,128892.5,26,0.85,Following
1,Mx,North America,Food,trending,72,46090,2896,412,declining,Gaming,Sunday,Night,96474.3,28,0.836,ForYou
1,Ca,North America,News,original,32,246805,17366,2037,declining,Travel,Monday,Evening,102103.6,24,0.788,Following
1,Ca,North America,Education,original,19,64886,2132,247,rising,Education,Friday,Evening,86206.8,25,0.621,Following
1,Mx,North America,DIY,licensed,43,57324,5518,596,stable,Dance,Sunday,Afternoon,89515.2,17,0.772,External
2,Mx,North America,Fitness,trending,40,73575,1702,239,stable,Pets,Monday,Night,107322.2,24,0.495,Search
2,Mx,North America,Gaming,original,57,5090,262,23,seasonal,Tech,Tuesday,Afternoon,118476.8,29,0.516,Home
2,Ca,North America,Lifestyle,licensed,39,24715,933,129,stable,Beauty,Monday,Afternoon,98246.3,18,0.628,Search
2,Mx,North America,Sports,licensed,31,25926,739,100,seasonal,Gaming,Sunday,Night,86157.4,25,0.552,Suggested
2,Mx,North America,Comedy,licensed,61,27423,996,112,declining,Lifestyle,Sunday,Evening,95029.2,19,0.651,Suggested
2,Ca,North America,Art,original,24,82451,3355,352,declining,Tech,Tuesday,Evening,93663.5,23,0.492,Home
1,Ca,North America,Food,original,23,27198,2328,164,stable,Beauty,Sunday,Evening,100507.4,27,0.778,ForYou
1,Ca,North America,Sports,licensed,51,91781,8715,906,rising,Beauty,Friday,Evening,95392.8,21,0.68,ForYou
1,Ca,North America,Sports,trending,20,75996,4674,650,declining,Travel,Thursday,Evening,166405.2,17,0.805,ForYou
1,Mx,North America,Science,licensed,32,71622,5540,620,rising,Music,Friday,Evening,99317.4,23,0.678,ForYou
1,Mx,North America,Food,original,28,89532,7330,824,declining,Food,Sunday,Evening,105890.8,14,0.764,ForYou
1,Ca,North America,Travel,original,27,31369,1692,209,declining,Lifestyle,Wednesday,Evening,75610.2,21,0.604,Search
1,Us,North America,Fashion,trending,56,10431,692,100,declining,Sports,Wednesday,Afternoon,103611.2,24,0.502,Search
1,Us,North America,Sports,licensed,22,106387,6232,808,declining,Dance,Sunday,Afternoon,102500.9,17,0.65,ForYou
1,Mx,North America,Comedy,licensed,9,151691,7001,767,seasonal,Comedy,Sunday,Evening,92959.7,23,0.578,ForYou
1,Us,North America,Art,trending,18,150128,6700,437,stable,Fashion,Sunday,Evening,92959.7,18,0.561,ForYou
1,Us,North America,Lifestyle,trending,39,27219,2053,271,rising,Music,Friday,Morning,84701.8,23,0.767,External
1,Us,North America,Gaming,trending,29,57254,3588,371,rising,Sports,Monday,Morning,65130,24,0.572,ForYou
2,Ca,North America,Gaming,licensed,75,112262,3675,562,declining,Sports,Monday,Night,124137.5,24,0.464,Suggested
2,Us,North America,News,licensed,49,102974,2710,228,stable,Education,Friday,Afternoon,92871.7,27,0.49,Suggested
2,Ca,North America,Pets,licensed,33,27232,1419,217,declining,Beauty,Thursday,Evening,78433.1,24,0.564,Suggested
2,Us,North America,Lifestyle,trending,29,42627,2094,254,rising,Beauty,Sunday,Afternoon,82087.3,24,0.545,Home
2,Mx,North America,Food,licensed,59,87186,1935,185,rising,Music,Saturday,Afternoon,94785.6,21,0.668,Home
2,Us,North America,Fitness,licensed,51,95842,5612,878,seasonal,Travel,Saturday,Evening,86911.3,24,0.514,Suggested
2,Mx,North America,Tech,trending,51,1825639,43018,4833,declining,Tech,Friday,Evening,93745.1,23,0.533,Home
1,Mx,North America,Music,licensed,23,509450,22892,3109,stable,Pets,Thursday,Night,112406,19,0.626,Following
1,Ca,North America,Education,licensed,61,14463,1309,196,rising,Beauty,Saturday,Evening,67379.6,30,0.795,ForYou
1,Mx,North America,Science,licensed,25,18493,1005,110,stable,Lifestyle,Sunday,Afternoon,95540.6,24,0.752,ForYou
1,Us,North America,Finance,trending,21,15912,1560,202,seasonal,Education,Friday,Morning,109552,18,0.681,Search
1,Us,North America,Comedy,original,49,284468,27817,3819,rising,Dance,Friday,Evening,111839.1,22,0.749,ForYou
1,Mx,North America,Finance,trending,16,195533,17939,2327,seasonal,Sports,Friday,Morning,78146.6,24,0.806,Search
1,Mx,North America,Education,licensed,18,55679,3183,239,rising,Fashion,Thursday,Evening,106103.9,22,0.7,ForYou
1,Us,North America,Fashion,licensed,18,120313,4936,530,stable,Music,Friday,Afternoon,94810.9,28,0.772,ForYou
1,Ca,North America,Art,trending,19,54326,3634,325,seasonal,Sports,Thursday,Night,106288.7,22,0.521,ForYou
2,Mx,North America,Lifestyle,original,28,35713,1405,189,rising,Sports,Monday,Night,95932.9,26,0.443,Suggested
2,Mx,North America,Finance,original,27,26251,1041,159,stable,Pets,Sunday,Evening,106288.7,20,0.489,Suggested
2,Mx,North America,Sports,trending,24,80881,2934,245,seasonal,Comedy,Sunday,Evening,105639.6,11,0.525,Home
2,Mx,North America,Science,licensed,49,115953,3809,319,declining,Music,Wednesday,Afternoon,87790.4,15,0.61,Home
2,Us,North America,Food,licensed,60,172759,3632,410,declining,Dance,Sunday,Evening,110188.3,22,0.532,Suggested
2,Mx,North America,Gaming,original,31,240137,7335,542,declining,Gaming,Friday,Afternoon,86654.6,23,0.626,Home
2,Us,North America,Tech,licensed,33,54523,1644,195,rising,Gaming,Tuesday,Evening,110084.9,24,0.452,Home
1,Mx,North America,Sports,licensed,50,10747,685,104,rising,Music,Friday,Morning,129372.5,23,0.642,ForYou
1,Us,North America,Comedy,licensed,17,7374,604,93,stable,Comedy,Wednesday,Afternoon,116192.9,28,0.688,ForYou
1,Us,North America,Finance,original,34,24972,1676,141,seasonal,Music,Sunday,Afternoon,98432,21,0.703,ForYou
1,Mx,North America,Lifestyle,licensed,33,170353,18637,2311,seasonal,Music,Friday,Night,83948.3,26,0.721,Search
1,Ca,North America,Food,licensed,42,31611,2818,368,declining,Gaming,Wednesday,Evening,76131.2,26,0.764,ForYou
1,Mx,North America,Food,original,24,114357,11704,1550,rising,Tech,Monday,Morning,109552,26,0.638,ForYou
1,Mx,North America,Pets,trending,33,58933,6995,776,stable,Tech,Sunday,Morning,112406,29,0.818,ForYou
1,Mx,North America,DIY,trending,31,141380,9629,1108,seasonal,Dance,Friday,Evening,99893.3,22,0.623,Following
1,Ca,North America,News,licensed,27,430195,23747,2612,stable,Education,Friday,Evening,115920.9,28,0.837,ForYou
1,Mx,North America,News,original,45,19581,1737,142,rising,Food,Friday,Evening,75220.9,26,0.807,ForYou
1,Ca,North America,Sports,licensed,19,13540,897,58,stable,Dance,Monday,Evening,85683.8,20,0.637,ForYou
2,Us,North America,Fashion,original,33,9907,270,28,declining,Travel,Friday,Evening,84701.8,26,0.524,Home
2,Us,North America,DIY,trending,90,161803,3952,325,declining,Pets,Thursday,Evening,138884.6,24,0.518,Home
2,Us,North America,Pets,original,32,50490,2185,254,declining,Food,Sunday,Evening,103650.5,23,0.431,Home
2,Us,North America,Pets,licensed,15,104040,3568,408,rising,Music,Saturday,Evening,70198.1,21,0.52,Home
2,Us,North America,Science,trending,37,39495,2479,175,stable,Dance,Friday,Afternoon,92761.2,20,0.616,Home
2,Us,North America,DIY,trending,25,20968,813,80,seasonal,Fashion,Friday,Evening,115494.9,19,0.636,Suggested
2,Mx,North America,Pets,trending,35,11660,438,69,seasonal,Beauty,Sunday,Evening,84501.2,28,0.451,Suggested
2,Us,North America,DIY,licensed,29,131961,2864,428,declining,Pets,Friday,Evening,100554.5,20,0.524,Home
1,Ca,North America,Fashion,original,22,82637,12080,966,seasonal,Comedy,Friday,Evening,92388.3,14,0.65,Search
1,Mx,North America,Finance,trending,27,27067,1618,226,stable,Dance,Saturday,Night,169151.3,20,0.759,Following
1,Us,North America,DIY,licensed,36,38613,3062,481,rising,Beauty,Wednesday,Night,91298.1,29,0.844,External
1,Mx,North America,Comedy,original,26,119461,12456,1023,stable,Education,Thursday,Evening,82284.4,18,0.531,ForYou
1,Mx,North America,Music,licensed,32,77123,3401,309,stable,Sports,Friday,Evening,88068.7,22,0.584,External
1,Mx,North America,DIY,trending,14,43727,3842,275,stable,Beauty,Friday,Night,120470,29,0.543,ForYou
1,Mx,North America,Science,trending,51,112436,4474,524,seasonal,Beauty,Friday,Evening,87560.6,29,0.722,Search
1,Ca,North America,News,trending,27,58927,3608,343,seasonal,Lifestyle,Friday,Evening,81777.9,25,0.778,Following
1,Ca,North America,Travel,licensed,16,96951,5919,650,rising,Beauty,Friday,Evening,96533.9,29,0.681,External
1,Ca,North America,Sports,original,23,36731,4050,358,rising,Dance,Friday,Night,134259.1,25,0.783,External
1,Us,North America,Art,original,29,49521,2933,235,rising,Fashion,Tuesday,Evening,98366.2,20,0.628,Following
1,Ca,North America,Beauty,licensed,21,30628,2601,336,seasonal,Dance,Friday,Evening,85253.7,15,0.724,Search
2,Mx,North America,Beauty,original,10,116440,4092,434,stable,Tech,Thursday,Evening,83998.9,31,0.52,External
2,Ca,North America,Education,original,34,129759,2644,329,declining,Tech,Thursday,Evening,87499.9,28,0.403,Suggested
2,Mx,North America,Tech,licensed,63,175658,4835,781,declining,Food,Friday,Night,98083.4,25,0.613,Search
2,Us,North America,Finance,licensed,15,26398,1358,174,stable,Gaming,Saturday,Morning,89603.4,26,0.507,Home
2,Ca,North America,Food,licensed,21,392038,10652,928,rising,Lifestyle,Thursday,Evening,103450.2,29,0.586,Suggested
2,Us,North America,Automotive,original,66,67278,1946,293,seasonal,Pets,Monday,Afternoon,90837.3,24,0.539,Search
1,Ca,North America,Beauty,original,21,149409,13710,1922,rising,Dance,Monday,Evening,94123.3,20,0.681,Following
1,Ca,North America,Art,trending,31,57603,4348,551,stable,Sports,Sunday,Afternoon,117342.2,24,0.59,Following
1,Ca,North America,DIY,trending,21,37861,1784,254,declining,Education,Friday,Morning,110188.3,19,0.524,ForYou
1,Us,North America,Automotive,licensed,23,153000,9087,937,seasonal,Food,Saturday,Evening,112761.3,20,0.617,ForYou
1,Us,North America,Science,trending,27,39359,4129,391,rising,Tech,Monday,Evening,103877.5,26,0.593,ForYou
1,Ca,North America,Food,licensed,15,145516,8868,592,stable,Comedy,Friday,Evening,101492.8,21,0.713,Following
1,Ca,North America,Music,original,26,121179,11042,936,stable,Sports,Friday,Evening,100197.7,24,0.531,Following
1,Us,North America,Comedy,licensed,19,130599,10153,1037,stable,Pets,Sunday,Afternoon,91480.6,17,0.584,ForYou
1,Mx,North America,Fitness,trending,49,9580,484,75,rising,Tech,Friday,Morning,109552,29,0.671,ForYou
1,Us,North America,Beauty,trending,29,10630,493,38,rising,Gaming,Thursday,Night,147476.9,30,0.7,Following
1,Ca,North America,Automotive,original,33,92595,7242,865,seasonal,Food,Friday,Morning,97042.8,29,0.597,ForYou
1,Ca,North America,Beauty,original,20,28623,2503,296,rising,Fashion,Thursday,Evening,87617.4,20,0.75,ForYou
2,Mx,North America,Travel,trending,19,242812,7799,629,rising,Education,Thursday,Night,89929.7,25,0.532,Suggested
2,Mx,North America,Pets,trending,35,50826,2637,188,declining,Fashion,Friday,Evening,99969.1,21,0.586,Home
2,Ca,North America,Fitness,trending,48,29061,1290,108,stable,Beauty,Friday,Afternoon,107717.7,21,0.623,External
2,Mx,North America,Food,licensed,21,26583,1433,184,seasonal,Travel,Saturday,Evening,91145.8,20,0.676,Search
2,Ca,North America,Gaming,trending,46,42246,1616,142,stable,Lifestyle,Saturday,Afternoon,98246.3,30,0.583,Home
2,Mx,North America,Gaming,original,33,52794,1306,189,seasonal,Pets,Friday,Evening,81063.8,17,0.618,External
2,Mx,North America,Pets,licensed,41,265622,14562,1838,declining,Gaming,Friday,Evening,97585.7,27,0.693,Search
2,Us,North America,Travel,original,50,21225,692,101,seasonal,Fashion,Tuesday,Evening,89411.7,19,0.598,Suggested
2,Mx,North America,Pets,trending,19,121969,4348,383,seasonal,Beauty,Friday,Evening,83290.1,18,0.711,Search
1,Us,North America,Lifestyle,original,27,45192,2954,311,stable,Tech,Friday,Evening,99017.9,25,0.667,ForYou
1,Ca,North America,DIY,trending,33,29606,1224,83,rising,Music,Wednesday,Morning,78433.1,24,0.842,ForYou
1,Ca,North America,DIY,licensed,23,33395,2194,304,seasonal,Travel,Sunday,Morning,97490.1,23,0.609,ForYou
1,Mx,North America,Finance,licensed,39,65826,4479,496,rising,Gaming,Friday,Evening,111830.6,31,0.787,ForYou
1,Us,North America,Finance,trending,35,163465,12063,1610,rising,Beauty,Sunday,Evening,90998.7,28,0.577,Following
1,Ca,North America,DIY,licensed,23,51201,3480,536,seasonal,Dance,Sunday,Evening,89981.8,17,0.791,ForYou
1,Mx,North America,Gaming,trending,33,17745,735,91,seasonal,Gaming,Monday,Evening,67358,25,0.606,ForYou
1,Us,North America,Gaming,licensed,34,12205,520,34,declining,Music,Thursday,Night,96742.3,15,0.75,ForYou
1,Mx,North America,Education,trending,75,53923,4140,533,declining,Comedy,Friday,Evening,90840.6,20,0.636,ForYou
1,Ca,North America,Pets,licensed,26,51438,3470,495,rising,Gaming,Friday,Night,110188.3,29,0.688,ForYou
1,Us,North America,Fashion,original,35,14296,624,50,declining,Pets,Friday,Afternoon,96007.1,26,0.643,ForYou
1,Us,North America,Beauty,trending,66,123563,9950,792,declining,Education,Monday,Evening,132431.6,16,0.556,External
1,Us,North America,Fashion,original,22,352559,25494,2383,rising,Comedy,Tuesday,Evening,153205.6,26,0.741,ForYou
1,Us,North America,Food,licensed,26,129053,11377,1021,rising,Fashion,Friday,Afternoon,92945.6,20,0.562,Search
2,Ca,North America,Pets,original,35,20477,762,115,declining,Lifestyle,Tuesday,Evening,98083.4,21,0.563,Suggested
2,Us,North America,DIY,trending,48,99507,4549,677,declining,Beauty,Thursday,Night,113750.9,20,0.442,Home
2,Ca,North America,Comedy,original,24,93250,2387,197,rising,Fashion,Tuesday,Evening,89929.7,22,0.542,Home
2,Mx,North America,Music,licensed,28,10955,465,65,seasonal,Tech,Saturday,Evening,63523.5,31,0.593,Home
2,Us,North America,Finance,trending,33,26992,807,120,declining,Travel,Tuesday,Evening,98396.5,17,0.697,Search
2,Us,North America,Science,licensed,41,12574,434,43,declining,Tech,Thursday,Evening,99969.1,24,0.671,Search
1,Mx,North America,Fitness,trending,41,8090,581,73,stable,Dance,Sunday,Evening,106096.4,24,0.563,ForYou
1,Us,North America,Finance,trending,14,55575,4934,502,seasonal,Food,Thursday,Afternoon,112535.6,23,0.586,Search
1,Mx,North America,News,original,29,38899,1993,214,declining,Travel,Friday,Evening,89206.3,22,0.538,ForYou
1,Ca,North America,Beauty,trending,17,149111,10160,731,seasonal,Education,Friday,Evening,99737.6,22,0.688,External
1,Ca,North America,Fitness,trending,23,19359,1427,101,seasonal,Lifestyle,Saturday,Evening,71447.6,28,0.791,ForYou
1,Us,North America,Travel,original,40,32411,2829,376,stable,DIY,Friday,Afternoon,117704,19,0.585,ForYou
1,Ca,North America,Art,licensed,40,39405,2008,295,rising,Pets,Monday,Morning,68775.5,24,0.58,Following
1,Us,North America,Art,licensed,63,27758,2545,240,seasonal,Food,Saturday,Evening,126216.3,27,0.621,Search
1,Us,North America,Finance,licensed,30,158448,20731,2412,declining,Music,Friday,Evening,91145.8,17,0.593,ForYou
1,Us,North America,Art,trending,75,51131,4441,649,declining,Fashion,Saturday,Evening,91307.8,20,0.56,ForYou
2,Us,North America,Finance,trending,38,48175,2188,138,stable,Gaming,Friday,Night,84909.5,28,0.611,Home
2,Ca,North America,News,trending,13,39544,1767,228,rising,Pets,Friday,Morning,101422.3,20,0.462,Suggested
2,Mx,North America,Gaming,trending,33,380786,14844,1497,declining,Pets,Wednesday,Night,91102.6,24,0.579,Suggested
2,Us,North America,Sports,trending,48,297877,7744,1098,stable,Beauty,Saturday,Evening,99230,21,0.527,Search
2,Us,North America,Finance,licensed,47,30322,1591,116,seasonal,Education,Thursday,Evening,95967.2,30,0.66,External
2,Us,North America,Fitness,licensed,18,39417,1376,112,seasonal,Fashion,Friday,Evening,96533.9,19,0.7,Home
2,Mx,North America,Pets,licensed,90,15391,655,66,seasonal,Dance,Friday,Night,116192.9,22,0.499,External
2,Mx,North America,Gaming,licensed,38,33843,690,70,seasonal,Comedy,Thursday,Evening,101422.3,18,0.653,Search
2,Us,North America,Gaming,trending,66,150866,4507,656,stable,Dance,Friday,Morning,82284.4,15,0.4,Home
1,Mx,North America,Comedy,licensed,28,34586,2379,216,stable,Pets,Monday,Evening,101916.4,20,0.557,External
1,Us,North America,Education,original,41,180272,13264,1917,stable,Sports,Thursday,Evening,98301.3,22,0.744,Search
1,Ca,North America,Music,trending,16,54365,4987,370,stable,Pets,Friday,Evening,96398.5,26,0.65,Following
2,Us,North America,News,original,26,114707,3363,309,declining,Tech,Thursday,Morning,85903.6,29,0.719,Home
2,Us,North America,Music,licensed,28,72502,2936,185,seasonal,Travel,Sunday,Evening,87354.2,22,0.661,Search
2,Us,North America,Fitness,trending,53,15356,766,63,seasonal,Tech,Monday,Night,75277.5,24,0.649,Home
2,Ca,North America,Art,licensed,41,64728,2758,364,rising,Food,Friday,Evening,119864.1,18,0.5,Search
2,Us,North America,Finance,licensed,33,652827,28852,4081,rising,Gaming,Thursday,Night,106361,24,0.609,Search
2,Ca,North America,Beauty,original,34,84984,5206,759,stable,Dance,Sunday,Afternoon,120866.4,15,0.656,Home
1,Us,North America,Science,trending,22,103888,7768,1122,stable,Lifestyle,Sunday,Evening,101916.4,26,0.755,ForYou
1,Mx,North America,Comedy,trending,15,25922,3445,480,declining,Fashion,Wednesday,Evening,101916.4,20,0.793,ForYou
1,Mx,North America,Science,licensed,22,321973,22323,1604,seasonal,Gaming,Sunday,Evening,96091.1,28,0.745,ForYou
1,Ca,North America,Food,trending,20,32866,2484,259,stable,Lifestyle,Tuesday,Afternoon,75610.2,25,0.775,ForYou
1,Ca,North America,Automotive,trending,41,140217,14907,2037,declining,Comedy,Saturday,Evening,85683.8,16,0.798,ForYou
1,Ca,North America,Automotive,licensed,27,111669,4866,416,rising,Gaming,Saturday,Morning,94296.6,27,0.626,ForYou
1,Mx,North America,Automotive,licensed,41,85327,5853,706,declining,Education,Friday,Afternoon,86206.8,27,0.59,Following
1,Mx,North America,News,original,29,26211,889,145,stable,Dance,Thursday,Afternoon,83077.8,22,0.659,ForYou
1,Mx,North America,Gaming,original,27,72461,5119,410,seasonal,Tech,Thursday,Afternoon,104175.6,25,0.778,Following
1,Ca,North America,Comedy,licensed,27,79721,4644,447,stable,Sports,Friday,Morning,95540.6,24,0.578,Following
1,Mx,North America,Gaming,licensed,30,76264,4815,410,declining,Lifestyle,Saturday,Afternoon,119306.4,28,0.76,Search
2,Ca,North America,Science,licensed,30,283639,18198,2370,rising,Fashion,Friday,Morning,109040.9,19,0.553,Search
2,Ca,North America,Gaming,trending,39,61242,2683,272,rising,Beauty,Sunday,Evening,109040.9,25,0.728,Suggested
2,Us,North America,Fashion,licensed,29,52621,1807,227,rising,Travel,Sunday,Night,83423.1,20,0.452,Home
2,Mx,North America,Gaming,licensed,14,138107,9644,1174,stable,Comedy,Monday,Afternoon,104730.1,11,0.55,External
2,Us,North America,Food,trending,20,453590,12166,1282,stable,Travel,Saturday,Evening,98246.3,22,0.665,Home
2,Mx,North America,Gaming,trending,81,77280,2842,272,stable,Comedy,Saturday,Evening,104142.7,31,0.458,Suggested
2,Mx,North America,Beauty,licensed,18,88887,3466,318,seasonal,Education,Friday,Morning,104730.1,30,0.678,Home
1,Mx,North America,Pets,licensed,29,70898,3360,288,rising,Dance,Friday,Afternoon,106642.8,22,0.672,Search
1,Mx,North America,Travel,original,28,294022,18483,2316,stable,Gaming,Wednesday,Evening,129372.5,30,0.629,ForYou
1,Mx,North America,Pets,original,39,505513,34631,3837,rising,Food,Tuesday,Afternoon,89114.6,14,0.849,ForYou
1,Us,North America,Beauty,licensed,34,48941,2749,357,seasonal,Gaming,Monday,Morning,107322.2,28,0.503,Following
1,Ca,North America,Education,licensed,46,128915,9089,839,stable,Travel,Thursday,Evening,127392.4,27,0.593,Following
1,Mx,North America,News,trending,19,130666,7839,733,rising,Tech,Friday,Afternoon,107717.7,29,0.589,Search
1,Us,North America,Pets,licensed,9,39400,3115,285,rising,Sports,Saturday,Evening,87617.4,28,0.822,ForYou
1,Us,North America,Fashion,trending,55,178620,12275,1085,declining,Beauty,Friday,Evening,89533.8,28,0.789,ForYou
1,Us,North America,Food,trending,20,1550,93,10,stable,Travel,Saturday,Afternoon,89927.8,17,0.825,ForYou
1,Us,North America,Comedy,licensed,21,34261,1698,185,seasonal,Dance,Friday,Evening,72836.1,15,0.643,Following
1,Ca,North America,Music,licensed,21,24787,1245,122,rising,Gaming,Saturday,Afternoon,86911.3,27,0.51,Following
1,Ca,North America,Beauty,trending,75,45594,3538,336,rising,Gaming,Thursday,Afternoon,106096.4,28,0.543,ForYou
1,Ca,North America,Pets,original,30,33865,1826,238,stable,Education,Saturday,Evening,110281.5,33,0.587,ForYou
1,Ca,North America,News,original,28,37750,1678,163,stable,Education,Tuesday,Evening,105616,27,0.621,External
2,Mx,North America,Fitness,original,17,13328,716,60,stable,DIY,Friday,Afternoon,94231.9,20,0.612,Home
2,Us,North America,Music,licensed,19,7845,412,29,stable,Tech,Saturday,Evening,91096.1,29,0.7,Home
2,Mx,North America,Finance,licensed,39,61194,4391,603,seasonal,Tech,Sunday,Afternoon,133984.4,24,0.444,Search
2,Ca,North America,Lifestyle,trending,77,62131,2676,315,seasonal,Travel,Sunday,Evening,90954.4,24,0.425,Home
2,Mx,North America,Travel,original,22,17710,775,77,rising,Fashion,Friday,Evening,105596.6,23,0.65,External
2,Mx,North America,Sports,trending,22,25384,1005,161,declining,Gaming,Sunday,Night,96609.1,27,0.582,Suggested
2,Mx,North America,Music,original,45,15796,461,41,rising,Dance,Saturday,Night,101576.1,22,0.724,Suggested
2,Mx,North America,DIY,original,34,61049,1664,234,declining,Gaming,Saturday,Morning,104791.2,31,0.568,Search
1,Mx,North America,Pets,trending,36,91577,8114,727,declining,Fashion,Monday,Morning,87635.1,22,0.633,ForYou
1,Mx,North America,Tech,original,43,271032,14353,2148,rising,Gaming,Tuesday,Night,86547.9,30,0.693,ForYou
1,Us,North America,Science,licensed,26,25604,1131,142,declining,Sports,Friday,Morning,87047.6,22,0.619,ForYou
1,Ca,North America,Gaming,licensed,31,62051,3292,379,stable,Education,Sunday,Afternoon,95967.2,18,0.752,ForYou
1,Mx,North America,Fitness,original,18,70658,3881,583,rising,Pets,Friday,Evening,76647.2,26,0.556,Following
1,Ca,North America,Sports,trending,55,73214,5284,394,declining,Education,Saturday,Evening,89008.1,29,0.789,ForYou
1,Ca,North America,Finance,trending,24,76490,4260,319,declining,Travel,Sunday,Night,82901.5,20,0.675,Following
1,Mx,North America,Education,trending,25,111949,6391,493,rising,Food,Tuesday,Afternoon,113842.7,16,0.616,ForYou
1,Us,North America,Finance,original,14,53046,4606,531,stable,Food,Friday,Afternoon,139823.9,15,0.693,ForYou
1,Us,North America,Sports,trending,28,61071,3180,440,seasonal,Sports,Saturday,Evening,92655.5,28,0.564,ForYou
1,Us,North America,Education,licensed,14,6080,484,47,seasonal,Travel,Saturday,Morning,115022.7,23,0.671,ForYou
1,Mx,North America,Fitness,original,16,131209,7809,577,stable,Tech,Friday,Morning,65130,25,0.769,ForYou
1,Ca,North America,Comedy,licensed,36,47671,2908,398,declining,Fashion,Friday,Afternoon,120182.5,21,0.583,Search
1,Us,North America,Lifestyle,original,64,175878,12428,1440,rising,Dance,Monday,Morning,99969.1,15,0.8,External
1,Us,North America,Education,original,75,54388,2288,281,declining,Travel,Friday,Evening,87996.6,22,0.547,ForYou
1,Us,North America,Finance,trending,12,69070,2891,316,declining,Dance,Saturday,Evening,107717.7,25,0.617,External
2,Ca,North America,Science,original,37,144091,6126,555,rising,Travel,Wednesday,Afternoon,116369.7,27,0.576,Home
2,Mx,North America,Art,licensed,43,90801,3598,392,stable,Travel,Saturday,Night,110281.5,23,0.463,Suggested
2,Ca,North America,Pets,trending,56,61391,3985,483,stable,Pets,Wednesday,Evening,94562.8,19,0.702,Search
2,Us,North America,Beauty,trending,45,557398,20524,1503,seasonal,Gaming,Saturday,Afternoon,102347.6,27,0.542,Home
2,Mx,North America,Art,original,44,50677,2786,404,stable,Gaming,Friday,Evening,118188.8,27,0.407,External
2,Ca,North America,Fashion,licensed,26,36200,1721,158,seasonal,Travel,Friday,Evening,103450.2,24,0.646,Search
2,Us,North America,Fitness,original,55,245362,7341,688,seasonal,Travel,Sunday,Evening,106642.8,27,0.615,Search
1,Us,North America,Beauty,original,34,15537,723,48,seasonal,Dance,Friday,Night,101916.4,15,0.756,ForYou
1,Ca,North America,Education,trending,19,80284,6207,580,rising,Pets,Monday,Evening,86079.6,22,0.711,ForYou
1,Us,North America,DIY,original,43,81581,3061,368,declining,Gaming,Friday,Evening,80653.2,27,0.574,Following
1,Mx,North America,Travel,trending,30,671851,52701,6620,rising,Fashion,Friday,Evening,94125.6,20,0.667,Search
1,Ca,North America,Education,original,33,143869,8031,987,seasonal,Tech,Tuesday,Morning,88159.6,29,0.57,ForYou
1,Us,North America,Music,licensed,33,41664,4420,491,seasonal,Lifestyle,Sunday,Evening,103279.3,27,0.797,ForYou
1,Us,North America,Fitness,original,40,23511,939,103,rising,Travel,Saturday,Evening,106361,17,0.535,Following
1,Us,North America,Finance,trending,27,75940,6048,556,rising,Music,Saturday,Afternoon,117060.9,28,0.737,External
1,Mx,North America,Beauty,original,40,130654,9270,955,stable,Tech,Sunday,Morning,100266.4,31,0.662,External
1,Mx,North America,Lifestyle,original,24,47150,4529,723,declining,Education,Saturday,Evening,104791.2,16,0.642,ForYou
1,Mx,North America,Art,licensed,35,48271,2408,147,seasonal,Dance,Friday,Evening,91699.8,22,0.803,ForYou
1,Ca,North America,Beauty,trending,24,7547,261,31,rising,Tech,Tuesday,Evening,82782.7,26,0.517,External
1,Us,North America,Finance,licensed,47,32902,2828,357,seasonal,Music,Tuesday,Evening,80653.2,23,0.677,ForYou
1,Ca,North America,Science,trending,20,82807,8958,1261,declining,Education,Sunday,Morning,83079,18,0.815,ForYou
1,Ca,North America,News,original,67,100823,6552,531,rising,Pets,Saturday,Night,92657.1,24,0.719,Following
2,Mx,North America,News,licensed,26,77488,2155,237,seasonal,Fashion,Sunday,Evening,116060.5,19,0.488,Suggested
2,Ca,North America,Music,licensed,28,416901,11345,1278,seasonal,Tech,Saturday,Evening,96440.7,26,0.636,Suggested
2,Us,North America,Food,trending,40,41732,1114,96,rising,Pets,Friday,Evening,127439.6,20,0.58,Home
2,Mx,North America,Science,original,30,16200,748,100,declining,Lifestyle,Saturday,Afternoon,96403.9,29,0.647,Home
2,Us,North America,News,licensed,48,172496,6831,675,rising,Gaming,Sunday,Afternoon,102487.9,26,0.454,Home
2,Ca,North America,Gaming,licensed,32,17650,779,117,stable,Lifestyle,Thursday,Evening,96402.7,25,0.459,Home
1,Ca,North America,Lifestyle,licensed,26,59092,6138,849,seasonal,Sports,Wednesday,Night,91971.6,28,0.796,Following
1,Mx,North America,Tech,licensed,44,138254,5372,673,declining,Comedy,Friday,Afternoon,90837.3,21,0.539,Following
1,Us,North America,DIY,trending,35,146154,6205,678,declining,Music,Wednesday,Night,104933.1,28,0.794,ForYou
1,Us,North America,Music,licensed,20,208201,9668,1357,declining,Sports,Wednesday,Morning,106295.8,24,0.5,ForYou
1,Ca,North America,Automotive,licensed,18,36265,2587,322,rising,Gaming,Saturday,Evening,105790,26,0.806,ForYou
1,Ca,North America,Finance,trending,25,62368,3142,317,stable,Food,Friday,Evening,71037.7,24,0.66,ForYou
1,Mx,North America,DIY,licensed,20,130832,7727,1078,seasonal,Music,Saturday,Afternoon,106295.8,26,0.605,Following
1,Ca,North America,Fashion,licensed,75,6234,268,28,rising,Sports,Thursday,Night,105585.7,24,0.771,ForYou
1,Us,North America,Comedy,trending,17,116429,7389,1031,seasonal,Comedy,Thursday,Morning,116192.9,11,0.594,ForYou
1,Ca,North America,Pets,licensed,26,29456,1855,184,declining,Pets,Tuesday,Morning,84424.3,26,0.712,Following
1,Ca,North America,Fashion,original,31,4851,228,19,declining,Education,Friday,Evening,102520.5,16,0.748,Search
1,Us,North America,Fitness,original,25,41497,4226,305,seasonal,Fashion,Wednesday,Afternoon,85788.7,18,0.72,ForYou
1,Ca,North America,Travel,trending,26,40212,2152,258,seasonal,Travel,Wednesday,Evening,85683.8,26,0.838,Following
2,Mx,North America,Beauty,trending,65,76969,2819,411,seasonal,Gaming,Wednesday,Afternoon,95392.8,28,0.509,Search
2,Us,North America,Food,licensed,19,53122,3404,427,rising,Fashion,Saturday,Evening,87560.6,21,0.547,Home
2,Mx,North America,Fashion,original,83,85277,3278,476,declining,Tech,Monday,Afternoon,84861.8,21,0.717,Search
2,Mx,North America,Finance,trending,90,59742,2800,237,stable,Dance,Saturday,Night,98586,15,0.462,Suggested
2,Us,North America,Food,licensed,49,9080,485,47,declining,Pets,Friday,Afternoon,89008.1,19,0.735,External
2,Us,North America,Fitness,licensed,46,372751,20216,1798,stable,Tech,Friday,Evening,113756.1,29,0.685,Home
1,Us,North America,Beauty,trending,53,69030,6618,644,stable,Tech,Wednesday,Afternoon,132796.4,24,0.764,ForYou
1,Ca,North America,Fashion,original,36,30224,1630,230,declining,Travel,Wednesday,Afternoon,81314.2,26,0.642,ForYou
1,Mx,North America,Beauty,trending,34,53724,3572,481,stable,Dance,Wednesday,Evening,93663.5,17,0.806,ForYou
1,Mx,North America,Education,original,29,69384,5515,467,stable,Music,Wednesday,Evening,76776.4,23,0.752,ForYou
1,Us,North America,DIY,trending,12,43830,3570,327,stable,Sports,Monday,Evening,70246.3,26,0.508,ForYou
2,Ca,North America,Science,trending,90,30559,743,111,seasonal,Education,Friday,Night,92619,27,0.576,Suggested
2,Mx,North America,Beauty,original,31,52976,2644,227,declining,Dance,Sunday,Evening,95201.4,23,0.516,Suggested
2,Mx,North America,Fashion,original,58,65603,3839,306,rising,Tech,Saturday,Night,120866.4,29,0.59,Search
2,Ca,North America,Pets,trending,62,49711,2432,379,rising,Travel,Tuesday,Morning,112406,20,0.492,Home
2,Mx,North America,Pets,original,43,54510,2872,425,seasonal,Lifestyle,Sunday,Morning,120866.4,22,0.653,Home
2,Ca,North America,Science,original,28,81094,7769,742,rising,Gaming,Friday,Afternoon,103961.9,28,0.596,Suggested
2,Ca,North America,Fitness,original,29,62906,2253,317,rising,Comedy,Thursday,Evening,103117.8,17,0.462,External
1,Us,North America,News,trending,58,43131,3060,485,rising,Lifestyle,Friday,Evening,97585.7,23,0.679,ForYou
1,Ca,North America,Gaming,original,23,96375,6059,555,stable,Music,Monday,Morning,96533.9,21,0.665,ForYou
1,Mx,North America,Art,licensed,26,56644,5565,828,stable,Music,Monday,Evening,90272.6,23,0.735,Following
1,Us,North America,DIY,licensed,24,17611,1663,140,stable,Comedy,Sunday,Afternoon,93827.6,26,0.6,ForYou
1,Us,North America,Automotive,trending,41,105355,9261,736,seasonal,Food,Thursday,Evening,116083.5,25,0.527,ForYou
1,Mx,North America,Gaming,original,26,267938,19263,2545,declining,Food,Friday,Evening,85148.5,21,0.569,ForYou
1,Mx,North America,Lifestyle,original,45,149941,12891,964,declining,Pets,Friday,Evening,98301.3,26,0.802,External
1,Mx,North America,DIY,licensed,44,172944,11784,1416,seasonal,Dance,Saturday,Afternoon,125209.9,23,0.527,ForYou
1,Ca,North America,Food,licensed,40,71524,5700,786,declining,Tech,Monday,Evening,113293.7,29,0.617,ForYou
1,Mx,North America,Gaming,licensed,19,115718,5078,601,rising,Lifestyle,Wednesday,Evening,91145.8,24,0.584,Following
2,Ca,North America,Music,original,47,118831,5564,525,declining,Comedy,Wednesday,Morning,82901.5,12,0.547,Suggested
2,Ca,North America,Automotive,trending,29,20607,1117,154,rising,Comedy,Saturday,Night,92578.4,29,0.703,Suggested
2,Us,North America,Lifestyle,licensed,44,51679,1585,221,seasonal,Travel,Sunday,Night,87635.1,26,0.62,Search
2,Mx,North America,Automotive,trending,63,51643,2080,175,rising,Gaming,Sunday,Evening,115353,29,0.625,External
2,Ca,North America,Food,licensed,71,51523,1877,210,stable,Education,Friday,Evening,111539.1,32,0.513,Home
2,Us,North America,Pets,original,44,37702,1325,142,declining,Fashion,Friday,Evening,92871.7,16,0.468,Search
2,Ca,North America,DIY,trending,47,98608,3342,325,declining,Food,Monday,Morning,104341.6,20,0.434,Home
1,Mx,North America,Travel,original,30,28456,1768,233,seasonal,Gaming,Tuesday,Morning,98246.3,28,0.59,External
1,Us,North America,Pets,original,15,100661,8848,609,stable,Sports,Sunday,Morning,109552,24,0.807,Following
1,Mx,North America,Gaming,original,33,17150,1337,110,seasonal,Pets,Friday,Afternoon,97125.1,19,0.567,ForYou
1,Ca,North America,Education,trending,29,179551,11177,1644,declining,Music,Monday,Afternoon,103877.5,12,0.521,ForYou
1,Mx,North America,Pets,original,26,426956,24912,3774,stable,Gaming,Friday,Evening,95036.8,24,0.623,ForYou
1,Us,North America,Automotive,licensed,41,248830,11038,747,seasonal,Gaming,Thursday,Evening,93948.2,29,0.624,External
1,Us,North America,Fashion,trending,10,71863,3299,516,rising,Dance,Sunday,Evening,113293.7,22,0.62,ForYou
1,Us,North America,Food,trending,19,65797,7025,795,declining,Travel,Sunday,Afternoon,98301.3,30,0.821,Search
1,Us,North America,Food,licensed,37,146011,9877,718,declining,Education,Friday,Night,97509.2,29,0.635,ForYou
1,Ca,North America,Lifestyle,licensed,47,45722,3354,302,rising,Gaming,Sunday,Night,80037.2,30,0.826,ForYou
1,Ca,North America,Science,licensed,25,30760,1795,136,rising,Tech,Saturday,Night,83290.1,29,0.68,ForYou
1,Mx,North America,Tech,original,18,9535,522,55,rising,Pets,Tuesday,Evening,88068.7,19,0.75,ForYou
1,Ca,North America,Comedy,trending,27,5437,328,46,stable,Food,Friday,Afternoon,95036.8,14,0.656,Search
1,Ca,North America,Tech,trending,21,61837,4032,319,declining,Pets,Thursday,Morning,87560.6,26,0.686,ForYou
2,Ca,North America,Pets,original,74,40784,1131,122,stable,Pets,Wednesday,Evening,80037.2,17,0.558,Home
2,Ca,North America,Art,trending,26,152360,4665,409,stable,Music,Friday,Evening,118476.8,21,0.496,Suggested
2,Ca,North America,Music,licensed,14,18789,827,98,stable,Tech,Wednesday,Evening,82901.5,26,0.529,External
2,Ca,North America,Comedy,licensed,38,100346,3396,293,declining,Education,Thursday,Evening,100666.5,22,0.692,Home
2,Mx,North America,Food,licensed,16,564642,25646,2807,seasonal,Food,Saturday,Morning,116192.9,14,0.525,Suggested
1,Mx,North America,Tech,trending,28,16910,1027,130,declining,Pets,Saturday,Night,88159.6,24,0.561,Following
1,Ca,North America,Food,licensed,21,60721,5730,430,declining,Gaming,Tuesday,Night,91733.4,24,0.776,ForYou
1,Us,North America,Art,original,18,71724,9096,938,seasonal,Food,Tuesday,Afternoon,84861.8,14,0.528,Search
1,Ca,North America,Tech,trending,38,58805,5177,614,seasonal,Food,Saturday,Night,85683.8,25,0.737,ForYou
1,Mx,North America,Sports,licensed,10,42735,4813,635,seasonal,Comedy,Saturday,Evening,91145.8,25,0.69,Search
1,Ca,North America,Science,original,35,65050,3757,491,rising,Beauty,Saturday,Evening,93391.6,22,0.823,ForYou
1,Us,North America,Lifestyle,licensed,29,31625,1524,132,declining,Beauty,Tuesday,Evening,105000,30,0.817,ForYou
1,Mx,North America,Beauty,licensed,45,57541,4195,327,seasonal,Dance,Tuesday,Evening,76283.7,20,0.733,ForYou
1,Ca,North America,Beauty,trending,34,329017,11130,1737,seasonal,Food,Thursday,Afternoon,90998.7,22,0.841,ForYou
1,Mx,North America,DIY,licensed,53,362444,28327,3370,rising,Fashion,Friday,Morning,94740.9,19,0.66,ForYou
1,Us,North America,Lifestyle,original,16,32696,2104,283,declining,Travel,Wednesday,Evening,115352,23,0.844,ForYou
1,Mx,North America,Comedy,original,38,258840,23177,3368,stable,Pets,Sunday,Afternoon,92945.6,19,0.797,ForYou
1,Us,North America,Automotive,original,19,15780,1077,118,seasonal,Lifestyle,Tuesday,Evening,71821.7,21,0.626,ForYou
2,Ca,North America,Finance,trending,34,27350,753,100,rising,Food,Friday,Evening,121748.7,20,0.7,Home
2,Mx,North America,Science,licensed,53,75989,2640,300,declining,Lifestyle,Thursday,Evening,76368,30,0.506,Suggested
2,Ca,North America,Gaming,original,25,74218,2186,289,seasonal,Fashion,Thursday,Evening,83485.9,23,0.54,External
2,Ca,North America,Lifestyle,original,27,46710,2441,215,seasonal,Comedy,Monday,Evening,94953.4,20,0.452,Home
2,Us,North America,Beauty,licensed,22,68372,2682,326,seasonal,Sports,Sunday,Evening,110188.3,28,0.532,Search
2,Mx,North America,Comedy,trending,62,30672,1652,169,rising,Tech,Friday,Morning,93686.4,29,0.576,Suggested
2,Ca,North America,Pets,licensed,41,146417,7873,560,stable,Music,Thursday,Evening,122780.7,12,0.651,Home
2,Ca,North America,Science,trending,59,51587,1085,137,stable,Music,Sunday,Evening,78514.6,12,0.525,Search
1,Ca,North America,Food,original,21,51453,4886,581,seasonal,Education,Monday,Evening,91443.2,30,0.538,Following
1,Mx,North America,Food,trending,15,286926,20282,1547,declining,Beauty,Wednesday,Afternoon,104730.1,28,0.593,External
1,Mx,North America,Travel,licensed,34,152642,15688,1844,stable,Travel,Wednesday,Evening,81046.4,29,0.609,ForYou
1,Mx,North America,Education,licensed,32,7811,358,30,rising,Sports,Sunday,Afternoon,71821.7,24,0.791,ForYou
1,Ca,North America,Automotive,original,33,31245,2146,328,stable,Pets,Sunday,Evening,99200.2,20,0.788,ForYou
1,Mx,North America,Fashion,licensed,22,11180,815,115,stable,Pets,Friday,Evening,106642.8,20,0.632,External
1,Ca,North America,Lifestyle,trending,34,128333,15996,1033,seasonal,Music,Saturday,Evening,104933.1,26,0.785,ForYou
1,Us,North America,Education,original,32,100687,5502,899,declining,Education,Friday,Afternoon,94740.9,31,0.706,ForYou
1,Ca,North America,Music,original,36,80200,6541,770,rising,Gaming,Sunday,Afternoon,112535.6,30,0.806,ForYou
1,Ca,North America,Lifestyle,trending,11,139009,12421,1551,seasonal,Beauty,Wednesday,Evening,116083.5,24,0.5,Search
2,Us,North America,Food,trending,21,48429,2290,167,stable,Travel,Friday,Afternoon,110281.5,24,0.705,Home
2,Mx,North America,Food,original,21,92961,2403,210,rising,Travel,Saturday,Evening,98301.3,24,0.738,External
2,Ca,North America,Art,original,61,29797,1818,162,stable,Comedy,Saturday,Evening,88276,21,0.738,Suggested
2,Ca,North America,Travel,licensed,46,71030,1955,293,stable,Sports,Tuesday,Morning,102263.9,24,0.526,Search
2,Us,North America,Fashion,licensed,52,206657,7969,870,stable,Gaming,Monday,Afternoon,94296.6,28,0.504,Home
2,Mx,North America,Science,trending,32,39593,1486,95,rising,Lifestyle,Thursday,Evening,98963.4,28,0.494,Search
2,Ca,North America,Food,trending,42,23734,1231,144,declining,Food,Friday,Afternoon,95392.8,20,0.552,Home
2,Us,North America,Gaming,original,42,123663,5101,756,seasonal,Tech,Friday,Evening,106301.2,29,0.683,Search
1,Ca,North America,Finance,trending,34,152458,9997,1382,rising,Education,Wednesday,Evening,79277.7,22,0.791,Following
1,Ca,North America,Tech,original,57,27619,2867,433,declining,Sports,Thursday,Evening,130373.9,28,0.842,ForYou
1,Ca,North America,Finance,trending,28,112860,4708,637,declining,Food,Saturday,Morning,83077.8,27,0.711,ForYou
1,Mx,North America,Music,trending,21,153074,4595,645,rising,Fashion,Sunday,Evening,78967.4,20,0.657,External
1,Mx,North America,Comedy,licensed,31,20957,1161,189,declining,Gaming,Friday,Afternoon,116096.1,28,0.619,ForYou
1,Mx,North America,DIY,original,31,15922,834,74,stable,Lifestyle,Friday,Evening,106361,22,0.7,ForYou
1,Ca,North America,Food,licensed,19,188365,15071,2214,declining,Food,Saturday,Evening,91733.4,24,0.821,External
1,Mx,North America,Lifestyle,licensed,21,51856,3223,307,rising,Lifestyle,Thursday,Evening,72726.1,30,0.686,ForYou
1,Us,North America,Fitness,original,38,59762,2898,476,declining,Fashion,Wednesday,Night,110987.8,20,0.545,Search
1,Mx,North America,Finance,licensed,34,38188,2588,205,stable,Pets,Friday,Morning,94693.5,20,0.521,Following
2,Us,North America,Tech,trending,24,82811,3180,429,seasonal,Sports,Saturday,Evening,91480.6,28,0.717,Suggested
2,Mx,North America,DIY,original,90,60531,1945,144,seasonal,Food,Friday,Evening,118319.2,23,0.539,Suggested
2,Us,North America,Lifestyle,original,47,11380,411,41,declining,Beauty,Thursday,Evening,104173.4,21,0.694,External
2,Ca,North America,Finance,original,23,248299,11185,1522,stable,Fashion,Thursday,Afternoon,109289.1,22,0.622,Suggested
2,Mx,North America,Sports,licensed,23,3947,144,9,stable,Education,Sunday,Evening,110084.9,28,0.53,Home
2,Mx,North America,Pets,trending,37,95932,5210,569,rising,Music,Sunday,Morning,120740,21,0.459,Home
2,Mx,North America,Food,trending,50,30762,1113,120,rising,Beauty,Wednesday,Evening,93714.6,27,0.438,Suggested
2,Mx,North America,Comedy,trending,19,37502,1198,159,seasonal,Travel,Tuesday,Evening,98396.5,24,0.732,Home
1,Ca,North America,Food,trending,50,149678,12883,1388,stable,Pets,Friday,Afternoon,80978,24,0.604,ForYou
1,Us,North America,Sports,trending,43,50433,4191,349,stable,Food,Tuesday,Evening,78433.1,27,0.565,ForYou
1,Us,North America,Education,licensed,29,296906,26773,2413,rising,Lifestyle,Friday,Evening,96208.1,29,0.6,Following
1,Ca,North America,Finance,trending,37,82109,5939,506,stable,Travel,Thursday,Evening,93427.1,20,0.724,ForYou
1,Mx,North America,Gaming,licensed,70,49043,3093,266,declining,Dance,Wednesday,Afternoon,109275.4,15,0.766,Following
1,Mx,North America,Sports,original,45,19740,1399,92,rising,Comedy,Friday,Morning,92793.9,11,0.7,ForYou
1,Ca,North America,Pets,licensed,38,192363,10905,1374,declining,Music,Friday,Night,87413.2,17,0.689,ForYou
1,Mx,North America,Lifestyle,trending,14,140874,6054,733,rising,Dance,Wednesday,Evening,140206,20,0.607,ForYou
1,Ca,North America,Art,trending,16,18657,1816,176,seasonal,Gaming,Sunday,Morning,90412.1,30,0.575,ForYou
1,Mx,North America,Tech,licensed,29,10293,891,88,declining,Gaming,Tuesday,Afternoon,137118.7,29,0.552,Following
1,Us,North America,Tech,trending,24,32059,1941,121,seasonal,Gaming,Friday,Evening,95029.2,27,0.696,ForYou
1,Us,North America,Finance,original,35,103257,12848,1864,declining,Sports,Wednesday,Afternoon,105616,22,0.52,Following
2,Us,North America,Fashion,licensed,21,56931,2565,285,declining,Food,Friday,Evening,75508.9,24,0.419,Suggested
2,Ca,North America,Sports,original,90,129227,3523,374,rising,Travel,Friday,Morning,99200.2,22,0.451,Suggested
2,Mx,North America,Beauty,trending,54,17174,715,76,declining,Sports,Friday,Evening,92959.7,26,0.526,Suggested
2,Mx,North America,Art,trending,33,32385,753,89,seasonal,Music,Friday,Night,108139.9,26,0.467,Search
2,Us,North America,Sports,trending,39,105231,3303,447,rising,Fashion,Friday,Evening,116667.1,21,0.482,External
2,Ca,North America,Pets,trending,32,533242,19170,1597,rising,Dance,Friday,Night,96045.8,23,0.416,Home
2,Us,North America,Pets,trending,70,57706,3425,470,seasonal,Lifestyle,Friday,Afternoon,89974.2,22,0.627,Suggested
2,Ca,North America,Beauty,trending,56,51994,2081,289,stable,Pets,Saturday,Morning,101280.2,22,0.423,Home
1,Ca,North America,Tech,licensed,39,4595,346,48,declining,Travel,Friday,Afternoon,116192.9,17,0.551,ForYou
1,Mx,North America,Lifestyle,licensed,30,79500,5054,386,rising,Pets,Saturday,Evening,89258.4,20,0.847,ForYou
1,Us,North America,Finance,original,49,41782,2533,350,seasonal,Tech,Friday,Evening,106642.8,29,0.712,External
1,Us,North America,Art,original,26,74400,8071,922,stable,Sports,Friday,Morning,103134.2,22,0.646,Following
1,Mx,North America,Art,original,14,67016,3337,355,seasonal,Dance,Saturday,Evening,102608.2,22,0.593,ForYou
1,Us,North America,Automotive,original,32,131632,6172,482,stable,Comedy,Friday,Night,98366.2,27,0.722,ForYou
1,Us,North America,Comedy,original,38,84813,8393,1036,stable,Food,Tuesday,Morning,102956.3,29,0.658,ForYou
1,Ca,North America,DIY,original,49,37567,2399,355,seasonal,Travel,Monday,Afternoon,96398.5,17,0.794,ForYou
1,Us,North America,Music,original,15,24024,1556,229,rising,Pets,Friday,Afternoon,88276,17,0.62,Following
1,Us,North America,Food,trending,63,139169,10710,1336,seasonal,Music,Wednesday,Morning,91094.5,28,0.722,Following
1,Us,North America,Automotive,trending,13,37485,3027,440,stable,Travel,Monday,Afternoon,127391.5,26,0.631,Following
1,Us,North America,Sports,original,69,11983,917,101,stable,Comedy,Monday,Evening,149855.5,17,0.707,External
1,Ca,North America,Travel,original,14,13151,1096,91,stable,Comedy,Wednesday,Morning,85683.8,22,0.679,ForYou
2,Mx,North America,Automotive,licensed,70,20549,575,78,rising,Music,Saturday,Evening,127785.3,21,0.537,Home
2,Ca,North America,Tech,trending,22,99317,2958,341,stable,Fashion,Saturday,Evening,108537.2,19,0.745,Search
2,Us,North America,Lifestyle,trending,20,38572,1551,108,declining,Fashion,Monday,Evening,88276,18,0.515,Suggested
2,Us,North America,DIY,licensed,32,20452,1005,103,stable,Education,Friday,Afternoon,77446,33,0.484,Suggested
2,Mx,North America,Sports,licensed,52,67115,1940,199,stable,Food,Sunday,Evening,109275.4,18,0.421,Suggested
2,Us,North America,Fitness,trending,36,131584,8127,1256,stable,Lifestyle,Friday,Evening,87188,27,0.425,Home
2,Us,North America,Tech,trending,30,41806,1740,191,declining,Tech,Sunday,Night,88998.8,28,0.5,Suggested
1,Ca,North America,Food,licensed,25,55795,3121,311,stable,Travel,Friday,Night,108840.2,19,0.776,ForYou
1,Mx,North America,News,trending,30,84099,7387,485,seasonal,Lifestyle,Friday,Evening,92655.5,22,0.607,ForYou
1,Ca,North America,Lifestyle,trending,24,185891,6768,609,declining,Beauty,Wednesday,Evening,94953.4,28,0.533,ForYou
1,Mx,North America,Comedy,trending,28,187669,12617,871,seasonal,Dance,Sunday,Afternoon,76785.9,15,0.571,Search
1,Ca,North America,Sports,licensed,16,20094,920,100,seasonal,Travel,Wednesday,Afternoon,70084.8,21,0.712,Following
1,Ca,North America,Sports,licensed,41,44284,2346,280,declining,Travel,Saturday,Afternoon,94144.9,17,0.534,Search
1,Us,North America,Fashion,trending,23,28700,1733,200,stable,Pets,Tuesday,Evening,98301.3,24,0.77,ForYou
1,Ca,North America,Music,trending,54,166733,11950,1434,declining,Sports,Tuesday,Night,87549.4,22,0.58,ForYou
1,Mx,North America,Education,original,65,150093,13741,1821,declining,Food,Thursday,Afternoon,97125.1,25,0.84,Following
2,Us,North America,Tech,original,25,27475,1249,164,rising,Fashion,Tuesday,Evening,85369.3,18,0.696,Home
2,Us,North America,Art,trending,31,110284,5985,719,rising,Lifestyle,Wednesday,Evening,63523.5,22,0.635,Home
2,Mx,North America,Gaming,trending,26,16249,1078,153,seasonal,Education,Sunday,Morning,81974.4,33,0.558,Suggested
2,Ca,North America,Science,original,27,17171,615,41,rising,Lifestyle,Sunday,Afternoon,119864.1,27,0.456,Home
2,Ca,North America,Education,original,55,25198,795,78,declining,Fashion,Friday,Evening,108022.1,17,0.575,Home
2,Mx,North America,Travel,trending,32,122061,4850,700,rising,Fashion,Tuesday,Evening,84861.8,23,0.553,Home
2,Ca,North America,Food,licensed,27,48493,1222,93,seasonal,Comedy,Sunday,Afternoon,104933.1,9,0.726,Search
2,Us,North America,Sports,trending,29,62828,2335,225,stable,Fashion,Saturday,Afternoon,89008.1,18,0.724,Home
1,Ca,North America,Science,trending,17,31401,2084,186,rising,Lifestyle,Friday,Night,90998.7,27,0.747,ForYou
1,Us,North America,Finance,trending,30,9042,1090,115,stable,Travel,Tuesday,Evening,109552,25,0.717,External
1,Mx,North America,Automotive,licensed,37,11887,742,115,stable,Dance,Friday,Evening,110281.5,15,0.678,External
1,Ca,North America,Fitness,original,16,134526,8666,800,rising,Beauty,Sunday,Evening,67683.2,28,0.844,Search
1,Ca,North America,Science,licensed,28,52731,2877,398,rising,Tech,Friday,Evening,68775.5,26,0.682,ForYou
1,Us,North America,Gaming,original,16,72207,3666,425,declining,Tech,Friday,Evening,91362.1,23,0.744,ForYou
1,Mx,North America,Beauty,licensed,37,106136,8327,664,stable,Pets,Monday,Evening,88981.6,24,0.622,Following
1,Mx,North America,Finance,trending,24,156512,7374,840,declining,Food,Tuesday,Evening,102347.6,24,0.692,External
1,Us,North America,Travel,trending,21,19630,1084,150,rising,Comedy,Tuesday,Evening,80481.8,24,0.7,External
1,Mx,North America,Sports,original,15,22031,1448,141,rising,Music,Wednesday,Night,88159.6,12,0.647,External
1,Mx,North America,Beauty,trending,31,32178,1777,122,seasonal,Fashion,Sunday,Morning,88276,19,0.813,Search
1,Ca,North America,Finance,trending,15,84016,7627,1014,rising,Food,Friday,Morning,98432,17,0.713,Following
1,Us,North America,Fashion,original,40,372209,33536,3987,seasonal,Food,Wednesday,Morning,149855.5,16,0.83,ForYou
1,Mx,North America,Automotive,licensed,32,28256,1680,119,stable,Lifestyle,Saturday,Evening,115920.9,29,0.634,Following
2,Mx,North America,Beauty,original,45,47724,2418,222,declining,Beauty,Friday,Night,63469.8,22,0.6,Home
2,Mx,North America,Fitness,trending,52,83286,1985,261,rising,Music,Sunday,Evening,105863.9,26,0.694,Search
2,Ca,North America,Finance,licensed,29,760380,32417,3123,rising,Sports,Friday,Evening,149855.5,22,0.569,Home
2,Us,North America,Automotive,trending,24,16644,402,37,declining,Lifestyle,Friday,Morning,87342.1,21,0.746,Home
2,Mx,North America,Gaming,licensed,34,90314,4378,414,stable,Beauty,Thursday,Afternoon,96208.1,25,0.626,External
2,Ca,North America,Sports,trending,16,244630,7271,941,stable,Sports,Saturday,Afternoon,99869.9,28,0.612,Home
2,Mx,North America,Art,licensed,48,141316,6610,680,rising,Fashion,Thursday,Morning,80254.8,20,0.633,Suggested
2,Ca,North America,Automotive,original,21,41949,906,68,stable,Fashion,Saturday,Evening,87019,18,0.714,Suggested
2,Mx,North America,Comedy,original,67,122457,4777,570,rising,Tech,Friday,Evening,102500.9,24,0.513,Home
2,Mx,North America,DIY,licensed,72,201675,9520,1110,seasonal,Tech,Friday,Evening,82284.4,29,0.511,Suggested
2,Ca,North America,Travel,original,45,87699,3649,549,declining,Food,Tuesday,Afternoon,103877.5,17,0.536,Suggested
2,Us,North America,DIY,trending,44,40274,1578,203,rising,Food,Saturday,Evening,105585.7,27,0.602,External
1,Ca,North America,Beauty,trending,27,19080,1384,169,stable,Tech,Saturday,Evening,79277.7,32,0.637,Search
1,Ca,North America,Gaming,licensed,43,6187,680,68,stable,Dance,Saturday,Evening,107227.4,22,0.5,ForYou
1,Ca,North America,Education,trending,39,16175,1157,158,stable,Food,Monday,Evening,120866.4,23,0.541,External
1,Us,North America,Science,original,40,57337,2347,321,rising,Comedy,Friday,Evening,108022.1,25,0.642,ForYou
1,Mx,North America,DIY,original,25,86615,4934,483,stable,Travel,Wednesday,Morning,98301.3,20,0.684,Following
1,Us,North America,Travel,original,35,69482,4760,729,stable,Gaming,Wednesday,Evening,116667.1,28,0.531,Following
1,Ca,North America,Music,original,56,63379,3315,464,stable,Comedy,Friday,Afternoon,90954.4,13,0.829,ForYou
1,Us,North America,Art,trending,24,93679,7032,782,rising,Lifestyle,Friday,Afternoon,86911.3,22,0.575,Search
1,Mx,North America,Education,licensed,21,131662,16855,1947,declining,Dance,Wednesday,Night,116192.9,17,0.69,Following
1,Us,North America,Automotive,trending,34,148412,11083,1336,rising,Comedy,Friday,Morning,87413.2,21,0.644,Search
1,Us,North America,Music,original,41,60427,4241,397,stable,Gaming,Friday,Morning,114010.2,28,0.702,Following
1,Mx,North America,Lifestyle,original,16,38575,1710,286,seasonal,Beauty,Monday,Evening,63588.5,24,0.775,Following
1,Ca,North America,Lifestyle,licensed,20,488016,57339,4439,stable,Gaming,Monday,Evening,117060.9,26,0.845,Search
1,Us,North America,Gaming,trending,22,78980,5767,514,rising,Fashion,Tuesday,Evening,96474.3,22,0.641,ForYou
1,Us,North America,Music,original,34,10693,504,72,seasonal,Fashion,Sunday,Evening,110763.9,20,0.847,ForYou
1,Ca,North America,News,original,22,290285,17418,1501,seasonal,Fashion,Friday,Morning,99969.1,21,0.586,ForYou
1,Mx,North America,Lifestyle,trending,42,241472,17995,1244,stable,Education,Friday,Afternoon,100230.7,25,0.762,Search
2,Us,North America,Music,original,40,299475,9928,1557,declining,Beauty,Friday,Afternoon,115711.4,21,0.475,Search
2,Mx,North America,Lifestyle,original,54,64474,3019,382,declining,Education,Friday,Afternoon,94471.2,27,0.7,Suggested
2,Ca,North America,Fashion,licensed,62,22699,493,78,seasonal,Beauty,Monday,Afternoon,92280.2,22,0.674,Home
2,Ca,North America,Finance,licensed,39,87288,2178,304,stable,Food,Monday,Afternoon,81001,22,0.749,Suggested
2,Ca,North America,Lifestyle,original,90,104009,4567,533,declining,Gaming,Saturday,Evening,108840.2,24,0.549,Home
1,Ca,North America,Lifestyle,original,19,202498,18609,1286,seasonal,Fashion,Monday,Evening,118476.8,22,0.621,ForYou
1,Ca,North America,Lifestyle,licensed,16,11413,602,94,stable,Fashion,Wednesday,Evening,118878.6,20,0.794,External
1,Us,North America,Gaming,original,16,310512,19377,1319,seasonal,Education,Friday,Morning,103279.3,20,0.612,ForYou
1,Ca,North America,Tech,trending,21,193836,13472,1586,stable,Fashion,Friday,Evening,95525.4,23,0.519,Following
1,Us,North America,Automotive,licensed,14,45280,2856,254,seasonal,Tech,Thursday,Evening,132877.7,31,0.721,External
1,Ca,North America,Comedy,trending,34,62670,3407,452,declining,Travel,Friday,Evening,92877.7,24,0.662,Search
1,Us,North America,Automotive,original,18,139722,7287,879,rising,Pets,Sunday,Morning,102994.2,24,0.594,ForYou
1,Ca,North America,Travel,original,23,121431,7723,922,rising,Pets,Friday,Morning,95036.8,26,0.609,ForYou
1,Us,North America,Travel,original,59,27132,1477,229,declining,Gaming,Friday,Evening,110714.4,27,0.658,ForYou
1,Mx,North America,Sports,licensed,49,50763,4265,365,rising,Dance,Wednesday,Evening,103117.8,22,0.606,ForYou
1,Us,North America,Pets,original,19,70951,4255,633,seasonal,Dance,Sunday,Evening,93745.1,15,0.663,ForYou
2,Us,North America,Music,trending,39,119475,5014,406,rising,Gaming,Sunday,Night,85260.3,28,0.677,Search
2,Ca,North America,Automotive,licensed,36,118339,5703,881,declining,Gaming,Friday,Evening,74310.1,30,0.486,Suggested
2,Mx,North America,News,trending,31,145271,3875,508,rising,Gaming,Sunday,Evening,109552,26,0.552,External
2,Us,North America,Sports,trending,20,21423,763,78,stable,Lifestyle,Saturday,Evening,94693.5,24,0.67,Home
2,Ca,North America,Sports,licensed,27,41834,1646,120,stable,Gaming,Tuesday,Night,83527.1,28,0.433,Home
2,Ca,North America,Pets,trending,30,111802,3625,417,rising,Sports,Monday,Evening,83998.9,26,0.633,External
2,Mx,North America,Fashion,trending,39,8055,271,28,rising,Food,Tuesday,Morning,78592,27,0.656,Suggested
1,Ca,North America,Sports,original,26,161884,8434,1184,stable,Education,Friday,Evening,103859,29,0.808,ForYou
1,Us,North America,Travel,trending,50,139943,8760,1159,rising,Sports,Thursday,Afternoon,107322.2,22,0.778,ForYou
1,Mx,North America,Travel,licensed,33,109306,6536,668,rising,Food,Wednesday,Afternoon,89929.7,20,0.509,Search
1,Ca,North America,Pets,original,20,68445,4159,567,declining,Beauty,Saturday,Evening,98246.3,25,0.77,ForYou
1,Us,North America,Science,licensed,38,31482,1308,94,declining,Education,Friday,Night,90412.1,25,0.587,Following
1,Ca,North America,Fashion,licensed,46,38522,3494,426,seasonal,Pets,Thursday,Evening,85369.3,23,0.617,Following
1,Us,North America,News,original,20,19894,1062,153,seasonal,Lifestyle,Friday,Evening,102836.9,23,0.64,ForYou
1,Mx,North America,Beauty,licensed,19,46024,5031,652,seasonal,Sports,Wednesday,Afternoon,92630.9,28,0.832,Search
1,Us,North America,Lifestyle,licensed,37,18003,1455,234,stable,Tech,Tuesday,Afternoon,107322.2,31,0.503,ForYou
1,Mx,North America,News,licensed,33,29347,1825,111,seasonal,Comedy,Friday,Afternoon,95036.8,20,0.736,ForYou
1,Mx,North America,Tech,licensed,50,24829,1653,182,declining,Fashion,Friday,Night,112406,16,0.64,ForYou
1,Ca,North America,News,original,26,17302,1467,148,declining,Lifestyle,Saturday,Evening,101280.2,23,0.515,Search
1,Mx,North America,Automotive,original,20,101404,5230,634,rising,Fashion,Wednesday,Afternoon,129372.5,19,0.53,Following
1,Ca,North America,Science,licensed,14,211761,10305,853,rising,Tech,Tuesday,Evening,93727.3,25,0.643,ForYou
1,Us,North America,Pets,original,32,65954,4215,602,stable,Food,Friday,Afternoon,82782.7,14,0.831,ForYou
2,Us,North America,Music,trending,76,76754,3721,280,declining,Beauty,Saturday,Evening,111839.1,25,0.532,Home
2,Mx,North America,Music,licensed,31,19732,1377,107,seasonal,Travel,Sunday,Evening,83077.8,20,0.458,External
2,Us,North America,Education,licensed,35,46571,1553,210,seasonal,Music,Friday,Afternoon,83079,21,0.651,Home
2,Us,North America,Automotive,licensed,12,131815,6348,849,stable,Music,Thursday,Afternoon,76283.7,25,0.633,Home
2,Mx,North America,Fitness,original,36,149023,2902,326,stable,Travel,Wednesday,Evening,90998.7,20,0.636,Suggested
2,Mx,North America,DIY,trending,30,47549,1692,145,stable,Gaming,Tuesday,Morning,106096.4,29,0.55,Suggested
2,Mx,North America,Education,trending,26,116771,2768,299,seasonal,Pets,Monday,Morning,129907.2,26,0.642,Home
2,Ca,North America,News,trending,43,49191,1292,99,declining,Dance,Friday,Evening,77534.9,20,0.493,Suggested
2,Us,North America,Tech,original,19,81468,2171,143,seasonal,Beauty,Monday,Evening,90954.4,27,0.747,Home
1,Us,North America,Fashion,trending,24,86947,4652,505,declining,Music,Friday,Night,121668.7,21,0.671,ForYou
1,Us,North America,Education,trending,22,52721,5033,655,rising,Lifestyle,Friday,Evening,120866.4,24,0.75,ForYou
1,Mx,North America,Tech,trending,16,137380,5900,576,stable,Lifestyle,Saturday,Morning,106361,21,0.581,External
1,Us,North America,Sports,original,48,505173,47223,3930,stable,Comedy,Monday,Evening,95029.2,14,0.823,ForYou
1,Ca,North America,DIY,original,32,55832,4694,299,stable,Tech,Sunday,Evening,98432,31,0.759,ForYou
1,Ca,North America,Food,licensed,28,170622,9157,725,rising,Food,Thursday,Night,115920.9,16,0.639,Following
1,Ca,North America,Gaming,original,33,8881,780,61,seasonal,Music,Friday,Morning,92578.4,25,0.685,ForYou
1,Mx,North America,Science,trending,7,92215,8266,1080,seasonal,Dance,Wednesday,Evening,98963.4,15,0.686,ForYou
2,Ca,North America,Pets,licensed,34,45061,1482,162,declining,Pets,Sunday,Night,88270.1,17,0.421,External
2,Us,North America,Food,licensed,35,186962,9776,904,declining,Tech,Thursday,Evening,92140.4,29,0.703,Suggested
2,Ca,North America,News,trending,44,124489,4439,314,seasonal,Comedy,Monday,Evening,98586,26,0.732,Search
2,Mx,North America,Education,trending,21,67347,2131,141,seasonal,Pets,Sunday,Evening,73883.7,17,0.438,Suggested
2,Us,North America,News,original,27,134531,3126,484,declining,Beauty,Friday,Afternoon,102688.1,22,0.593,Suggested
2,Mx,North America,Pets,licensed,31,142094,10737,1241,stable,Food,Friday,Afternoon,130473.1,20,0.635,Home
2,Mx,North America,Travel,original,64,44871,2681,357,stable,Beauty,Tuesday,Morning,99317.4,22,0.689,Search
2,Mx,North America,Gaming,licensed,44,103155,7402,577,rising,Fashion,Thursday,Evening,92903,19,0.68,Home
2,Us,North America,Gaming,original,62,15234,514,46,stable,Music,Saturday,Morning,101613,21,0.56,Suggested
2,Mx,North America,Beauty,licensed,30,60687,1945,235,seasonal,Sports,Sunday,Evening,99200.2,22,0.59,Home
2,Mx,North America,Science,original,21,19036,778,115,declining,Tech,Friday,Afternoon,108963.7,29,0.614,Home
2,Mx,North America,Education,original,83,23454,855,93,seasonal,Gaming,Friday,Afternoon,83998.9,28,0.671,Search
1,Mx,North America,Art,licensed,28,73936,4385,523,stable,Sports,Friday,Afternoon,102026.5,24,0.832,Search
1,Mx,North America,Art,original,43,66860,4922,758,declining,Food,Friday,Night,124149.6,23,0.758,Following
1,Us,North America,Sports,licensed,31,127008,12262,1066,rising,Gaming,Friday,Evening,125557.8,27,0.584,Search
1,Ca,North America,Automotive,licensed,39,26497,1221,149,rising,Music,Monday,Evening,95337.6,21,0.833,ForYou
1,Ca,North America,Fashion,licensed,25,73904,5298,604,stable,Dance,Sunday,Morning,104173.4,20,0.688,ForYou
1,Us,North America,Art,trending,31,49314,3210,329,declining,Comedy,Sunday,Afternoon,103357.1,31,0.613,ForYou
1,Ca,North America,Automotive,licensed,23,67646,6907,563,seasonal,Fashion,Saturday,Morning,106751.2,21,0.543,ForYou
1,Mx,North America,Science,licensed,18,69252,3686,380,rising,Pets,Friday,Evening,101614.1,22,0.556,Following
1,Mx,North America,Fitness,original,25,191368,14358,1620,seasonal,Music,Thursday,Afternoon,89719.5,21,0.664,External
1,Us,North America,Food,original,63,73262,2857,428,seasonal,Comedy,Thursday,Night,78592,13,0.767,Search
1,Us,North America,Food,original,11,26577,2248,292,rising,Music,Sunday,Evening,92388.3,28,0.609,Following
1,Us,North America,Music,original,6,22389,1783,224,declining,Pets,Saturday,Evening,103117.8,22,0.683,ForYou
1,Ca,North America,Fitness,trending,23,68914,4282,400,seasonal,Lifestyle,Monday,Morning,118188.8,30,0.848,ForYou
1,Ca,North America,Science,original,20,37727,2978,404,stable,Comedy,Thursday,Afternoon,92388.3,26,0.68,ForYou
1,Ca,North America,Fitness,licensed,14,209668,14071,2055,rising,Fashion,Thursday,Evening,82782.7,20,0.75,ForYou
1,Ca,North America,Pets,licensed,26,38130,3668,538,seasonal,Fashion,Monday,Evening,121748.7,20,0.627,ForYou
2,Ca,North America,News,trending,32,112626,4378,696,seasonal,Lifestyle,Wednesday,Afternoon,102994.2,28,0.538,Home
2,Mx,North America,Tech,original,18,19229,667,78,stable,Travel,Sunday,Evening,69452.6,26,0.694,Search
2,Mx,North America,Automotive,original,54,163286,6078,883,declining,Comedy,Friday,Afternoon,83079,24,0.452,Suggested
2,Us,North America,Gaming,trending,58,59401,1723,151,declining,Travel,Thursday,Evening,109654.6,17,0.724,Home
2,Ca,North America,Art,licensed,27,56277,1475,121,seasonal,Lifestyle,Sunday,Evening,87342.1,22,0.515,Suggested
2,Ca,North America,Sports,trending,90,18293,608,82,rising,Food,Saturday,Afternoon,104175.6,23,0.74,Search
2,Mx,North America,Gaming,licensed,57,33446,967,139,stable,Food,Friday,Morning,68775.5,16,0.721,Home
2,Ca,North America,Finance,original,42,21075,910,89,seasonal,Dance,Sunday,Morning,94621.9,15,0.71,Home
1,Ca,North America,Art,original,47,51969,2604,400,rising,Pets,Friday,Evening,87413.2,19,0.734,External
1,Us,North America,Finance,licensed,33,75632,4174,495,rising,Travel,Friday,Evening,138823,17,0.555,ForYou
1,Ca,North America,Comedy,licensed,21,37551,2772,341,declining,Comedy,Friday,Evening,134413.3,26,0.5,ForYou
1,Mx,North America,DIY,licensed,23,78683,3830,421,rising,Beauty,Sunday,Afternoon,88159.6,24,0.539,Following
1,Ca,North America,Finance,original,31,225068,18493,1505,declining,Gaming,Thursday,Evening,114247.5,30,0.652,ForYou
1,Mx,North America,Gaming,original,29,55608,2891,185,declining,Sports,Sunday,Evening,101377.8,24,0.5,External
1,Us,North America,Comedy,licensed,24,62297,5835,668,declining,Lifestyle,Friday,Afternoon,95525.4,24,0.712,Following
1,Us,North America,Gaming,original,33,13600,1090,120,stable,Pets,Tuesday,Afternoon,81314.2,17,0.718,Following
1,Us,North America,Gaming,trending,32,18480,635,82,stable,Comedy,Thursday,Night,91145.8,11,0.6,Following
1,Us,North America,Automotive,trending,17,69806,6614,465,rising,Dance,Friday,Afternoon,85903.6,25,0.653,ForYou
2,Ca,North America,Comedy,trending,39,84458,2381,208,stable,Lifestyle,Sunday,Evening,100129.4,28,0.654,Search
2,Ca,North America,Tech,licensed,27,38999,847,108,seasonal,Comedy,Friday,Morning,110873,29,0.726,Suggested
2,Mx,North America,Food,original,36,11679,660,61,declining,Tech,Monday,Night,65433.4,24,0.65,External
2,Ca,North America,Music,trending,31,115472,4101,364,seasonal,Sports,Saturday,Morning,111632,26,0.729,Suggested
2,Mx,North America,Education,trending,56,136057,8504,1109,declining,Beauty,Friday,Evening,104979.8,22,0.725,Home
2,Mx,North America,Sports,trending,56,69009,1810,172,declining,Fashion,Monday,Evening,96007.1,20,0.721,Suggested
2,Mx,North America,News,licensed,36,229600,7573,1011,seasonal,Sports,Wednesday,Evening,90369.7,24,0.564,Suggested
1,Us,North America,Music,original,45,126133,8666,1291,stable,Comedy,Thursday,Evening,103087.9,23,0.747,Search
1,Us,North America,Fashion,original,39,121818,6857,940,rising,Travel,Friday,Evening,79597.8,29,0.572,Search
1,Mx,North America,Travel,licensed,36,115671,10565,1079,declining,Gaming,Monday,Evening,93727.3,23,0.55,Search
1,Us,North America,Sports,trending,32,27621,2366,327,rising,Fashion,Tuesday,Afternoon,98432,21,0.722,External
1,Us,North America,Science,trending,18,95533,4606,312,stable,Tech,Thursday,Evening,102500.9,31,0.656,ForYou
1,Us,North America,Tech,licensed,24,23254,1829,194,declining,Pets,Sunday,Morning,113733.4,26,0.7,Following
1,Ca,North America,Gaming,licensed,18,752260,56377,4983,rising,Fashion,Friday,Night,95832.5,19,0.789,ForYou
1,Ca,North America,Sports,trending,15,81146,4134,531,declining,Fashion,Thursday,Evening,96007.1,20,0.847,ForYou
2,Ca,North America,Fitness,licensed,31,20280,591,74,rising,Dance,Sunday,Evening,78146.6,15,0.694,Suggested
2,Us,North America,Beauty,original,24,16784,665,84,rising,Dance,Sunday,Night,107955.4,15,0.517,Suggested
2,Mx,North America,Comedy,original,31,77382,2040,201,seasonal,Beauty,Friday,Evening,129372.5,27,0.677,Suggested
2,Mx,North America,Tech,original,39,10116,486,41,stable,Beauty,Wednesday,Afternoon,101280.2,22,0.667,Home
2,Us,North America,Beauty,licensed,52,42497,1767,224,stable,Fashion,Thursday,Evening,121486.6,21,0.477,Suggested
2,Mx,North America,Science,trending,52,27572,2164,214,declining,Travel,Friday,Afternoon,90954.4,17,0.56,Suggested
2,Us,North America,Finance,original,24,226615,10354,1579,declining,Comedy,Saturday,Afternoon,98586,27,0.45,External
1,Mx,North America,Food,licensed,11,28264,1675,133,seasonal,Travel,Saturday,Evening,104791.2,22,0.655,ForYou
1,Ca,North America,Gaming,original,58,208399,13521,1061,seasonal,Beauty,Thursday,Evening,94562.8,25,0.672,ForYou
1,Us,North America,Pets,trending,35,45563,3903,266,seasonal,Dance,Saturday,Evening,78592,20,0.531,ForYou
1,Ca,North America,Finance,original,16,23832,1594,221,rising,Gaming,Monday,Evening,107610.4,27,0.65,ForYou
1,Mx,North America,Fashion,original,60,24073,2185,167,seasonal,Sports,Friday,Night,79249.9,26,0.558,ForYou
1,Mx,North America,Fashion,original,22,158568,7763,1110,declining,Gaming,Wednesday,Evening,120740,28,0.841,ForYou
1,Us,North America,Fashion,trending,43,1583176,95931,7006,declining,Fashion,Saturday,Morning,153205.6,18,0.812,ForYou
1,Ca,North America,Finance,licensed,24,155861,13735,1863,rising,Gaming,Saturday,Evening,84783.6,27,0.675,ForYou
1,Ca,North America,Music,original,24,16995,900,65,seasonal,Travel,Wednesday,Afternoon,90998.7,17,0.683,External
1,Us,North America,Fitness,trending,13,137180,10188,1276,seasonal,Education,Wednesday,Afternoon,109086.8,30,0.515,Search
1,Us,North America,Science,licensed,50,45551,4471,321,stable,Pets,Tuesday,Morning,102103.6,17,0.532,ForYou
1,Mx,North America,Food,original,28,35169,2619,240,stable,Lifestyle,Monday,Evening,203535.4,23,0.679,ForYou
1,Ca,North America,Beauty,licensed,14,36489,2293,337,rising,Food,Monday,Night,84155.1,22,0.536,ForYou
2,Mx,North America,Pets,original,37,40087,1677,233,declining,Lifestyle,Friday,Night,86157.4,23,0.595,Home
2,Us,North America,Tech,original,34,6168,82,11,stable,Beauty,Friday,Afternoon,104175.6,27,0.579,Home
2,Ca,North America,DIY,licensed,48,96060,4383,518,rising,Education,Saturday,Afternoon,101182.4,18,0.719,External
2,Ca,North America,Automotive,trending,23,204665,4781,686,stable,Travel,Sunday,Evening,132877.7,20,0.548,Home
2,Ca,North America,Travel,trending,31,121902,4268,400,stable,Sports,Saturday,Evening,91733.4,22,0.487,Suggested
2,Mx,North America,Art,licensed,59,212749,10707,1369,declining,Dance,Thursday,Evening,147476.9,20,0.471,Home
2,Mx,North America,Gaming,original,90,25637,803,54,declining,Education,Friday,Evening,78225,28,0.407,Suggested
2,Mx,North America,Automotive,licensed,30,328189,15662,2413,rising,Sports,Friday,Evening,84030.9,26,0.457,Home
2,Ca,North America,Fashion,original,65,189551,8125,813,declining,Beauty,Friday,Evening,111830.6,28,0.671,External
2,Ca,North America,Sports,licensed,44,44087,2057,145,seasonal,Sports,Sunday,Afternoon,109552,24,0.575,Search
1,Mx,North America,Gaming,licensed,38,41474,3991,525,declining,Beauty,Wednesday,Night,98246.3,24,0.789,ForYou
1,Mx,North America,Pets,trending,19,28918,2567,304,stable,Tech,Friday,Night,84030.9,24,0.832,External
1,Us,North America,Automotive,trending,40,8112,430,61,stable,Travel,Friday,Evening,108139.9,24,0.702,Search
1,Mx,North America,Fashion,licensed,45,30068,2216,195,rising,Food,Friday,Evening,104979.8,26,0.824,Search
1,Ca,North America,Food,trending,35,33906,1565,118,rising,Dance,Friday,Afternoon,71821.7,15,0.771,ForYou
1,Ca,North America,Food,original,21,187644,9209,1190,stable,Food,Wednesday,Evening,87499.9,27,0.781,ForYou
1,Ca,North America,Education,trending,29,56570,4011,494,seasonal,Education,Saturday,Evening,70084.8,28,0.759,ForYou
2,Ca,North America,Music,trending,40,26851,647,88,declining,Sports,Sunday,Night,115352,22,0.538,Suggested
2,Us,North America,Music,original,49,375178,7068,474,rising,Gaming,Sunday,Night,107610.4,27,0.622,Suggested
2,Ca,North America,Fashion,trending,45,64789,3267,469,seasonal,Tech,Sunday,Evening,96742.3,24,0.509,Suggested
2,Mx,North America,Sports,original,40,21420,1308,139,seasonal,Gaming,Friday,Afternoon,103877.5,29,0.685,Home
2,Mx,North America,Lifestyle,original,41,411587,13096,1293,rising,Food,Monday,Morning,88159.6,22,0.483,Suggested
1,Ca,North America,Fitness,original,29,52013,3534,486,seasonal,Pets,Wednesday,Afternoon,115494.9,24,0.831,ForYou
1,Ca,North America,Lifestyle,original,19,34052,2671,176,stable,Tech,Wednesday,Afternoon,99598.4,32,0.684,ForYou
1,Ca,North America,Lifestyle,licensed,20,343510,25362,3699,stable,Dance,Friday,Morning,96431.7,17,0.59,ForYou
1,Ca,North America,Comedy,trending,15,91457,7747,892,stable,Beauty,Friday,Morning,120866.4,29,0.64,ForYou
1,Mx,North America,Education,original,20,164467,10082,1354,rising,Food,Friday,Evening,102923.2,18,0.685,ForYou
1,Mx,North America,Sports,trending,31,287707,20180,2570,rising,Music,Monday,Evening,108037.4,26,0.635,External
1,Ca,North America,Sports,licensed,22,28272,1325,139,rising,Lifestyle,Monday,Morning,75227.3,26,0.614,Search
1,Mx,North America,News,trending,28,37288,2361,201,rising,Lifestyle,Friday,Morning,134413.3,26,0.557,ForYou
1,Us,North America,Science,licensed,51,42173,3034,262,stable,Gaming,Friday,Afternoon,85706.8,28,0.759,Search
2,Mx,North America,Tech,trending,50,638297,16803,2393,declining,Gaming,Tuesday,Morning,111539.1,27,0.528,Home
2,Mx,North America,Finance,original,43,73922,3447,472,stable,Dance,Tuesday,Afternoon,104933.1,20,0.407,Home
2,Mx,North America,Finance,trending,42,104604,3255,278,declining,Fashion,Friday,Morning,118319.2,20,0.505,Home
2,Ca,North America,Lifestyle,licensed,41,17937,923,97,declining,Sports,Friday,Evening,99470.5,22,0.485,Home
1,Ca,North America,Beauty,licensed,17,51871,4993,509,stable,Beauty,Friday,Evening,97490.1,23,0.694,ForYou
1,Mx,North America,Sports,licensed,31,109320,4764,376,stable,Comedy,Monday,Evening,114256.7,32,0.758,ForYou
1,Mx,North America,Tech,trending,22,12234,1062,90,rising,Beauty,Saturday,Evening,99230,24,0.577,ForYou
1,Mx,North America,Finance,trending,13,43269,2693,219,rising,Education,Friday,Evening,101916.4,18,0.708,ForYou
1,Us,North America,Music,original,40,242761,10896,883,stable,Fashion,Wednesday,Afternoon,82843.2,18,0.63,ForYou
1,Mx,North America,Science,trending,32,53954,3500,272,rising,Music,Friday,Morning,92542.5,26,0.797,ForYou
1,Ca,North America,Beauty,original,27,83018,4311,417,seasonal,Travel,Sunday,Evening,99893.3,26,0.785,ForYou
1,Mx,North America,Travel,licensed,43,49010,4755,693,stable,Education,Friday,Evening,87342.1,30,0.598,Following
1,Ca,North America,Gaming,trending,31,113285,7892,983,seasonal,Lifestyle,Wednesday,Evening,93418,24,0.623,ForYou
1,Ca,North America,Automotive,licensed,17,251042,23805,2190,rising,Comedy,Friday,Night,79263.6,22,0.788,ForYou
1,Ca,North America,Gaming,trending,29,281792,12193,1782,rising,Music,Saturday,Evening,106362.4,21,0.783,ForYou
1,Ca,North America,Fashion,original,27,40797,2330,275,seasonal,Tech,Friday,Night,101378.8,23,0.63,Search
1,Ca,North America,DIY,original,46,378254,22399,1458,declining,Gaming,Tuesday,Evening,132493.2,27,0.504,External
2,Mx,North America,Lifestyle,trending,68,259872,13637,1288,seasonal,Pets,Monday,Morning,134259.1,24,0.515,Suggested
2,Mx,North America,Fitness,licensed,48,55764,2217,206,stable,Pets,Sunday,Morning,113756.1,24,0.698,Search
2,Mx,North America,News,licensed,36,138554,5587,378,declining,Sports,Sunday,Evening,76368,22,0.494,Suggested
2,Mx,North America,Automotive,licensed,54,205933,10812,932,rising,Pets,Wednesday,Night,91480.6,24,0.548,Home
2,Ca,North America,Fashion,original,57,35883,986,145,rising,Beauty,Friday,Evening,75207.3,20,0.747,Suggested
2,Us,North America,Sports,trending,38,114573,4390,314,rising,Music,Friday,Evening,105000,15,0.474,Suggested
2,Ca,North America,Sports,trending,17,22129,1146,133,stable,Beauty,Sunday,Evening,67379.6,20,0.671,Suggested
2,Mx,North America,News,licensed,46,76216,2235,305,rising,Food,Thursday,Evening,117464.6,27,0.448,Home
1,Us,North America,Music,licensed,33,99143,6070,469,declining,Comedy,Saturday,Afternoon,103117.8,17,0.521,ForYou
1,Mx,North America,Tech,trending,34,252292,19317,2676,stable,Travel,Friday,Night,75227.3,17,0.671,ForYou
1,Us,North America,Pets,original,23,61410,6435,854,seasonal,Sports,Tuesday,Afternoon,96045.8,22,0.509,ForYou
1,Us,North America,Automotive,original,36,591376,36593,5339,seasonal,Tech,Tuesday,Evening,110987.8,31,0.603,Following
1,Ca,North America,Pets,licensed,25,41279,5111,636,declining,Sports,Saturday,Afternoon,79760.5,24,0.68,ForYou
1,Us,North America,Food,trending,21,56294,2850,274,stable,Education,Wednesday,Evening,120740,32,0.667,ForYou
1,Mx,North America,Pets,licensed,26,69933,5743,523,declining,Sports,Friday,Evening,113842.7,24,0.554,ForYou
1,Ca,North America,Sports,trending,22,23253,2210,292,seasonal,Comedy,Saturday,Afternoon,108368.7,23,0.673,ForYou
1,Us,North America,Sports,trending,75,67440,4545,528,declining,Pets,Thursday,Morning,108022.1,19,0.795,ForYou
1,Mx,North America,Food,licensed,16,173149,9643,663,declining,Sports,Sunday,Afternoon,78225,22,0.562,Search
2,Us,North America,Art,original,18,56506,3339,444,declining,Fashion,Tuesday,Evening,92655.5,19,0.667,Suggested
2,Us,North America,Education,licensed,39,66706,839,99,declining,Pets,Wednesday,Evening,84501.2,19,0.559,Home
2,Mx,North America,Automotive,original,51,65128,1999,292,stable,Travel,Tuesday,Night,111482.5,20,0.449,Home
2,Ca,North America,Tech,trending,34,28261,883,72,rising,Fashion,Tuesday,Morning,99230,19,0.659,Suggested
2,Ca,North America,Travel,original,37,75545,2660,204,seasonal,Tech,Friday,Afternoon,93727.3,31,0.408,Home
2,Mx,North America,Tech,original,26,42838,1090,153,declining,Gaming,Wednesday,Evening,86911.3,28,0.442,Suggested
2,Mx,North America,Automotive,licensed,23,105176,2832,432,stable,Sports,Thursday,Evening,95866.1,24,0.435,Suggested
2,Mx,North America,Gaming,original,45,11714,359,25,seasonal,Travel,Saturday,Morning,89008.1,17,0.716,Home
1,Mx,North America,Education,original,25,36434,2446,197,seasonal,Food,Sunday,Morning,98301.3,22,0.564,External
1,Mx,North America,Sports,trending,14,184863,10587,1004,rising,Comedy,Friday,Evening,116369.7,25,0.786,ForYou
1,Mx,North America,Art,licensed,30,45316,4121,516,rising,Food,Thursday,Morning,93389,27,0.693,Search
1,Ca,North America,Beauty,licensed,61,100463,7129,851,stable,Music,Sunday,Evening,85148.5,23,0.836,Following
1,Ca,North America,DIY,original,30,130275,13098,1021,declining,Pets,Monday,Evening,102923.2,24,0.743,ForYou
1,Ca,North America,Gaming,licensed,23,32081,2537,182,declining,Travel,Saturday,Afternoon,106361,17,0.513,Search
1,Mx,North America,Science,original,17,24000,1648,164,seasonal,Comedy,Friday,Morning,90345.1,22,0.624,ForYou
1,Ca,North America,Lifestyle,trending,33,17285,884,94,stable,Sports,Wednesday,Evening,120866.4,22,0.776,ForYou
1,Ca,North America,Fashion,trending,26,4905,282,30,seasonal,Lifestyle,Friday,Afternoon,98781.3,26,0.646,External
1,Mx,North America,Travel,trending,25,31915,3622,294,seasonal,Music,Sunday,Morning,76729.8,28,0.672,ForYou
1,Us,North America,DIY,licensed,9,62744,5117,706,rising,Fashion,Sunday,Evening,101576.1,22,0.811,Following
1,Ca,North America,Fashion,trending,28,35913,2190,279,seasonal,Comedy,Friday,Evening,75277.5,32,0.689,Following
1,Mx,North America,Tech,trending,64,57831,3787,268,declining,Tech,Friday,Evening,80243.4,26,0.552,External
1,Ca,North America,Music,trending,35,211769,11067,1526,declining,Lifestyle,Sunday,Morning,87996.6,29,0.66,External
1,Ca,North America,Music,licensed,46,58968,1295,165,declining,Comedy,Tuesday,Evening,94550.8,31,0.641,ForYou
2,Mx,North America,Education,licensed,41,439211,17116,1810,rising,Sports,Sunday,Evening,85788.7,22,0.7,Search
2,Ca,North America,Gaming,trending,67,52349,1304,195,rising,Food,Friday,Evening,105863.9,23,0.655,Search
2,Mx,North America,DIY,original,30,39670,2123,254,seasonal,Music,Friday,Morning,87499.9,12,0.403,Home
1,Ca,North America,Fitness,original,34,107955,11537,928,stable,Dance,Friday,Afternoon,162949.3,22,0.8,ForYou
1,Ca,North America,Finance,original,34,18057,1268,88,rising,Beauty,Friday,Night,89038.7,20,0.518,Search
1,Ca,North America,Finance,original,32,12745,372,28,rising,Travel,Friday,Evening,95392.8,18,0.628,External
1,Ca,North America,Tech,original,47,15240,1277,157,declining,Tech,Monday,Evening,89929.7,24,0.6,ForYou
1,Mx,North America,Travel,licensed,32,40071,2313,297,rising,Food,Sunday,Evening,105890.8,15,0.516,External
1,Us,North America,Music,trending,11,201303,14485,1574,declining,Education,Sunday,Night,104158.3,16,0.845,ForYou
1,Mx,North America,Gaming,trending,17,12843,1061,106,declining,Education,Friday,Evening,107717.7,25,0.771,ForYou
1,Us,North America,Lifestyle,original,24,21486,1467,164,declining,Pets,Tuesday,Morning,87499.9,20,0.538,ForYou
1,Us,North America,Travel,licensed,25,135897,9058,762,stable,Pets,Saturday,Evening,123148.2,20,0.76,ForYou
1,Mx,North America,Comedy,original,32,77255,6632,570,declining,Beauty,Saturday,Evening,120680.2,22,0.606,Search
1,Mx,North America,Fashion,licensed,51,58486,3047,239,seasonal,Travel,Friday,Afternoon,101378.8,22,0.569,External
1,Ca,North America,Pets,licensed,37,43306,5203,813,declining,Pets,Friday,Evening,118878.6,20,0.808,External
2,Us,North America,Fitness,licensed,27,24140,763,102,stable,Music,Tuesday,Afternoon,115579.1,28,0.467,Home
2,Mx,North America,News,licensed,62,29106,1365,118,declining,Gaming,Wednesday,Afternoon,103134.2,26,0.448,Search
2,Ca,North America,Music,original,42,33226,2167,325,rising,Tech,Saturday,Morning,98232.9,29,0.517,Search
2,Us,North America,News,trending,40,39825,1062,175,seasonal,Music,Monday,Afternoon,96403.9,23,0.497,Home
2,Mx,North America,Automotive,licensed,36,57168,3073,287,rising,Travel,Saturday,Night,98432,20,0.75,Suggested
1,Mx,North America,Pets,licensed,57,856359,32213,2589,declining,Tech,Monday,Afternoon,140206,31,0.735,Following
1,Ca,North America,Education,licensed,20,134276,12654,1267,rising,Music,Monday,Evening,109552,15,0.745,External
1,Us,North America,Fitness,original,18,89310,4751,616,declining,Food,Tuesday,Morning,102802.1,23,0.672,ForYou
1,Mx,North America,Gaming,original,16,267779,10123,1024,declining,Travel,Saturday,Morning,90954.4,26,0.819,Search
1,Ca,North America,Music,licensed,31,31909,2752,364,rising,Beauty,Friday,Evening,80037.2,23,0.561,ForYou
1,Ca,North America,Lifestyle,original,21,31052,1426,164,rising,Comedy,Wednesday,Morning,88276,13,0.714,ForYou
1,Ca,North America,Gaming,original,40,77281,3431,252,rising,Lifestyle,Saturday,Afternoon,77464.1,22,0.685,Following
1,Mx,North America,Beauty,trending,66,4194,327,35,stable,Pets,Friday,Morning,103134.2,26,0.564,ForYou
1,Mx,North America,Tech,licensed,25,61746,4204,625,rising,Lifestyle,Tuesday,Evening,109086.8,23,0.564,ForYou
1,Ca,North America,Beauty,trending,38,89046,5891,772,stable,Travel,Sunday,Evening,85723.7,19,0.739,ForYou
1,Mx,North America,Science,original,27,44145,2822,318,rising,Sports,Friday,Afternoon,102026.5,24,0.626,Search
1,Mx,North America,Fashion,licensed,32,218341,17239,1621,stable,Travel,Monday,Afternoon,88276,29,0.556,External
1,Us,North America,Science,trending,18,55032,2114,150,declining,Education,Friday,Morning,104175.6,27,0.511,ForYou
1,Mx,North America,Sports,trending,35,138509,12355,1173,seasonal,Sports,Friday,Afternoon,82507.4,22,0.717,Following
1,Mx,North America,Tech,trending,42,56865,5585,689,declining,Lifestyle,Friday,Evening,81860.4,25,0.695,ForYou
2,Mx,North America,Sports,licensed,74,46612,1313,98,stable,Fashion,Tuesday,Evening,93389,22,0.722,Search
2,Ca,North America,Science,original,27,26487,900,90,seasonal,Pets,Sunday,Afternoon,74831.7,22,0.578,Home
2,Us,North America,Tech,trending,63,81520,2600,356,seasonal,Music,Wednesday,Evening,90488.4,15,0.749,External
2,Mx,North America,Music,licensed,33,23695,791,88,rising,Beauty,Thursday,Evening,84030.9,22,0.548,Search
2,Mx,North America,Pets,licensed,45,48846,2332,211,declining,Dance,Wednesday,Morning,104944.6,23,0.531,Home
1,Ca,North America,News,original,27,12966,526,65,seasonal,Sports,Saturday,Night,87617.4,28,0.63,ForYou
1,Us,North America,Travel,original,27,40506,4948,424,rising,Lifestyle,Friday,Evening,80254.8,24,0.759,ForYou
1,Ca,North America,Science,original,52,68818,4822,681,declining,Tech,Thursday,Morning,102520.5,29,0.737,ForYou
1,Ca,North America,Tech,original,10,366955,34931,2907,declining,Beauty,Sunday,Night,81777.9,25,0.68,ForYou
1,Us,North America,Music,licensed,9,50238,3885,311,seasonal,Dance,Wednesday,Evening,86941.3,22,0.567,Following
1,Ca,North America,Sports,trending,33,277223,23422,2177,rising,Beauty,Friday,Morning,101916.4,24,0.53,ForYou
1,Us,North America,Lifestyle,original,30,29562,3335,252,stable,Dance,Tuesday,Evening,85706.8,17,0.687,Search
2,Ca,North America,Science,original,90,43447,1470,172,seasonal,Comedy,Friday,Evening,93727.3,28,0.617,Search
2,Ca,North America,News,trending,37,70061,2048,322,seasonal,Sports,Saturday,Evening,112761.3,22,0.589,Search
2,Ca,North America,DIY,original,31,153029,7481,558,rising,Dance,Friday,Evening,95866.1,17,0.471,Search
2,Us,North America,Automotive,licensed,90,10767,629,74,rising,Tech,Thursday,Afternoon,111539.1,26,0.624,Search
2,Mx,North America,Finance,trending,52,114429,4507,500,stable,Comedy,Thursday,Evening,70232.9,27,0.592,Search
2,Us,North America,Fitness,licensed,11,299977,15292,1897,declining,Food,Thursday,Night,63890.7,17,0.6,Home
2,Ca,North America,Food,trending,42,10899,525,62,stable,Music,Saturday,Evening,169151.3,21,0.61,Home
2,Mx,North America,Pets,trending,29,81003,2819,359,seasonal,Sports,Friday,Morning,84701.8,22,0.734,Suggested
1,Mx,North America,Fitness,licensed,25,111532,7842,1107,declining,Sports,Sunday,Evening,115427,22,0.832,ForYou
1,Ca,North America,Food,original,31,65417,5983,907,declining,Music,Thursday,Evening,85260.3,23,0.561,Search
1,Ca,North America,Automotive,trending,21,44242,3509,401,seasonal,Pets,Friday,Evening,86157.4,26,0.519,Search
1,Us,North America,News,trending,24,52256,3380,358,rising,Education,Sunday,Afternoon,96474.3,18,0.721,ForYou
1,Us,North America,Pets,licensed,61,24514,1192,167,rising,Food,Sunday,Night,85369.3,25,0.61,Search
1,Mx,North America,Music,licensed,19,46119,2304,348,declining,Comedy,Monday,Evening,109654.6,13,0.758,ForYou
1,Us,North America,Science,trending,26,47698,3997,607,seasonal,Fashion,Friday,Afternoon,118188.8,22,0.85,Following
1,Ca,North America,Lifestyle,licensed,13,22645,1243,160,declining,Tech,Wednesday,Night,83077.8,26,0.823,ForYou
1,Us,North America,Gaming,original,35,176085,12626,1425,seasonal,Pets,Monday,Evening,100129.4,19,0.751,ForYou
1,Mx,North America,Fitness,original,20,62519,4518,652,rising,Dance,Monday,Evening,90840.6,23,0.58,Following
1,Mx,North America,Lifestyle,trending,9,22164,1228,117,stable,Fashion,Friday,Evening,90488.4,20,0.511,ForYou
1,Mx,North America,Fashion,trending,21,79899,4267,521,seasonal,Music,Friday,Morning,99253.8,15,0.7,ForYou
1,Ca,North America,Art,trending,22,52486,5102,751,seasonal,Sports,Friday,Evening,89114.6,26,0.786,ForYou
1,Mx,North America,DIY,trending,38,130575,8251,650,stable,Beauty,Wednesday,Morning,75691.4,22,0.737,ForYou
1,Us,North America,Comedy,original,32,42093,1835,159,stable,Dance,Friday,Afternoon,100266.4,17,0.628,ForYou
1,Us,North America,Travel,licensed,22,24502,2612,195,declining,Pets,Friday,Afternoon,128892.5,22,0.818,ForYou
1,Us,North America,Pets,licensed,14,142375,16125,1661,rising,Beauty,Saturday,Afternoon,93827.6,29,0.664,ForYou
2,Us,North America,Comedy,original,66,400634,11263,1681,seasonal,Music,Saturday,Morning,118050.1,23,0.627,Home
2,Ca,North America,Food,licensed,32,264682,4612,442,stable,Gaming,Friday,Afternoon,86941.3,29,0.403,Suggested
2,Us,North America,Travel,trending,47,67891,1828,218,rising,Dance,Friday,Evening,92555.6,20,0.451,Suggested
2,Ca,North America,News,original,63,57588,1386,161,declining,Music,Friday,Night,83775.8,15,0.663,Search
2,Mx,North America,Science,trending,29,195461,6797,843,declining,Fashion,Tuesday,Night,113307.8,19,0.614,Suggested
2,Ca,North America,Finance,licensed,28,604395,21059,2795,seasonal,Lifestyle,Saturday,Evening,95392.8,22,0.593,Search
2,Mx,North America,Beauty,original,63,254728,10750,872,rising,Tech,Tuesday,Evening,96474.3,24,0.495,Suggested
1,Mx,North America,Comedy,original,39,47474,3715,451,seasonal,Sports,Monday,Evening,86079.6,28,0.521,Following
1,Mx,North America,DIY,trending,15,273628,10683,1502,seasonal,Music,Friday,Evening,87019,23,0.573,Search
1,Us,North America,Food,trending,31,112123,6661,507,declining,Sports,Tuesday,Afternoon,94471.2,24,0.79,ForYou
1,Mx,North America,Automotive,licensed,23,86260,4632,368,declining,Sports,Saturday,Morning,132493.2,22,0.817,Search
1,Mx,North America,Lifestyle,original,75,80483,5845,505,rising,Tech,Saturday,Afternoon,107717.7,28,0.691,ForYou
1,Mx,North America,Food,original,53,103348,3262,479,seasonal,Fashion,Friday,Evening,94953.4,21,0.57,ForYou
1,Us,North America,Travel,trending,26,54160,4673,603,declining,Gaming,Friday,Night,87560.6,28,0.692,Search
1,Us,North America,News,original,33,85850,7120,488,seasonal,Education,Thursday,Evening,119864.1,18,0.691,ForYou
1,Ca,North America,Gaming,licensed,17,62409,3050,366,declining,Tech,Tuesday,Evening,97125.1,31,0.724,Following
1,Ca,North America,Food,original,29,22995,1734,165,rising,Dance,Sunday,Evening,130363.6,17,0.79,Search
2,Ca,North America,Gaming,original,47,7312,332,22,declining,Travel,Friday,Evening,103650.5,24,0.598,Suggested
2,Mx,North America,Gaming,original,28,10330,715,46,stable,Dance,Monday,Night,83079,24,0.489,Search
2,Us,North America,Food,trending,76,20218,1021,146,rising,Music,Wednesday,Evening,108368.7,15,0.453,Search
2,Ca,North America,Art,licensed,62,15126,494,57,rising,DIY,Sunday,Afternoon,105983.5,22,0.481,Home
2,Mx,North America,Pets,licensed,19,144818,4051,402,seasonal,Beauty,Friday,Afternoon,98366.2,18,0.616,Search
1,Ca,North America,Art,trending,33,36430,1145,111,stable,Travel,Sunday,Evening,84206,21,0.848,ForYou
1,Us,North America,Tech,licensed,18,167666,12113,934,seasonal,Beauty,Saturday,Evening,82284.4,29,0.55,Following
1,Us,North America,Finance,trending,37,90769,6069,882,rising,Tech,Monday,Evening,97961.5,29,0.754,Search
1,Us,North America,Fashion,trending,14,29700,2703,285,rising,Beauty,Monday,Night,91480.6,24,0.686,Search
1,Ca,North America,DIY,original,23,22341,1314,178,seasonal,Pets,Thursday,Afternoon,94471.2,22,0.657,ForYou
1,Mx,North America,Education,original,44,188035,12786,1440,declining,Education,Monday,Evening,116225.5,19,0.525,Search
1,Mx,North America,Beauty,trending,27,109435,5362,727,seasonal,Fashion,Tuesday,Evening,103650.5,21,0.548,ForYou
1,Mx,North America,Science,original,11,208656,9576,1301,rising,Comedy,Friday,Afternoon,91145.8,26,0.664,ForYou
1,Us,North America,Music,original,25,64398,3932,537,declining,Beauty,Monday,Evening,91901.2,29,0.844,ForYou
1,Mx,North America,Comedy,trending,29,29430,1478,120,seasonal,Music,Friday,Evening,83969.9,26,0.714,ForYou
1,Mx,North America,Sports,trending,49,164542,11299,1507,stable,Fashion,Friday,Evening,97756.8,22,0.684,ForYou
1,Mx,North America,Comedy,licensed,24,50511,3208,339,stable,Dance,Sunday,Evening,97756.8,22,0.675,Search
1,Us,North America,Education,licensed,18,18446,1692,223,declining,Education,Saturday,Evening,87740.9,18,0.817,Search
1,Us,North America,Pets,licensed,13,174507,8154,595,stable,Beauty,Saturday,Afternoon,118188.8,22,0.846,ForYou
1,Mx,North America,Pets,original,28,36445,2903,361,rising,Travel,Friday,Evening,98396.5,22,0.65,Following
2,Ca,North America,Automotive,licensed,45,359489,7947,1081,seasonal,Food,Friday,Afternoon,83969.9,23,0.549,External
2,Ca,North America,Fitness,licensed,39,28147,719,112,rising,Tech,Saturday,Evening,88068.7,24,0.705,Search
2,Us,North America,Education,original,23,60981,1096,155,seasonal,Travel,Friday,Evening,85903.6,24,0.461,Search
2,Ca,North America,Gaming,original,53,105785,5045,567,stable,Pets,Monday,Evening,87499.9,24,0.738,Suggested
2,Us,North America,Tech,original,45,147393,9153,1035,rising,Fashion,Saturday,Evening,113750.9,19,0.693,Home
2,Mx,North America,News,trending,65,136209,7643,1149,declining,Beauty,Friday,Evening,104933.1,28,0.452,Home
1,Us,North America,Lifestyle,trending,21,119159,10385,1275,rising,Fashion,Sunday,Evening,117301.2,20,0.733,ForYou
1,Mx,North America,Science,licensed,36,69060,3427,260,rising,Lifestyle,Sunday,Morning,91380.1,30,0.747,ForYou
1,Ca,North America,Fitness,licensed,22,107809,5687,850,stable,Travel,Monday,Evening,106317.9,17,0.695,ForYou
1,Mx,North America,News,original,22,69326,2995,228,seasonal,Music,Sunday,Evening,81001,23,0.836,Following
1,Us,North America,Fashion,trending,15,61785,2669,238,rising,Comedy,Monday,Evening,87560.6,26,0.707,ForYou
1,Ca,North America,Gaming,trending,56,45940,2003,148,rising,Beauty,Monday,Morning,94231.9,24,0.752,ForYou
1,Us,North America,Lifestyle,original,75,24198,1400,135,stable,Beauty,Thursday,Afternoon,99969.1,20,0.789,Following
1,Us,North America,DIY,trending,23,299039,25127,3622,rising,Travel,Saturday,Evening,91145.8,22,0.83,ForYou
1,Us,North America,Beauty,original,18,275224,17556,1507,stable,Travel,Sunday,Afternoon,78488.3,22,0.606,Following
1,Mx,North America,Pets,original,30,16302,1122,97,declining,Beauty,Thursday,Afternoon,93663.5,24,0.723,ForYou
1,Us,North America,Beauty,original,25,27460,1080,107,rising,Pets,Monday,Evening,97756.8,26,0.604,ForYou
1,Mx,North America,Art,trending,24,19401,1336,126,seasonal,Music,Saturday,Evening,110188.3,23,0.767,Following
2,Ca,North America,Fashion,trending,11,11051,372,39,rising,Food,Saturday,Evening,96426.1,20,0.527,Home
2,Us,North America,Tech,licensed,25,13573,770,92,stable,Education,Friday,Morning,98396.5,30,0.516,Suggested
2,Us,North America,Comedy,trending,33,217973,9819,1213,declining,Music,Thursday,Afternoon,129372.5,23,0.706,Suggested
2,Us,North America,Science,original,28,31237,1663,200,seasonal,Lifestyle,Monday,Evening,98366.2,21,0.493,Home
2,Ca,North America,Science,original,44,31526,777,103,stable,Lifestyle,Saturday,Evening,69026.9,24,0.434,Home
2,Us,North America,Fashion,original,50,130515,5346,428,seasonal,Lifestyle,Monday,Morning,112761.3,26,0.622,Suggested
1,Mx,North America,Lifestyle,licensed,24,12629,1013,73,seasonal,Music,Friday,Night,100230.7,14,0.712,ForYou
1,Mx,North America,Gaming,trending,46,52062,2658,222,declining,Travel,Wednesday,Afternoon,68775.5,17,0.678,Following
1,Mx,North America,Education,original,17,108550,10382,1107,declining,Pets,Monday,Afternoon,100554.5,24,0.688,ForYou
1,Mx,North America,Education,licensed,21,25383,1577,158,rising,Lifestyle,Tuesday,Evening,98586,27,0.729,ForYou
1,Us,North America,Comedy,licensed,20,43279,4444,295,seasonal,Tech,Sunday,Evening,81897,23,0.77,ForYou
1,Mx,North America,Beauty,trending,42,80449,7125,526,declining,Education,Tuesday,Evening,91634.1,33,0.667,ForYou
1,Mx,North America,Music,licensed,16,11421,927,61,rising,Tech,Thursday,Morning,92657.1,26,0.838,ForYou
1,Us,North America,Beauty,trending,21,108491,5471,741,rising,Fashion,Saturday,Afternoon,149855.5,19,0.781,ForYou
1,Us,North America,Music,original,25,21772,1232,104,rising,Travel,Monday,Evening,84501.2,26,0.816,ForYou
1,Us,North America,Food,licensed,19,12276,498,49,declining,Fashion,Saturday,Evening,106392.4,21,0.768,Search
1,Mx,North America,Music,original,13,433674,26259,2956,stable,Lifestyle,Friday,Evening,92619,30,0.746,ForYou
2,Us,North America,Fashion,licensed,42,21850,787,82,stable,Fashion,Thursday,Evening,85683.8,22,0.429,Suggested
2,Mx,North America,Science,original,21,188358,6404,875,stable,Dance,Friday,Afternoon,117704,15,0.41,Home
2,Us,North America,Education,trending,33,79022,2940,369,rising,Music,Saturday,Evening,96474.3,28,0.676,Home
2,Ca,North America,Automotive,licensed,39,16103,526,69,seasonal,Tech,Tuesday,Evening,120740,29,0.415,Home
2,Us,North America,Education,original,90,171539,9028,730,rising,Music,Tuesday,Morning,101280.2,12,0.449,Home
2,Us,North America,Tech,trending,19,71542,2133,318,declining,Sports,Saturday,Morning,94550.8,22,0.421,Suggested
2,Mx,North America,Science,original,50,9416,355,31,declining,Travel,Friday,Morning,116192.9,18,0.662,Suggested
2,Us,North America,News,original,17,67609,2773,202,stable,Tech,Friday,Night,103877.5,31,0.494,External
2,Ca,North America,Comedy,original,36,61154,2800,413,rising,DIY,Monday,Evening,81001,21,0.592,Home
1,Ca,North America,Art,licensed,75,20240,858,87,seasonal,Education,Wednesday,Afternoon,106361,27,0.716,ForYou
1,Ca,North America,Tech,licensed,19,200336,8039,680,stable,Sports,Monday,Afternoon,129372.5,24,0.637,ForYou
1,Us,North America,Art,licensed,22,11660,1015,144,declining,Lifestyle,Monday,Afternoon,72836.1,29,0.773,ForYou
1,Mx,North America,Pets,original,19,21795,1936,179,seasonal,Lifestyle,Friday,Evening,93427.1,25,0.563,ForYou
1,Us,North America,News,original,44,37876,2888,382,stable,Fashion,Sunday,Evening,98301.3,19,0.618,ForYou
1,Ca,North America,Beauty,licensed,40,53330,2223,348,seasonal,Gaming,Saturday,Afternoon,95029.2,26,0.542,ForYou
2,Ca,North America,Music,licensed,53,118881,2621,383,stable,Beauty,Sunday,Evening,104933.1,21,0.608,Search
2,Ca,North America,Tech,original,16,7538,213,30,rising,Music,Friday,Evening,101507.5,15,0.581,External
2,Ca,North America,Gaming,original,15,142002,5549,771,declining,Fashion,Tuesday,Afternoon,107717.7,16,0.573,Home
2,Mx,North America,Education,original,44,433246,21174,3191,stable,Travel,Friday,Morning,115494.9,22,0.702,Search
2,Us,North America,Fashion,licensed,22,86831,4206,571,rising,Comedy,Saturday,Afternoon,87560.6,18,0.568,External
2,Mx,North America,Gaming,licensed,40,82704,2533,339,seasonal,Music,Sunday,Afternoon,76729.8,26,0.612,Search
2,Mx,North America,Beauty,original,63,10360,495,80,seasonal,Travel,Tuesday,Afternoon,96208.1,22,0.524,Search
2,Us,North America,News,licensed,37,85322,4236,571,declining,Travel,Wednesday,Evening,90369.7,27,0.492,Search
1,Ca,North America,Sports,licensed,29,169561,14163,1421,declining,Tech,Tuesday,Evening,116096.1,26,0.762,Following
1,Ca,North America,Education,licensed,10,214174,14434,1910,stable,Tech,Saturday,Night,102347.6,25,0.6,External
1,Us,North America,Lifestyle,licensed,42,134543,7469,1002,stable,Beauty,Friday,Evening,111539.1,29,0.788,Search
1,Mx,North America,News,trending,32,243788,20492,1667,stable,Tech,Tuesday,Evening,105639.6,24,0.631,ForYou
1,Ca,North America,Music,original,33,103751,6771,509,declining,Music,Monday,Night,104933.1,23,0.618,ForYou
1,Ca,North America,Food,licensed,28,184492,14661,1405,stable,Music,Saturday,Evening,99253.8,26,0.782,External
1,Us,North America,Music,trending,15,123379,4659,559,rising,Sports,Thursday,Evening,115353,26,0.807,ForYou
1,Ca,North America,News,trending,30,53259,2510,323,rising,Gaming,Friday,Evening,88159.6,27,0.647,External
1,Mx,North America,Pets,original,40,28961,2556,240,rising,Pets,Wednesday,Evening,84206,17,0.845,Following
1,Mx,North America,Finance,original,23,53999,1762,213,rising,Gaming,Friday,Night,97694.6,28,0.53,ForYou
1,Ca,North America,Education,trending,25,35769,3720,304,rising,Fashion,Thursday,Evening,97042.8,19,0.656,ForYou
1,Mx,North America,News,licensed,29,209932,11964,1432,rising,Food,Monday,Morning,87790.4,24,0.741,External
1,Us,North America,Finance,licensed,36,56424,2197,258,declining,Gaming,Monday,Night,84424.3,28,0.65,ForYou
1,Mx,North America,Automotive,licensed,31,26548,1560,149,stable,Gaming,Tuesday,Afternoon,83079,28,0.523,ForYou
1,Us,North America,Tech,original,16,71570,6097,538,declining,Tech,Friday,Morning,81777.9,31,0.612,External
1,Ca,North America,Art,trending,28,276567,11546,1499,stable,Education,Sunday,Morning,84030.9,22,0.668,Following
1,Us,North America,Sports,trending,31,280638,22309,1569,seasonal,Gaming,Friday,Evening,97125.1,28,0.806,ForYou
1,Mx,North America,DIY,original,39,24110,2271,296,declining,Fashion,Wednesday,Afternoon,115494.9,20,0.754,ForYou
1,Mx,North America,Food,licensed,21,223968,19598,3014,seasonal,Beauty,Friday,Morning,73883.7,22,0.767,ForYou
2,Us,North America,Finance,licensed,44,50215,2312,216,declining,Fashion,Friday,Evening,91145.8,19,0.498,Home
2,Mx,North America,Automotive,original,28,77887,3884,370,stable,Music,Friday,Morning,103877.5,26,0.714,Suggested
2,Mx,North America,Education,original,47,5307,310,36,seasonal,Sports,Monday,Night,108037.4,22,0.674,Home
2,Ca,North America,Fitness,licensed,24,406823,25593,3114,seasonal,Beauty,Thursday,Morning,203535.4,22,0.562,Home
2,Ca,North America,News,licensed,44,73280,3620,261,stable,Comedy,Friday,Morning,102487.9,29,0.475,Search
2,Mx,North America,News,licensed,37,80555,3881,376,declining,Education,Friday,Evening,137118.7,16,0.722,Home
2,Ca,North America,Fashion,trending,64,271626,10593,1191,seasonal,Food,Sunday,Night,83156.5,24,0.412,Home
2,Ca,North America,Automotive,original,54,178935,8053,1121,stable,Pets,Friday,Evening,203535.4,17,0.609,Search
1,Us,North America,Comedy,trending,16,12170,746,88,rising,Gaming,Thursday,Evening,111410.3,25,0.781,Following
1,Us,North America,Finance,licensed,7,84423,7322,680,seasonal,Music,Monday,Evening,89206.3,14,0.514,ForYou
1,Us,North America,Science,original,20,221513,22655,2185,seasonal,Tech,Monday,Evening,116083.5,23,0.805,ForYou
1,Us,North America,Education,licensed,46,10617,983,71,declining,Comedy,Sunday,Morning,108139.9,21,0.754,Search
1,Mx,North America,Tech,licensed,35,41826,3630,344,rising,Dance,Sunday,Afternoon,101378.8,17,0.669,ForYou
1,Mx,North America,Food,original,45,111830,13159,1824,stable,Lifestyle,Sunday,Afternoon,102994.2,26,0.649,Following
1,Ca,North America,Finance,licensed,21,79611,3616,428,declining,Gaming,Saturday,Night,115000.4,28,0.686,ForYou
1,Us,North America,Education,licensed,26,12064,1160,122,seasonal,Comedy,Thursday,Evening,87188,20,0.792,ForYou
1,Ca,North America,Beauty,licensed,66,30379,2843,291,stable,Fashion,Tuesday,Evening,117342.2,20,0.785,ForYou
1,Mx,North America,Fitness,original,20,169903,13429,1476,rising,Gaming,Sunday,Afternoon,93418,27,0.75,ForYou
1,Ca,North America,Gaming,trending,35,22270,1721,165,stable,Sports,Tuesday,Night,92069.4,24,0.683,ForYou
2,Mx,North America,Sports,trending,86,70922,2319,301,seasonal,Sports,Wednesday,Evening,105790,22,0.64,Suggested
2,Ca,North America,Food,original,40,322113,7130,1061,rising,Gaming,Sunday,Afternoon,106288.7,26,0.447,Suggested
2,Mx,North America,Lifestyle,original,28,63562,2359,329,seasonal,Tech,Friday,Night,102956.3,29,0.589,Home
1,Ca,North America,Travel,trending,20,27936,1673,195,declining,Tech,Tuesday,Afternoon,98604.1,29,0.645,External
1,Us,North America,Sports,licensed,35,43223,2463,289,stable,Travel,Monday,Afternoon,63890.7,18,0.766,ForYou
1,Mx,North America,Fitness,original,42,78376,5732,684,stable,Education,Saturday,Afternoon,100666.5,30,0.733,Following
1,Ca,North America,DIY,trending,16,54672,3563,475,declining,Sports,Friday,Afternoon,88998.8,24,0.662,ForYou
1,Ca,North America,Food,licensed,51,101408,7258,830,seasonal,Music,Sunday,Evening,102994.2,23,0.624,External
1,Us,North America,Food,original,22,231999,24383,2865,declining,Dance,Wednesday,Evening,121071.3,26,0.655,ForYou
1,Us,North America,DIY,licensed,19,15589,1014,130,rising,Music,Tuesday,Morning,116083.5,23,0.721,Search
1,Us,North America,Tech,trending,17,45057,4436,453,seasonal,Beauty,Friday,Afternoon,87617.4,23,0.759,ForYou
1,Us,North America,News,original,18,26884,2091,179,seasonal,Gaming,Saturday,Night,110084.9,28,0.622,External
1,Mx,North America,Automotive,licensed,40,42703,1905,137,stable,Tech,Saturday,Afternoon,114010.2,29,0.715,Search
1,Mx,North America,Gaming,original,34,132921,8099,582,declining,Travel,Monday,Evening,102956.3,26,0.721,Search
1,Mx,North America,Travel,trending,22,42612,2908,221,declining,Music,Sunday,Evening,93727.3,28,0.505,Search
1,Us,North America,Fitness,licensed,41,42579,4208,541,stable,Education,Saturday,Afternoon,101355.4,35,0.566,ForYou
1,Ca,North America,Fitness,trending,24,142626,8787,587,rising,Fashion,Friday,Evening,95967.2,20,0.754,Following
2,Ca,North America,Fashion,original,44,62937,2294,167,seasonal,Gaming,Monday,Evening,110188.3,23,0.645,Home
2,Ca,North America,Comedy,original,35,19057,1008,114,seasonal,Education,Wednesday,Evening,121071.3,25,0.729,Home
2,Mx,North America,Food,licensed,33,39278,2161,215,declining,Music,Saturday,Morning,97568.1,21,0.455,Suggested
2,Us,North America,Music,trending,28,11305,629,64,declining,Comedy,Tuesday,Night,112761.3,32,0.496,Home
2,Us,North America,Sports,original,25,40093,1799,230,declining,Travel,Saturday,Afternoon,75227.3,29,0.54,Home
2,Us,North America,Beauty,trending,39,119268,3851,433,seasonal,Food,Sunday,Afternoon,98122.4,16,0.697,Search
2,Us,North America,Fitness,trending,58,59100,3123,351,stable,Dance,Sunday,Morning,77534.9,20,0.422,Search
2,Ca,North America,Sports,licensed,25,59817,2641,197,declining,Food,Tuesday,Evening,97201.9,26,0.748,Home
1,Ca,North America,Automotive,original,15,36624,2703,332,seasonal,Music,Friday,Morning,90345.1,25,0.593,ForYou
1,Ca,North America,Sports,original,35,19359,929,77,seasonal,Food,Friday,Evening,120089.6,23,0.717,ForYou
1,Us,North America,Science,licensed,20,46750,1848,198,rising,Gaming,Monday,Evening,107322.2,25,0.705,External
1,Ca,North America,Beauty,trending,16,21122,1832,134,declining,Comedy,Friday,Evening,103279.3,25,0.575,ForYou
1,Ca,North America,Pets,original,33,67296,3059,410,rising,Food,Tuesday,Night,87560.6,25,0.624,Following
1,Ca,North America,Education,trending,17,77230,4488,548,rising,Dance,Friday,Morning,106362.4,25,0.771,ForYou
1,Mx,North America,Food,trending,16,130122,5854,677,declining,Sports,Friday,Afternoon,85903.6,22,0.688,ForYou
1,Us,North America,Fitness,original,11,74752,5658,590,rising,Dance,Friday,Afternoon,74310.1,22,0.518,ForYou
1,Ca,North America,Fitness,trending,30,179748,13898,1641,seasonal,Comedy,Wednesday,Afternoon,83485.9,11,0.743,External
1,Mx,North America,Fashion,original,17,50573,4448,630,stable,Gaming,Monday,Evening,98122.4,27,0.812,ForYou
1,Us,North America,Automotive,original,31,106933,11373,1446,stable,Dance,Tuesday,Afternoon,140206,22,0.584,ForYou
1,Mx,North America,Comedy,trending,28,106577,8648,896,declining,Sports,Tuesday,Evening,95967.2,28,0.607,ForYou
2,Us,North America,News,licensed,50,45980,1084,129,declining,Comedy,Sunday,Night,98301.3,11,0.678,Home
2,Us,North America,Sports,trending,35,31230,1233,199,declining,Beauty,Saturday,Evening,82413.7,28,0.511,External
2,Us,North America,Tech,trending,62,132476,5672,511,seasonal,Fashion,Sunday,Evening,103134.2,20,0.637,Suggested
2,Mx,North America,Sports,original,17,205499,5502,772,declining,Food,Thursday,Evening,85260.3,23,0.641,Home
2,Us,North America,Fitness,licensed,13,77021,3572,454,seasonal,Tech,Friday,Night,108139.9,26,0.638,Home
2,Ca,North America,Pets,licensed,24,56666,3098,408,rising,Tech,Friday,Evening,115353,24,0.604,External
2,Ca,North America,Art,original,21,56649,2663,327,stable,Fashion,Wednesday,Morning,101777.7,19,0.543,Home
2,Us,North America,Finance,licensed,40,44396,1988,230,declining,Pets,Monday,Evening,97568.1,24,0.518,Suggested
2,Mx,North America,Fashion,trending,41,26742,1666,239,stable,Education,Thursday,Evening,93519.5,25,0.602,Suggested
2,Ca,North America,Travel,original,35,94282,3927,292,declining,Lifestyle,Sunday,Night,81001,22,0.489,Search
2,Mx,North America,Pets,original,54,46356,2933,302,declining,Dance,Monday,Evening,115920.9,15,0.652,Search
2,Ca,North America,Tech,licensed,22,204116,9823,710,seasonal,Beauty,Friday,Night,109086.8,25,0.491,Search
1,Us,North America,Gaming,trending,29,16056,1216,152,stable,Tech,Wednesday,Evening,86157.4,29,0.617,ForYou
1,Ca,North America,Science,original,30,28921,2865,343,stable,Fashion,Sunday,Evening,79597.8,20,0.803,ForYou
1,Ca,North America,Beauty,original,22,83130,10077,1116,rising,Education,Saturday,Evening,63890.7,16,0.682,ForYou
1,Us,North America,Education,original,18,133646,17641,2172,rising,Sports,Sunday,Night,120866.4,24,0.75,ForYou
1,Us,North America,Art,trending,38,27664,1671,270,stable,Pets,Saturday,Morning,81897,17,0.558,Search
1,Ca,North America,Fitness,licensed,33,33719,3003,213,rising,Music,Tuesday,Evening,83525.5,28,0.718,ForYou
1,Us,North America,Fashion,licensed,16,11191,852,135,declining,Sports,Sunday,Evening,130631.3,24,0.556,ForYou
1,Mx,North America,Automotive,licensed,47,64044,5382,379,stable,Lifestyle,Wednesday,Evening,84206,24,0.828,ForYou
2,Us,North America,News,trending,45,18992,552,46,rising,Beauty,Monday,Morning,100632.8,21,0.633,External
2,Ca,North America,Beauty,trending,39,39281,1961,232,stable,Comedy,Sunday,Afternoon,106103.9,20,0.628,Suggested
2,Mx,North America,Music,licensed,27,28535,1152,119,declining,Beauty,Friday,Evening,83077.8,23,0.73,External
2,Us,North America,Food,trending,33,6822,270,41,rising,Lifestyle,Saturday,Evening,107610.4,22,0.582,Home
2,Ca,North America,Gaming,trending,19,120554,3190,474,declining,Dance,Friday,Evening,118319.2,20,0.579,Suggested
2,Mx,North America,Fitness,trending,47,75760,5052,535,rising,Sports,Tuesday,Evening,91380.1,26,0.432,Search
1,Mx,North America,Automotive,trending,62,215008,8635,980,stable,Comedy,Monday,Morning,87560.6,14,0.848,Following
1,Mx,North America,Gaming,trending,34,110462,10422,936,stable,Dance,Monday,Evening,76801.3,25,0.647,ForYou
1,Us,North America,Food,licensed,23,36904,2152,224,seasonal,Dance,Tuesday,Night,103274.6,22,0.591,ForYou
1,Us,North America,Science,licensed,34,1171622,79063,7580,rising,Comedy,Thursday,Afternoon,93827.6,29,0.703,Search
1,Us,North America,Automotive,trending,75,41774,4484,359,declining,Gaming,Monday,Afternoon,98781.3,28,0.737,ForYou
1,Mx,North America,Science,original,20,48280,2570,207,rising,Dance,Sunday,Night,95029.2,20,0.815,ForYou
1,Us,North America,Finance,trending,19,46740,3214,214,declining,Gaming,Saturday,Evening,87342.1,27,0.589,ForYou
1,Us,North America,Fashion,original,33,89342,6011,664,stable,Dance,Saturday,Evening,93745.1,22,0.555,Following
1,Us,North America,Travel,licensed,41,92144,3840,331,stable,Dance,Wednesday,Morning,139280.8,22,0.556,ForYou
1,Us,North America,Automotive,original,26,43333,2233,178,seasonal,Beauty,Friday,Evening,103134.2,20,0.612,ForYou
1,Us,North America,Science,licensed,36,20190,1343,196,rising,Travel,Tuesday,Evening,85369.3,20,0.833,ForYou
1,Ca,North America,Food,licensed,26,116164,5574,813,seasonal,Education,Wednesday,Afternoon,74817.7,16,0.531,ForYou
1,Ca,North America,Beauty,original,27,62213,4354,329,stable,Tech,Friday,Morning,78146.6,24,0.57,ForYou
1,Us,North America,Finance,trending,18,5112,305,32,stable,Travel,Monday,Night,91145.8,23,0.611,ForYou
1,Mx,North America,Comedy,original,22,210991,13304,1540,declining,Dance,Saturday,Afternoon,89534.9,17,0.814,ForYou
1,Mx,North America,Finance,original,28,18836,1118,113,declining,Education,Friday,Evening,96398.5,18,0.836,ForYou
2,Mx,North America,Gaming,original,59,94093,3801,337,declining,Gaming,Monday,Night,92277.3,28,0.546,Suggested
2,Ca,North America,DIY,licensed,22,20719,744,111,stable,Sports,Friday,Evening,111410.3,26,0.432,Home
2,Ca,North America,Comedy,original,32,81162,3778,362,seasonal,Sports,Monday,Evening,67655.6,28,0.562,Search
2,Us,North America,Fitness,original,28,166790,7046,733,seasonal,Music,Friday,Afternoon,98586,21,0.457,Suggested
2,Mx,North America,Pets,trending,79,11918,246,33,declining,Gaming,Friday,Morning,68784.4,28,0.525,External
2,Us,North America,Finance,trending,17,35755,999,90,rising,Comedy,Sunday,Morning,110188.3,21,0.665,Search
2,Mx,North America,Tech,licensed,25,66488,2329,174,stable,Music,Saturday,Afternoon,112406,26,0.588,Suggested
2,Us,North America,Automotive,trending,20,20803,691,66,declining,Comedy,Thursday,Afternoon,121486.6,11,0.56,Suggested
2,Us,North America,Fashion,trending,31,17983,631,66,stable,Comedy,Saturday,Evening,139280.8,21,0.606,Suggested
1,Ca,North America,DIY,trending,14,31731,2621,447,stable,Pets,Monday,Evening,93663.5,20,0.6,External
1,Ca,North America,Food,licensed,21,48866,3111,325,seasonal,Dance,Monday,Morning,169079.9,20,0.81,ForYou
1,Mx,North America,Gaming,trending,32,183564,13522,1332,seasonal,Fashion,Sunday,Evening,84501.2,22,0.512,ForYou
1,Mx,North America,Tech,original,24,133459,5851,757,stable,Lifestyle,Thursday,Night,82901.5,22,0.629,ForYou
1,Ca,North America,Science,trending,20,768635,44644,6645,stable,Comedy,Saturday,Evening,106173.2,23,0.515,External
1,Ca,North America,Sports,original,28,97050,4789,510,rising,Travel,Saturday,Morning,103877.5,26,0.836,ForYou
1,Mx,North America,Automotive,licensed,12,16091,2092,175,declining,Pets,Thursday,Afternoon,80018.9,24,0.842,ForYou
1,Mx,North America,Tech,trending,26,312840,20361,3034,seasonal,Fashion,Saturday,Evening,136562.4,20,0.815,ForYou
1,Mx,North America,Sports,licensed,15,25316,1382,145,stable,Pets,Sunday,Afternoon,106295.8,22,0.613,ForYou
2,Mx,North America,Beauty,licensed,44,133121,3255,235,stable,Tech,Sunday,Evening,98122.4,26,0.636,Suggested
2,Ca,North America,Comedy,trending,25,21658,490,44,stable,Food,Monday,Evening,106096.4,16,0.52,Suggested
2,Us,North America,Automotive,licensed,36,87871,3150,431,rising,Food,Friday,Evening,149855.5,22,0.647,Search
2,Us,North America,Education,trending,72,92938,4368,612,declining,Music,Thursday,Evening,105650.7,21,0.714,Search
2,Us,North America,Travel,original,25,22453,511,72,seasonal,Music,Friday,Morning,116096.1,15,0.648,Home
2,Us,North America,Sports,licensed,30,61303,3123,411,seasonal,Sports,Friday,Evening,96426.1,22,0.54,Search
2,Mx,North America,Food,licensed,23,56316,3129,315,declining,Gaming,Monday,Evening,92280.2,26,0.509,Search
2,Mx,North America,Fashion,licensed,38,18700,364,46,stable,Education,Saturday,Night,115000.4,23,0.421,Search
2,Us,North America,Food,original,51,23268,1094,132,seasonal,Fashion,Saturday,Evening,70602,19,0.704,Home
2,Us,North America,News,licensed,39,42593,1793,255,declining,Beauty,Tuesday,Evening,66324.2,22,0.531,Home
2,Ca,North America,Comedy,original,29,17704,524,45,declining,Dance,Friday,Afternoon,90840.6,15,0.528,Suggested
1,Us,North America,Comedy,original,60,176752,12225,1194,stable,Sports,Friday,Afternoon,96325,22,0.655,Search
1,Us,North America,Finance,original,29,9374,428,49,seasonal,Travel,Friday,Evening,81411.1,20,0.797,ForYou
1,Ca,North America,Tech,trending,15,52612,4496,360,declining,Music,Friday,Afternoon,91634.1,28,0.54,ForYou
1,Mx,North America,Tech,original,40,78883,9540,989,seasonal,Fashion,Friday,Morning,86206.8,21,0.838,ForYou
1,Ca,North America,Fitness,licensed,22,101840,3776,441,rising,Tech,Thursday,Evening,90369.7,26,0.645,Search
1,Ca,North America,Gaming,trending,57,63252,7180,586,seasonal,Dance,Tuesday,Evening,85893.3,17,0.775,ForYou
1,Mx,North America,Art,licensed,15,28510,2027,190,stable,Lifestyle,Friday,Evening,99317.4,22,0.847,ForYou
1,Mx,North America,Beauty,licensed,11,382251,37835,2996,rising,Lifestyle,Monday,Afternoon,103117.8,27,0.8,Following
1,Mx,North America,News,licensed,24,37606,1978,136,stable,Fashion,Friday,Afternoon,81381.2,22,0.792,Search
1,Us,North America,Gaming,trending,21,8229,456,39,seasonal,Pets,Friday,Afternoon,85683.8,26,0.648,Following
1,Us,North America,Food,original,15,43727,2552,327,declining,Gaming,Friday,Afternoon,120866.4,30,0.593,Following
2,Mx,North America,Art,original,31,16683,853,89,seasonal,Gaming,Saturday,Afternoon,113307.8,23,0.561,Home
2,Us,North America,Fitness,licensed,19,42413,1138,126,rising,Dance,Friday,Evening,103233.1,22,0.721,Home
2,Mx,North America,Pets,licensed,43,826962,23866,2355,declining,Fashion,Tuesday,Evening,92393.3,20,0.56,Suggested
2,Mx,North America,Food,licensed,36,149262,4063,400,seasonal,Tech,Sunday,Evening,83525.5,27,0.669,Suggested
2,Us,North America,Fitness,licensed,30,308569,15922,2042,seasonal,Beauty,Wednesday,Evening,95540.6,28,0.713,Home
2,Mx,North America,Automotive,trending,54,39453,1880,201,stable,Pets,Monday,Evening,89074.1,24,0.463,Home
2,Us,North America,Food,original,36,125301,3974,294,rising,Lifestyle,Friday,Evening,138823,25,0.592,Suggested
2,Us,North America,Fashion,licensed,28,41130,886,115,rising,Travel,Friday,Morning,101377.8,24,0.482,Search
2,Mx,North America,Beauty,trending,43,29138,796,92,rising,Dance,Friday,Evening,68744.1,20,0.507,Home
2,Mx,North America,Fitness,trending,29,24614,1184,170,seasonal,Fashion,Friday,Evening,100266.4,21,0.579,Search
1,Us,North America,Fitness,licensed,19,150036,6423,988,seasonal,Food,Sunday,Evening,83156.5,24,0.726,ForYou
1,Ca,North America,Lifestyle,trending,11,4979,475,36,stable,Dance,Wednesday,Evening,104158.3,22,0.736,ForYou
1,Us,North America,Education,licensed,29,216475,14995,1450,stable,Fashion,Tuesday,Evening,100230.7,20,0.797,ForYou
1,Us,North America,Pets,licensed,31,13247,734,65,stable,DIY,Friday,Night,141830.1,17,0.81,Following
1,Us,North America,Travel,licensed,46,85051,5284,524,stable,Lifestyle,Sunday,Night,90216.6,27,0.759,ForYou
1,Mx,North America,Finance,original,36,75337,4707,488,declining,Education,Thursday,Morning,92630.9,16,0.506,ForYou
1,Us,North America,News,trending,23,73909,3270,368,seasonal,Travel,Tuesday,Afternoon,96208.1,20,0.622,Search
1,Ca,North America,Food,trending,15,146849,8238,1256,rising,Travel,Friday,Morning,132493.2,23,0.627,ForYou
1,Us,North America,Travel,trending,37,480306,39695,3149,seasonal,Fashion,Monday,Morning,93727.3,22,0.751,Search
2,Us,North America,DIY,trending,39,113667,6652,822,declining,Lifestyle,Friday,Evening,94031.5,19,0.467,Home
2,Us,North America,Automotive,trending,29,55876,1755,247,declining,Lifestyle,Tuesday,Evening,83079,24,0.448,Suggested
2,Mx,North America,Travel,original,37,59051,3530,269,rising,Food,Saturday,Morning,105769.8,22,0.638,Suggested
2,Us,North America,Pets,trending,26,117527,3283,316,rising,Sports,Thursday,Evening,169079.9,22,0.538,Home
2,Mx,North America,Art,original,63,33515,1658,139,rising,Dance,Monday,Afternoon,103279.3,20,0.56,Home
2,Ca,North America,Music,trending,47,62718,1518,207,seasonal,Comedy,Friday,Night,76368,11,0.66,Search
1,Ca,North America,Automotive,trending,25,37884,1791,143,rising,Education,Friday,Morning,130373.9,28,0.752,Following
1,Ca,North America,Food,licensed,25,32561,1934,200,stable,Dance,Sunday,Morning,102133.2,17,0.52,ForYou
1,Us,North America,Music,original,24,35592,2202,204,seasonal,Comedy,Sunday,Evening,101657.1,23,0.504,ForYou
1,Mx,North America,Science,trending,21,370207,24693,3750,seasonal,Fashion,Tuesday,Evening,105616,21,0.848,Search
1,Mx,North America,Food,original,34,13412,627,66,rising,Travel,Sunday,Night,84206,23,0.647,Following
1,Ca,North America,Fashion,licensed,37,115218,6947,913,declining,Comedy,Sunday,Night,80481.8,13,0.589,Following
1,Ca,North America,Art,original,56,72505,4355,461,seasonal,Pets,Tuesday,Evening,128635.5,20,0.791,ForYou
1,Mx,North America,Pets,licensed,24,275042,16537,2018,stable,Education,Friday,Evening,78225,16,0.529,Following
1,Mx,North America,Fitness,original,36,37876,1662,152,stable,Pets,Friday,Evening,93238.5,17,0.681,Following
1,Mx,North America,Sports,original,24,96494,9476,885,rising,Lifestyle,Friday,Afternoon,92280.2,24,0.671,Search
1,Ca,North America,News,trending,20,15320,1284,137,rising,Beauty,Friday,Evening,96398.5,22,0.545,Search
1,Ca,North America,Science,original,34,60695,4820,436,seasonal,Food,Thursday,Night,78592,14,0.712,ForYou
1,Us,North America,Sports,original,65,12288,575,81,seasonal,Fashion,Friday,Evening,94740.9,20,0.609,ForYou
1,Us,North America,Fashion,trending,47,16304,1471,198,stable,Comedy,Monday,Evening,108022.1,20,0.804,ForYou
1,Us,North America,Gaming,original,33,12304,676,82,stable,Gaming,Monday,Night,84461,29,0.624,ForYou
1,Mx,North America,DIY,trending,47,12227,327,44,seasonal,Sports,Friday,Evening,80018.9,26,0.826,ForYou
1,Us,North America,Beauty,licensed,41,21337,1292,165,declining,Education,Monday,Evening,99200.2,24,0.693,ForYou
1,Us,North America,Beauty,licensed,39,32954,3333,507,rising,Music,Sunday,Afternoon,101280.2,21,0.846,External
1,Mx,North America,Beauty,original,34,274288,20570,2992,declining,Beauty,Tuesday,Afternoon,82901.5,27,0.744,ForYou
2,Mx,North America,Music,original,33,245502,5083,713,declining,Dance,Thursday,Afternoon,85893.3,25,0.436,Suggested
2,Ca,North America,Comedy,trending,62,188775,5599,649,declining,Music,Friday,Evening,101916.4,24,0.439,Home
2,Us,North America,Comedy,original,33,88995,2972,466,declining,Beauty,Saturday,Morning,107227.4,24,0.403,Suggested
2,Ca,North America,Tech,licensed,39,8848,345,55,stable,Beauty,Wednesday,Afternoon,106295.8,25,0.649,Search
2,Mx,North America,Travel,original,17,111894,3342,421,declining,Food,Thursday,Afternoon,77064.7,15,0.747,Home
2,Ca,North America,Pets,trending,63,58942,3252,303,stable,Sports,Sunday,Evening,123474.6,26,0.746,Search
2,Mx,North America,Finance,licensed,21,103631,2258,208,declining,Food,Sunday,Evening,98396.5,23,0.486,Suggested
2,Us,North America,Comedy,licensed,50,76077,2018,124,seasonal,Fashion,Friday,Afternoon,83156.5,19,0.484,Suggested
2,Ca,North America,Education,licensed,14,80257,3674,529,stable,Travel,Monday,Evening,89719.5,17,0.521,Search
2,Ca,North America,News,trending,45,106331,2352,234,stable,Food,Sunday,Afternoon,114135.1,18,0.524,Suggested
1,Us,North America,Fashion,licensed,24,41658,1884,179,stable,Sports,Sunday,Evening,107717.7,26,0.796,Search
1,Us,North America,Sports,licensed,15,166522,7089,979,rising,Education,Friday,Afternoon,107717.7,27,0.82,External
1,Ca,North America,Food,original,25,108294,7712,925,stable,Fashion,Friday,Evening,92976.5,22,0.508,ForYou
1,Us,North America,Food,licensed,20,41710,4087,592,declining,Gaming,Friday,Evening,115022.7,29,0.81,External
1,Us,North America,Fashion,original,31,21914,1772,160,seasonal,Education,Friday,Evening,91102.6,27,0.842,Following
1,Ca,North America,Comedy,trending,32,26640,3286,343,declining,Dance,Friday,Night,71447.6,22,0.512,ForYou
1,Us,North America,DIY,licensed,23,86959,6126,591,declining,Education,Friday,Evening,98910.3,18,0.848,ForYou
1,Us,North America,Fashion,licensed,27,30698,2641,325,seasonal,Food,Friday,Afternoon,93389,20,0.556,ForYou
1,Ca,North America,Lifestyle,trending,28,28267,1917,181,rising,Tech,Saturday,Evening,72726.1,29,0.514,Search
1,Mx,North America,Fashion,original,20,251805,12335,1034,declining,Music,Sunday,Morning,132796.4,24,0.67,ForYou
1,Ca,North America,Food,licensed,18,222473,24243,4064,rising,Travel,Saturday,Evening,107743.7,23,0.6,Following
1,Us,North America,Travel,trending,49,31583,2523,189,declining,Sports,Saturday,Afternoon,96533.9,22,0.569,ForYou
1,Mx,North America,Beauty,original,22,30483,1618,231,stable,Gaming,Wednesday,Night,107227.4,30,0.505,ForYou
1,Ca,North America,Food,original,15,181545,12794,1428,stable,Dance,Saturday,Morning,106173.2,22,0.607,ForYou
1,Mx,North America,Lifestyle,original,8,38237,2256,216,rising,Music,Wednesday,Evening,83527.1,17,0.588,ForYou
1,Mx,North America,Comedy,original,34,19908,1538,110,stable,Food,Saturday,Evening,96533.9,14,0.515,Following
1,Ca,North America,DIY,trending,46,98582,3920,292,seasonal,Gaming,Thursday,Afternoon,83156.5,27,0.567,External
2,Mx,North America,Finance,original,90,125334,6655,904,rising,Fashion,Sunday,Afternoon,101916.4,20,0.45,Home
2,Ca,North America,Sports,trending,31,60889,2495,240,seasonal,Travel,Friday,Evening,98366.2,21,0.458,Suggested
2,Mx,North America,Beauty,trending,26,49050,3183,329,stable,Education,Tuesday,Evening,96398.5,29,0.7,Home
2,Ca,North America,Tech,original,50,71095,3770,469,stable,Sports,Friday,Evening,92871.7,26,0.664,Suggested
2,Mx,North America,DIY,original,38,153073,5171,654,seasonal,Sports,Saturday,Evening,84304,22,0.453,Suggested
2,Mx,North America,Tech,trending,21,116240,3044,319,seasonal,Food,Tuesday,Afternoon,118319.2,16,0.719,External
2,Mx,North America,Food,original,33,72087,2047,292,stable,Fashion,Sunday,Morning,109141.8,20,0.618,Suggested
2,Ca,North America,Travel,licensed,24,27909,1756,272,rising,Sports,Friday,Night,105870.4,28,0.737,Home
2,Mx,North America,Travel,licensed,39,123189,5840,715,declining,Tech,Friday,Morning,68775.5,29,0.551,Home
1,Mx,North America,Pets,original,27,126842,5936,744,stable,Dance,Friday,Evening,95525.4,22,0.656,External
1,Us,North America,News,licensed,44,58865,3270,262,rising,Travel,Saturday,Evening,94693.5,27,0.716,Following
1,Us,North America,Fitness,licensed,18,34933,1285,132,rising,Gaming,Saturday,Evening,101576.1,27,0.572,Search
1,Us,North America,Finance,licensed,30,28784,1755,164,seasonal,Tech,Friday,Night,104341.6,26,0.68,ForYou
1,Ca,North America,Pets,original,12,40221,2037,286,rising,Beauty,Sunday,Evening,84030.9,27,0.567,Following
1,Us,North America,Beauty,trending,33,10142,936,116,declining,Fashion,Sunday,Evening,82588.7,22,0.655,ForYou
1,Mx,North America,Food,licensed,33,155469,10051,634,declining,Pets,Saturday,Afternoon,101377.8,19,0.509,ForYou
1,Ca,North America,Gaming,trending,52,95738,4851,395,seasonal,Beauty,Friday,Evening,106096.4,24,0.677,ForYou
1,Ca,North America,Science,trending,29,758463,39770,3586,stable,Gaming,Friday,Evening,110084.9,29,0.686,ForYou
1,Mx,North America,Education,original,40,124599,6176,512,stable,Lifestyle,Monday,Evening,87413.2,21,0.745,Search
1,Mx,North America,DIY,trending,16,4205,436,64,seasonal,Pets,Friday,Evening,108537.2,26,0.738,ForYou
1,Us,North America,Fashion,trending,65,268792,21853,2991,rising,Travel,Tuesday,Afternoon,96398.5,27,0.6,ForYou
1,Ca,North America,Food,trending,21,826147,52225,5116,declining,Education,Friday,Afternoon,114801.6,29,0.581,Following
1,Mx,North America,Art,licensed,49,70141,6971,936,stable,Food,Friday,Afternoon,79760.5,27,0.771,ForYou
1,Us,North America,Gaming,original,22,311972,13020,1941,seasonal,Dance,Friday,Afternoon,115103.2,23,0.614,ForYou
1,Us,North America,DIY,trending,33,23202,2527,244,seasonal,Travel,Thursday,Morning,94144.9,20,0.667,ForYou
2,Mx,North America,Travel,licensed,41,144265,4461,585,seasonal,Dance,Monday,Morning,118638.2,17,0.434,Home
2,Mx,North America,Education,original,32,19065,973,107,rising,Travel,Sunday,Evening,84080.5,19,0.572,Suggested
2,Mx,North America,Food,licensed,33,7043,454,50,rising,Gaming,Friday,Morning,81001,29,0.461,Home
2,Ca,North America,Finance,trending,45,50235,1608,175,seasonal,Education,Wednesday,Evening,85804.6,30,0.747,Suggested
2,Us,North America,Fashion,original,90,3240,77,6,stable,Fashion,Wednesday,Afternoon,150203.4,16,0.477,Home
2,Ca,North America,Sports,licensed,39,44525,1904,241,rising,Pets,Tuesday,Evening,92388.3,20,0.677,Search
2,Us,North America,Travel,trending,53,79372,2828,229,stable,Lifestyle,Thursday,Evening,96533.9,22,0.406,Suggested
2,Ca,North America,Finance,trending,52,258546,10660,1160,seasonal,Food,Tuesday,Night,103650.5,20,0.733,Home
2,Mx,North America,Sports,trending,67,65060,2559,341,declining,Sports,Tuesday,Afternoon,81314.2,22,0.484,Search
1,Us,North America,Fashion,original,32,44218,3246,340,seasonal,Fashion,Friday,Morning,101492.8,16,0.519,Following
1,Ca,North America,Science,original,46,26101,1753,135,declining,Fashion,Friday,Evening,87019,21,0.591,Search
1,Mx,North America,News,trending,23,45091,3804,350,stable,Sports,Sunday,Evening,112761.3,22,0.67,Following
1,Mx,North America,Education,licensed,35,550451,37809,3954,declining,Beauty,Tuesday,Evening,95029.2,22,0.543,Following
1,Us,North America,Education,original,18,18364,1592,208,stable,Lifestyle,Sunday,Afternoon,108022.1,26,0.744,ForYou
1,Ca,North America,Gaming,original,47,138368,10160,711,stable,Lifestyle,Friday,Morning,96533.9,21,0.662,ForYou
1,Ca,North America,Fitness,trending,21,82976,5115,505,seasonal,Comedy,Wednesday,Evening,98301.3,11,0.5,ForYou
1,Mx,North America,News,licensed,24,85931,4060,302,seasonal,Education,Friday,Evening,87342.1,18,0.625,Search
1,Ca,North America,Art,licensed,33,34263,2912,329,rising,Tech,Friday,Afternoon,89534.9,31,0.509,ForYou
1,Mx,North America,Comedy,trending,29,17009,1342,118,rising,Lifestyle,Monday,Evening,104730.1,26,0.631,ForYou
2,Mx,North America,Gaming,licensed,68,178253,6212,667,seasonal,Tech,Thursday,Night,90837.3,29,0.604,External
2,Us,North America,Lifestyle,licensed,52,18469,806,117,rising,Pets,Wednesday,Morning,88998.8,20,0.698,Suggested
2,Ca,North America,News,licensed,28,99244,3709,382,seasonal,Beauty,Friday,Evening,84080.5,20,0.461,Search
2,Ca,North America,Travel,trending,63,396548,16186,1763,declining,Sports,Tuesday,Evening,87996.6,26,0.514,Suggested
2,Mx,North America,Science,original,47,170771,7973,920,declining,Pets,Thursday,Afternoon,90695,20,0.683,Suggested
1,Ca,North America,Fashion,original,28,393025,27072,1909,declining,Sports,Friday,Evening,91699.8,24,0.718,Search
1,Us,North America,Fashion,licensed,31,61475,3513,525,stable,Tech,Friday,Afternoon,116192.9,26,0.719,Following
1,Us,North America,DIY,trending,24,198910,15877,1261,declining,Fashion,Thursday,Morning,92280.2,21,0.658,External
1,Mx,North America,Music,trending,36,15664,1447,158,rising,Tech,Saturday,Evening,118476.8,25,0.828,Search
1,Mx,North America,DIY,original,51,39815,3031,322,seasonal,Fashion,Sunday,Night,99200.2,19,0.704,External
1,Us,North America,Automotive,original,23,29653,2011,240,seasonal,Education,Friday,Night,91694.7,29,0.596,ForYou
1,Us,North America,Fitness,original,50,89420,6814,712,declining,Sports,Friday,Afternoon,111539.1,28,0.822,External
1,Ca,North America,Beauty,licensed,48,587728,32092,2856,seasonal,Music,Friday,Evening,121071.3,26,0.838,ForYou
1,Us,North America,Finance,original,16,25835,1173,159,declining,Dance,Thursday,Afternoon,88068.7,17,0.825,External
1,Ca,North America,Fashion,original,52,36172,1410,178,declining,Dance,Friday,Night,103607.3,25,0.719,External
2,Ca,North America,Science,licensed,27,27534,1233,110,rising,Fashion,Tuesday,Afternoon,108833.3,19,0.415,Suggested
2,Us,North America,Fitness,licensed,37,21795,394,28,rising,Pets,Monday,Morning,77522.5,20,0.541,External
2,Us,North America,Beauty,original,53,165384,11387,1389,rising,Beauty,Tuesday,Morning,88981.6,24,0.702,External
2,Us,North America,Art,licensed,22,32185,1386,165,stable,Tech,Friday,Night,100266.4,31,0.532,Suggested
2,Mx,North America,Education,licensed,49,48550,1511,207,declining,Sports,Friday,Night,101083,22,0.724,Home
2,Ca,North America,Art,original,76,42409,908,64,declining,Music,Sunday,Evening,87499.9,21,0.655,Suggested
2,Mx,North America,Art,original,11,67970,1999,166,rising,Music,Friday,Night,83358.1,26,0.445,Home
1,Us,North America,Pets,trending,23,70848,4845,652,declining,Travel,Friday,Evening,104933.1,20,0.539,ForYou
1,Us,North America,Science,trending,56,63104,4308,368,rising,Lifestyle,Tuesday,Morning,96474.3,21,0.83,Search
1,Ca,North America,Music,original,30,225159,17101,1975,rising,Music,Saturday,Afternoon,154865.6,23,0.753,Search
1,Mx,North America,Lifestyle,licensed,46,46160,2894,236,rising,Fashion,Tuesday,Evening,86206.8,20,0.557,ForYou
1,Us,North America,DIY,licensed,24,113531,9190,1188,stable,Comedy,Thursday,Evening,103308.4,28,0.504,External
1,Us,North America,Lifestyle,licensed,25,216765,17182,2374,declining,Dance,Thursday,Evening,93427.1,22,0.784,External
1,Ca,North America,Education,original,36,140916,13443,1130,declining,Comedy,Friday,Evening,87740.9,11,0.797,External
1,Us,North America,Fashion,licensed,21,19488,1419,132,rising,Dance,Tuesday,Evening,108022.1,25,0.629,Following
1,Ca,North America,Education,trending,18,241446,23102,2222,seasonal,Tech,Sunday,Evening,83079,31,0.728,ForYou
1,Mx,North America,Tech,licensed,40,12372,892,66,stable,Sports,Friday,Evening,98045.2,26,0.64,Following
1,Ca,North America,Gaming,trending,47,59635,4053,595,rising,Sports,Friday,Morning,87549.4,24,0.845,Search
1,Ca,North America,Music,trending,39,77471,4181,618,stable,Beauty,Friday,Evening,132431.6,22,0.633,External
1,Us,North America,Science,original,30,28383,1461,175,declining,Music,Tuesday,Morning,99253.8,23,0.773,ForYou
2,Mx,North America,Music,trending,29,6903,228,37,declining,Fashion,Tuesday,Morning,95540.6,21,0.603,Search
2,Us,North America,Music,original,28,60945,2222,311,rising,Comedy,Friday,Evening,96474.3,17,0.664,Home
2,Ca,North America,Gaming,trending,44,76022,2970,294,stable,Gaming,Friday,Afternoon,100207.3,27,0.648,Suggested
2,Ca,North America,Finance,original,36,554177,12734,1979,rising,Fashion,Tuesday,Evening,117342.2,21,0.483,Suggested
2,Us,North America,Science,licensed,25,180189,4008,565,seasonal,Travel,Tuesday,Night,92877.7,26,0.444,Suggested
2,Us,North America,Sports,original,25,50859,2838,229,declining,Sports,Friday,Afternoon,99230,26,0.5,Search
2,Us,North America,Fitness,trending,38,927411,46274,7803,rising,Education,Friday,Night,99893.3,16,0.616,Suggested
2,Ca,North America,Music,original,33,54931,2023,223,rising,Sports,Friday,Morning,114247.5,22,0.718,Home
1,Ca,North America,Fashion,trending,31,150420,14696,1584,stable,Travel,Wednesday,Evening,90412.1,17,0.777,External
1,Us,North America,Automotive,trending,30,84824,5081,821,rising,Comedy,Monday,Afternoon,98709.4,22,0.723,ForYou
1,Mx,North America,Travel,licensed,7,84465,6574,406,declining,Travel,Friday,Evening,79597.8,20,0.757,ForYou
1,Us,North America,Science,trending,45,77547,3746,270,declining,Comedy,Friday,Night,92656.5,28,0.631,External
1,Mx,North America,Education,trending,28,289858,30319,2469,stable,Music,Monday,Evening,85253.7,23,0.525,ForYou
1,Mx,North America,Lifestyle,licensed,29,379764,22124,2940,declining,Tech,Tuesday,Morning,94123.3,24,0.741,ForYou
1,Mx,North America,Comedy,trending,43,17147,1725,165,rising,Food,Wednesday,Night,115427,24,0.616,ForYou
1,Mx,North America,Lifestyle,trending,55,16475,837,129,rising,Education,Saturday,Afternoon,96426.1,22,0.829,Search
1,Ca,North America,Lifestyle,trending,23,235207,10876,866,rising,Comedy,Sunday,Morning,131156,25,0.622,Search
1,Ca,North America,Beauty,original,44,189584,8064,1164,stable,Travel,Saturday,Evening,95967.2,23,0.673,ForYou
1,Us,North America,DIY,licensed,30,45475,2114,162,stable,Gaming,Saturday,Evening,116192.9,28,0.6,Search
1,Ca,North America,Comedy,trending,24,363192,20928,1657,declining,Travel,Wednesday,Afternoon,132974.8,29,0.579,Following
1,Us,North America,Tech,trending,28,139271,7290,721,stable,Tech,Sunday,Evening,89927.8,26,0.779,ForYou
1,Us,North America,Food,licensed,68,113807,5125,590,declining,Fashion,Thursday,Afternoon,96618.9,18,0.826,Following
1,Ca,North America,Pets,original,32,326015,18851,2314,rising,DIY,Friday,Evening,114247.5,19,0.722,ForYou
1,Us,North America,Education,trending,25,292639,12321,1925,seasonal,Tech,Friday,Afternoon,93238.5,31,0.756,Following
1,Ca,North America,Gaming,trending,31,97835,5949,438,declining,Pets,Saturday,Evening,92542.5,19,0.723,Following
2,Us,North America,Art,original,31,243190,11252,1572,declining,Pets,Friday,Night,105650.7,24,0.481,Home
2,Ca,North America,Fitness,licensed,11,226381,7772,566,seasonal,Sports,Friday,Evening,87560.6,26,0.664,Suggested
2,Ca,North America,Music,trending,43,17360,565,57,declining,Pets,Friday,Evening,130631.3,20,0.693,Suggested
2,Us,North America,Comedy,trending,75,587556,40423,5839,declining,Beauty,Saturday,Evening,108022.1,22,0.533,External
2,Mx,North America,News,licensed,31,59737,2178,208,declining,Travel,Friday,Afternoon,110281.5,20,0.419,Home
2,Ca,North America,Music,licensed,39,14388,873,57,declining,Pets,Saturday,Evening,76368,20,0.651,External
2,Us,North America,Sports,licensed,41,23402,682,61,seasonal,Sports,Friday,Afternoon,109552,22,0.554,Search
1,Us,North America,Fitness,licensed,26,187497,19240,2273,seasonal,Sports,Wednesday,Night,98586,24,0.727,External
1,Us,North America,Pets,trending,13,67697,3097,359,stable,Travel,Sunday,Evening,109492.6,26,0.777,ForYou
1,Us,North America,Gaming,licensed,20,12711,1280,137,seasonal,Pets,Saturday,Evening,102408.3,19,0.71,ForYou
1,Us,North America,Food,original,29,25635,2100,287,rising,Pets,Friday,Morning,63523.5,22,0.676,ForYou
1,Us,North America,Comedy,licensed,38,21402,1547,157,stable,Sports,Tuesday,Morning,93418,26,0.789,Following
1,Ca,North America,Travel,licensed,24,22675,900,146,seasonal,Music,Saturday,Evening,119864.1,23,0.779,ForYou
1,Ca,North America,Food,original,12,106922,9132,643,declining,Beauty,Saturday,Afternoon,77446,21,0.517,ForYou
1,Us,North America,Beauty,trending,44,105548,11692,1508,rising,Travel,Wednesday,Evening,112535.6,19,0.836,ForYou
1,Us,North America,Sports,trending,36,124418,12773,920,declining,Music,Sunday,Evening,102133.2,26,0.694,ForYou
1,Us,North America,Sports,trending,34,62566,5207,682,declining,Music,Wednesday,Evening,109552,26,0.588,ForYou
1,Us,North America,DIY,licensed,29,122936,6621,823,rising,Tech,Monday,Evening,68775.5,31,0.797,External
1,Us,North America,Sports,licensed,32,170225,10948,751,declining,Comedy,Friday,Evening,103279.3,14,0.534,ForYou
1,Ca,North America,Beauty,original,21,136492,8955,1243,declining,Pets,Monday,Afternoon,120866.4,20,0.681,ForYou
2,Mx,North America,Music,licensed,68,131634,5343,452,rising,Education,Sunday,Evening,97694.6,33,0.678,Suggested
2,Ca,North America,Travel,trending,47,12473,574,70,stable,Lifestyle,Tuesday,Afternoon,85253.7,25,0.451,Suggested
2,Mx,North America,Sports,trending,24,66797,2029,192,declining,Dance,Monday,Evening,92655.5,22,0.567,Home
2,Us,North America,Comedy,licensed,33,116220,3202,505,stable,Comedy,Wednesday,Afternoon,112406,17,0.648,Search
2,Mx,North America,Education,original,69,28011,1082,94,stable,Travel,Friday,Evening,134649.3,20,0.643,Home
2,Ca,North America,Sports,trending,55,62406,2632,298,rising,Pets,Tuesday,Morning,86654.6,17,0.44,Home
1,Ca,North America,Science,original,19,9685,433,34,stable,Lifestyle,Thursday,Morning,96092.1,24,0.6,Following
1,Mx,North America,Tech,original,33,201279,13901,2049,rising,Travel,Tuesday,Evening,93745.1,26,0.648,ForYou
1,Mx,North America,Science,original,31,42148,2057,269,declining,Comedy,Friday,Night,92871.7,13,0.684,Search
1,Ca,North America,Beauty,original,21,496357,38702,3027,rising,Sports,Saturday,Morning,99200.2,26,0.552,Following
1,Ca,North America,Travel,original,31,537924,34199,3976,declining,Lifestyle,Friday,Evening,92914.7,25,0.69,Search
1,Mx,North America,Travel,original,38,44590,4029,315,seasonal,Food,Sunday,Evening,98301.3,27,0.658,External
1,Mx,North America,Tech,trending,19,102204,6697,921,seasonal,Sports,Friday,Afternoon,102520.5,26,0.811,Following
1,Mx,North America,Sports,licensed,12,100982,7110,745,seasonal,Food,Sunday,Evening,101504.2,25,0.717,ForYou
2,Ca,North America,Automotive,original,38,29709,784,65,seasonal,Travel,Friday,Afternoon,96426.1,20,0.639,Search
2,Ca,North America,Lifestyle,licensed,51,57857,2355,178,stable,Comedy,Friday,Evening,108133.7,27,0.418,External
2,Us,North America,Beauty,trending,45,175491,3374,385,seasonal,Pets,Saturday,Evening,81001,24,0.471,Home
2,Ca,North America,Food,trending,36,43695,2538,263,seasonal,Tech,Wednesday,Evening,96609.1,24,0.542,Search
2,Us,North America,Lifestyle,trending,26,38372,1362,177,declining,Tech,Thursday,Afternoon,89974.2,29,0.654,External
2,Ca,North America,Tech,original,53,39190,995,121,seasonal,Dance,Friday,Afternoon,87740.9,17,0.602,Search
2,Mx,North America,Travel,trending,22,15307,453,64,declining,Dance,Saturday,Night,131154.2,22,0.491,Suggested
1,Ca,North America,Finance,trending,38,22513,1569,145,seasonal,Music,Sunday,Afternoon,137590.2,21,0.695,Search
1,Mx,North America,Fitness,original,40,17789,832,74,seasonal,Gaming,Friday,Evening,87996.6,27,0.625,External
1,Ca,North America,Travel,trending,18,26734,1793,152,seasonal,Education,Tuesday,Evening,115521.9,30,0.606,Following
1,Ca,North America,Fitness,licensed,53,59635,3682,597,declining,Comedy,Friday,Afternoon,86157.4,22,0.594,ForYou
1,Mx,North America,Tech,licensed,22,11073,894,104,rising,Travel,Friday,Morning,88833.2,20,0.732,ForYou
1,Ca,North America,Music,original,9,55537,3600,318,declining,Sports,Monday,Evening,95517.7,24,0.811,ForYou
1,Ca,North America,Education,original,16,69349,5587,576,seasonal,Education,Monday,Morning,95967.2,16,0.731,Following
1,Us,North America,Music,licensed,27,25379,2091,305,seasonal,Education,Tuesday,Evening,122780.7,22,0.733,External
2,Ca,North America,Pets,trending,90,13538,367,54,declining,Lifestyle,Sunday,Afternoon,109492.6,19,0.428,Suggested
2,Us,North America,Pets,original,21,74597,3273,199,stable,Sports,Sunday,Evening,94471.2,22,0.662,External
2,Mx,North America,Education,original,34,157034,6829,683,declining,Music,Tuesday,Evening,122780.7,26,0.518,Suggested
2,Ca,North America,Science,trending,35,48395,1679,162,declining,Sports,Friday,Afternoon,78488.3,22,0.409,External
2,Mx,North America,Travel,original,28,650526,13203,1961,rising,Pets,Thursday,Afternoon,132493.2,24,0.45,Search
2,Mx,North America,Tech,licensed,15,12912,327,23,declining,Pets,Monday,Afternoon,101916.4,26,0.493,Suggested
2,Ca,North America,Travel,original,30,57475,3910,481,stable,Travel,Friday,Afternoon,93827.6,23,0.67,Search
2,Us,North America,News,original,35,21761,1309,126,stable,Pets,Sunday,Night,99893.3,20,0.526,Search
2,Ca,North America,Beauty,trending,57,15169,826,111,rising,Food,Friday,Evening,92555.6,16,0.565,Home
2,Ca,North America,Travel,trending,24,40117,2518,179,rising,Tech,Friday,Evening,104158.3,24,0.737,Suggested
2,Ca,North America,Lifestyle,original,90,253638,16307,1324,rising,Music,Monday,Morning,91145.8,21,0.527,Search
2,Ca,North America,Tech,trending,46,208148,7449,665,seasonal,Tech,Friday,Evening,101916.4,23,0.748,Suggested
2,Mx,North America,Fitness,licensed,44,181603,10209,1300,seasonal,Music,Sunday,Evening,110084.9,25,0.641,Suggested
1,Ca,North America,Music,licensed,22,144274,11847,1789,rising,Lifestyle,Sunday,Evening,102133.2,22,0.841,Search
1,Ca,North America,Travel,original,22,63065,7759,1077,stable,Gaming,Wednesday,Night,95297,29,0.577,External
1,Mx,North America,Sports,trending,25,13440,985,85,stable,Sports,Thursday,Evening,70232.9,22,0.692,ForYou
1,Us,North America,Food,original,28,26734,1537,193,seasonal,Fashion,Tuesday,Evening,88270.1,22,0.568,Search
1,Ca,North America,Travel,original,44,1648007,145028,19821,rising,Education,Sunday,Morning,101280.2,29,0.743,ForYou
1,Ca,North America,News,trending,17,61587,2341,277,declining,Pets,Monday,Evening,95540.6,17,0.606,External
1,Us,North America,Music,licensed,33,64656,5896,716,declining,Lifestyle,Sunday,Morning,98396.5,23,0.739,ForYou
1,Ca,North America,Fashion,original,15,120311,4385,526,rising,Education,Friday,Morning,101576.1,25,0.74,ForYou
1,Us,North America,Gaming,original,32,13346,862,122,declining,Lifestyle,Wednesday,Night,93727.3,23,0.55,ForYou
1,Us,North America,Lifestyle,licensed,33,64018,5673,391,seasonal,Sports,Friday,Evening,89074.1,25,0.652,ForYou
1,Us,North America,Sports,trending,43,210272,8872,1080,seasonal,Fashion,Sunday,Evening,92655.5,19,0.598,Following
1,Mx,North America,Finance,trending,7,77437,3650,322,stable,Fashion,Saturday,Morning,78592,20,0.8,Search
1,Us,North America,Automotive,trending,25,62504,4802,613,rising,Music,Friday,Night,100507.4,17,0.792,ForYou
1,Us,North America,Art,licensed,19,73187,5104,480,declining,Music,Wednesday,Evening,99869.9,26,0.832,ForYou
1,Us,North America,Education,trending,25,118234,6503,899,rising,Lifestyle,Friday,Afternoon,99230,22,0.54,Search
2,Us,North America,Art,trending,43,307669,10991,781,declining,Sports,Friday,Evening,106392.4,26,0.463,Search
2,Us,North America,Fitness,trending,61,9111,199,18,stable,Travel,Sunday,Night,81626.7,23,0.695,External
2,Ca,North America,Fashion,trending,90,657647,21352,3275,stable,Education,Tuesday,Morning,121135.6,16,0.479,Home
2,Us,North America,Lifestyle,licensed,49,57087,948,106,declining,Dance,Monday,Morning,97694.6,20,0.543,Home
2,Mx,North America,Music,original,63,21191,862,117,seasonal,Sports,Friday,Evening,92445.5,22,0.551,External
2,Us,North America,Lifestyle,licensed,61,18074,778,69,declining,Comedy,Sunday,Evening,128892.5,20,0.523,Search
2,Mx,North America,Pets,trending,27,119763,7424,583,declining,Sports,Tuesday,Morning,78937,22,0.474,Suggested
2,Mx,North America,Fashion,trending,53,70005,1784,286,stable,Dance,Sunday,Morning,98301.3,15,0.496,Search
2,Mx,North America,Automotive,licensed,18,104092,2621,286,rising,Comedy,Sunday,Afternoon,92542.5,9,0.583,Search
2,Ca,North America,Food,licensed,24,192556,10628,794,seasonal,Education,Thursday,Evening,89929.7,25,0.521,Search
2,Us,North America,Lifestyle,original,13,26949,1212,134,rising,Travel,Friday,Evening,109586,24,0.623,Suggested
2,Mx,North America,DIY,licensed,21,48482,1726,147,seasonal,Beauty,Tuesday,Evening,94693.5,20,0.448,Home
2,Mx,North America,Music,licensed,50,592298,24416,1757,rising,Pets,Friday,Afternoon,117704,19,0.582,Home
2,Mx,North America,Art,licensed,34,43633,1662,108,rising,Fashion,Friday,Evening,100197.7,21,0.615,Search
2,Ca,North America,Travel,original,81,22400,604,52,stable,Music,Wednesday,Morning,67655.6,12,0.486,Search
2,Us,North America,Automotive,trending,17,140558,5187,633,stable,Music,Monday,Evening,110281.5,21,0.565,Suggested
1,Mx,North America,Tech,trending,32,316444,25844,4045,seasonal,Education,Friday,Afternoon,112709.6,22,0.544,ForYou
1,Ca,North America,Finance,licensed,22,72569,7034,554,rising,Lifestyle,Thursday,Evening,87560.6,23,0.736,Following
1,Us,North America,Art,trending,13,84501,4342,310,stable,Tech,Friday,Evening,99470.5,26,0.808,ForYou
1,Mx,North America,Gaming,original,8,29916,1686,202,stable,Dance,Tuesday,Afternoon,106751.2,22,0.6,ForYou
1,Ca,North America,DIY,trending,20,203341,13213,1265,declining,Sports,Saturday,Evening,132974.8,24,0.695,ForYou
1,Mx,North America,Automotive,original,60,14949,919,96,seasonal,Education,Wednesday,Afternoon,106295.8,29,0.757,ForYou
1,Ca,North America,DIY,trending,18,73888,8663,1111,declining,Lifestyle,Saturday,Evening,95967.2,21,0.767,External
1,Ca,North America,Gaming,trending,37,133661,7849,1015,seasonal,Sports,Friday,Morning,111482.5,26,0.732,Following
1,Us,North America,Automotive,licensed,28,57537,4110,512,rising,Tech,Friday,Night,109086.8,31,0.718,External
1,Us,North America,Automotive,original,29,193056,18224,1181,rising,Food,Friday,Night,98301.3,24,0.752,ForYou
1,Mx,North America,Comedy,licensed,75,18760,1674,239,seasonal,Comedy,Tuesday,Evening,92388.3,26,0.548,External
1,Mx,North America,Sports,trending,32,68404,6788,855,declining,Dance,Thursday,Night,99317.4,17,0.588,ForYou
2,Mx,North America,Science,trending,19,85676,3846,349,declining,Beauty,Thursday,Afternoon,105585.7,22,0.626,Suggested
2,Us,North America,News,licensed,60,6957,231,25,stable,Lifestyle,Monday,Afternoon,92280.2,24,0.602,External
2,Ca,North America,DIY,trending,23,395952,17967,1749,stable,Travel,Monday,Evening,79636,17,0.439,Search
2,Ca,North America,Finance,original,26,77348,2336,262,stable,Sports,Thursday,Evening,77446,28,0.75,Home
2,Us,North America,Finance,licensed,39,30852,1179,109,stable,Beauty,Friday,Evening,98366.2,28,0.444,Suggested
2,Mx,North America,Fitness,licensed,21,109976,5186,679,declining,Education,Friday,Night,113141.1,29,0.719,Suggested
2,Ca,North America,Fitness,licensed,65,59162,3368,377,seasonal,Beauty,Thursday,Evening,112406,22,0.406,Home
2,Ca,North America,Fitness,trending,31,223048,5950,833,stable,Tech,Friday,Evening,92656.5,29,0.665,External
1,Ca,North America,Beauty,original,17,67738,4041,332,seasonal,Dance,Wednesday,Night,93663.5,20,0.582,ForYou
1,Us,North America,Pets,original,16,109457,7648,751,rising,Travel,Friday,Evening,95866.1,20,0.594,ForYou
1,Ca,North America,Gaming,original,15,53262,4978,427,stable,Comedy,Tuesday,Afternoon,113807.9,26,0.553,Following
1,Mx,North America,Tech,licensed,29,12723,813,64,rising,Dance,Thursday,Evening,81411.1,25,0.545,Search
1,Ca,North America,Fashion,original,21,49829,4529,382,rising,Travel,Saturday,Afternoon,81001,21,0.557,Search
1,Us,North America,Finance,licensed,32,50582,4640,333,declining,Tech,Friday,Evening,77446,24,0.7,External
1,Ca,North America,Pets,original,25,47729,4188,383,stable,Music,Thursday,Evening,82413.7,21,0.568,External
1,Ca,North America,Sports,original,44,25614,1326,147,rising,Gaming,Wednesday,Night,83775.8,27,0.623,Following
1,Mx,North America,Science,trending,42,16164,1088,116,stable,Tech,Sunday,Afternoon,89533.8,21,0.624,Search
1,Us,North America,Travel,licensed,33,12964,588,69,stable,Music,Monday,Morning,130363.6,21,0.576,ForYou
1,Ca,North America,Gaming,trending,21,96627,7505,640,rising,Education,Friday,Afternoon,80978,18,0.538,ForYou
1,Ca,North America,Automotive,original,28,9083,486,70,declining,Sports,Thursday,Evening,136562.4,24,0.739,ForYou
1,Mx,North America,Art,original,23,25799,2521,304,stable,Comedy,Saturday,Afternoon,99230,22,0.722,Search
1,Us,North America,Lifestyle,trending,55,102392,6756,905,rising,Comedy,Friday,Evening,95392.8,26,0.696,Following
1,Ca,North America,Sports,trending,36,76021,8835,789,stable,Comedy,Tuesday,Evening,117342.2,22,0.8,Search
1,Mx,North America,DIY,trending,40,15237,713,81,declining,Gaming,Friday,Morning,70155.9,30,0.84,ForYou
1,Mx,North America,News,licensed,40,77833,6793,501,stable,Dance,Friday,Evening,116234.3,22,0.602,External
1,Mx,North America,Travel,original,47,45992,3727,243,declining,Dance,Wednesday,Afternoon,117342.2,17,0.743,ForYou
2,Us,North America,Art,trending,61,30018,1287,143,rising,Travel,Monday,Night,96938.3,26,0.652,Suggested
2,Ca,North America,Fashion,trending,39,195774,6066,635,declining,Sports,Wednesday,Evening,93389,26,0.705,Search
2,Mx,North America,Comedy,trending,42,82270,2113,224,seasonal,Lifestyle,Friday,Night,116083.5,32,0.467,Home
2,Mx,North America,Food,original,22,135782,4801,549,declining,Education,Friday,Evening,92959.7,33,0.564,Search
2,Mx,North America,Finance,trending,19,21329,918,69,stable,Dance,Friday,Afternoon,91634.1,20,0.511,Home
2,Us,North America,Travel,original,26,43651,1887,126,stable,Sports,Friday,Evening,120866.4,26,0.7,Home
1,Us,North America,Art,trending,26,47368,3250,373,declining,Tech,Sunday,Night,132493.2,26,0.554,ForYou
1,Ca,North America,Art,original,33,203496,24336,3346,rising,Tech,Friday,Evening,108840.2,31,0.848,ForYou
1,Mx,North America,Finance,original,42,25658,2734,340,stable,Beauty,Thursday,Night,84424.3,23,0.75,Following
1,Us,North America,Music,trending,27,190358,12925,1781,stable,Education,Monday,Evening,104933.1,29,0.633,External
1,Us,North America,Travel,trending,32,38224,3493,394,rising,Music,Friday,Night,89104.7,21,0.769,ForYou
1,Us,North America,Lifestyle,original,23,33593,2045,318,stable,Dance,Monday,Night,115920.9,22,0.587,Following
1,Ca,North America,Music,original,67,100145,5950,460,rising,Dance,Friday,Morning,102647.6,20,0.679,ForYou
1,Us,North America,Food,original,25,12895,1122,90,seasonal,Comedy,Wednesday,Evening,103279.3,14,0.708,ForYou
1,Mx,North America,Education,trending,22,9748,587,62,seasonal,Beauty,Monday,Night,93745.1,20,0.823,ForYou
1,Ca,North America,Fashion,original,15,30457,1731,150,seasonal,Education,Friday,Evening,89008.1,35,0.72,ForYou
1,Ca,North America,Lifestyle,licensed,18,163439,13476,1164,declining,DIY,Friday,Evening,89927.8,22,0.661,External
1,Ca,North America,Science,original,25,65899,5620,406,seasonal,Travel,Friday,Morning,98396.5,29,0.724,External
1,Mx,North America,Science,original,23,44168,2215,302,declining,Travel,Wednesday,Evening,102026.5,24,0.713,ForYou
2,Us,North America,Automotive,original,49,109316,2879,203,rising,Travel,Friday,Evening,101613,18,0.433,Search
2,Mx,North America,DIY,trending,31,42442,2077,204,declining,Travel,Thursday,Night,100507.4,17,0.597,Suggested
2,Mx,North America,Art,trending,18,32859,1590,99,declining,Dance,Friday,Evening,88068.7,15,0.522,Suggested
2,Mx,North America,Tech,original,38,48717,950,132,seasonal,Lifestyle,Saturday,Evening,108537.2,28,0.592,Suggested
2,Mx,North America,Beauty,licensed,52,68041,3175,348,seasonal,Music,Monday,Evening,94550.8,23,0.473,Home
2,Mx,North America,Food,original,54,291516,11170,1462,stable,Sports,Sunday,Afternoon,83969.9,22,0.67,Suggested
2,Ca,North America,Fashion,trending,22,53242,2043,313,declining,Food,Friday,Afternoon,114010.2,23,0.736,Home
2,Us,North America,Music,trending,14,317989,10580,858,declining,Gaming,Friday,Morning,88068.7,27,0.671,Search
2,Ca,North America,Sports,original,47,28048,1092,160,rising,Fashion,Friday,Morning,104933.1,21,0.604,Home
2,Mx,North America,DIY,licensed,27,49274,2737,254,declining,Lifestyle,Friday,Evening,116096.1,21,0.722,Search
2,Ca,North America,Art,original,35,118485,4135,273,declining,Travel,Saturday,Evening,94562.8,17,0.506,Suggested
2,Ca,North America,Pets,licensed,49,31500,1023,93,rising,Sports,Wednesday,Evening,70084.8,26,0.461,Suggested
2,Ca,North America,Finance,trending,25,280993,14213,1618,stable,Dance,Friday,Afternoon,92439.5,15,0.536,Home
1,Us,North America,Fashion,licensed,31,46232,2768,268,rising,Education,Sunday,Morning,102994.2,29,0.661,Search
1,Mx,North America,Art,original,25,94919,6840,980,declining,Education,Tuesday,Afternoon,106663.6,18,0.54,Search
1,Ca,North America,Fashion,trending,19,61720,6287,603,seasonal,Lifestyle,Thursday,Afternoon,126011.3,24,0.6,External
1,Ca,North America,Music,licensed,51,208547,12844,2093,declining,Pets,Friday,Afternoon,95337.6,19,0.51,ForYou
1,Us,North America,Gaming,licensed,44,85352,5158,862,stable,DIY,Saturday,Night,80382.1,29,0.807,Following
1,Us,North America,DIY,licensed,20,81423,6205,665,declining,Sports,Saturday,Evening,69925.7,24,0.765,ForYou
1,Ca,North America,Science,original,48,51674,2600,193,seasonal,Gaming,Tuesday,Evening,103450.2,27,0.773,ForYou
1,Ca,North America,Gaming,original,43,55401,6067,765,stable,Education,Tuesday,Evening,104791.2,27,0.774,ForYou
1,Ca,North America,News,licensed,54,122049,14185,1200,seasonal,Fashion,Monday,Night,110281.5,19,0.544,ForYou
1,Us,North America,Tech,trending,19,40144,3526,365,seasonal,Sports,Wednesday,Evening,85148.5,22,0.553,External
1,Mx,North America,Science,trending,67,134068,11026,1559,declining,Music,Wednesday,Afternoon,104791.2,15,0.812,Search
2,Ca,North America,Tech,licensed,23,100400,3898,430,declining,Beauty,Friday,Morning,92656.5,28,0.617,Suggested
2,Us,North America,Travel,trending,58,111775,6202,762,declining,Gaming,Saturday,Evening,97201.9,26,0.684,Search
2,Us,North America,Tech,trending,43,10140,278,21,stable,Education,Friday,Evening,86157.4,22,0.665,Suggested
2,Us,North America,DIY,trending,26,75319,2023,280,declining,Fashion,Tuesday,Morning,104730.1,19,0.635,Home
2,Us,North America,Tech,licensed,71,266435,9387,1187,seasonal,Comedy,Tuesday,Afternoon,115494.9,27,0.587,External
2,Mx,North America,Gaming,original,40,27443,923,69,stable,Dance,Friday,Afternoon,132974.8,20,0.55,Home
2,Mx,North America,Tech,licensed,7,76613,3519,321,stable,Comedy,Saturday,Evening,100129.4,26,0.457,External
2,Us,North America,Fitness,original,26,38606,3273,337,declining,Fashion,Thursday,Evening,105790,19,0.623,External
1,Us,North America,Automotive,original,38,16126,1060,151,stable,Tech,Friday,Morning,111410.3,31,0.845,Search
1,Ca,North America,Education,trending,75,18550,1495,108,seasonal,Music,Thursday,Afternoon,138884.6,28,0.603,ForYou
1,Us,North America,Pets,original,23,9939,493,70,declining,Sports,Friday,Night,93948.2,24,0.743,External
1,Ca,North America,Finance,trending,17,23020,792,129,seasonal,Food,Saturday,Afternoon,113733.4,22,0.541,ForYou
1,Mx,North America,Travel,licensed,20,35325,1866,263,declining,Gaming,Monday,Night,77064.7,27,0.8,Following
1,Ca,North America,Lifestyle,original,40,660880,58226,4670,rising,Gaming,Saturday,Afternoon,105983.5,26,0.728,ForYou
1,Ca,North America,Gaming,licensed,27,164398,6895,787,rising,Tech,Thursday,Afternoon,88068.7,26,0.767,ForYou
1,Us,North America,Music,licensed,19,41951,3572,261,declining,Beauty,Tuesday,Afternoon,106642.8,24,0.532,ForYou
1,Mx,North America,Music,licensed,21,91041,4789,509,declining,Tech,Sunday,Night,104142.7,26,0.567,Search
1,Mx,North America,Finance,original,11,38367,1335,99,rising,Sports,Sunday,Night,77446,29,0.655,ForYou
1,Mx,North America,News,original,31,10352,654,56,stable,Dance,Sunday,Afternoon,90369.7,22,0.548,Search
2,Us,North America,Fitness,trending,52,46806,1767,200,seasonal,Food,Friday,Evening,69452.6,29,0.525,Home
2,Mx,North America,Finance,trending,59,45260,1927,217,seasonal,Fashion,Friday,Morning,95392.8,19,0.678,Home
2,Ca,North America,Sports,original,32,3304,173,15,declining,Food,Thursday,Afternoon,101377.8,22,0.528,Home
2,Mx,North America,Travel,licensed,38,72481,4546,333,rising,Lifestyle,Monday,Morning,91971.6,23,0.526,Home
2,Ca,North America,Education,trending,59,118822,5943,883,rising,Music,Tuesday,Evening,97125.1,12,0.592,Home
2,Mx,North America,Gaming,trending,26,18694,856,94,rising,Pets,Tuesday,Evening,92871.7,24,0.585,Suggested
2,Mx,North America,Finance,trending,38,28048,1027,103,seasonal,Tech,Friday,Evening,85369.3,24,0.663,Home
2,Mx,North America,Sports,original,27,20725,945,77,declining,Education,Tuesday,Evening,94621.9,28,0.57,Search
2,Us,North America,Gaming,trending,40,467120,17239,2393,seasonal,Education,Friday,Evening,103308.4,25,0.465,Suggested
2,Ca,North America,Food,original,42,493539,12411,963,rising,Gaming,Wednesday,Afternoon,97125.1,29,0.543,Suggested
1,Ca,North America,Pets,trending,20,6342,729,57,stable,Education,Friday,Night,91102.6,27,0.815,ForYou
1,Us,North America,Fashion,trending,15,61226,3081,255,stable,Music,Friday,Evening,89974.2,26,0.68,Search
1,Us,North America,Food,licensed,38,197401,17765,1609,seasonal,Education,Sunday,Evening,112535.6,28,0.676,ForYou
1,Ca,North America,Lifestyle,original,74,30101,2960,356,seasonal,Pets,Friday,Evening,75227.3,22,0.846,Following
1,Us,North America,DIY,original,36,73898,4402,523,declining,Pets,Monday,Afternoon,67358,19,0.567,Search
1,Ca,North America,Tech,trending,44,113196,10078,757,declining,Travel,Friday,Afternoon,98281.2,27,0.72,ForYou
1,Mx,North America,Comedy,licensed,41,10196,990,98,declining,Comedy,Wednesday,Night,90412.1,25,0.746,Following
1,Mx,North America,News,licensed,37,16507,1241,116,seasonal,Beauty,Thursday,Evening,91102.6,24,0.746,ForYou
1,Ca,North America,Music,trending,16,121151,5876,590,seasonal,Dance,Friday,Morning,108037.4,22,0.569,Following
1,Us,North America,DIY,trending,36,42786,2303,186,seasonal,Fashion,Saturday,Afternoon,95297,20,0.625,External
1,Mx,North America,Gaming,original,10,148930,14582,2226,seasonal,Food,Sunday,Evening,78937,25,0.6,ForYou
2,Mx,North America,Fitness,original,31,168805,7959,1142,declining,Lifestyle,Monday,Evening,96007.1,25,0.497,Suggested
2,Mx,North America,Art,licensed,15,17155,916,78,rising,Gaming,Wednesday,Afternoon,124662.1,27,0.487,Home
2,Us,North America,DIY,licensed,23,37518,1512,134,stable,Music,Friday,Afternoon,84611.9,25,0.517,Home
2,Us,North America,Fashion,licensed,29,79113,4305,704,stable,Dance,Friday,Afternoon,75207.3,15,0.497,Home
2,Us,North America,Art,licensed,86,618173,23487,1551,rising,Comedy,Friday,Morning,107610.4,26,0.626,Suggested
1,Mx,North America,Art,licensed,22,44091,2757,384,rising,Dance,Monday,Afternoon,81001,20,0.823,External
1,Ca,North America,Science,trending,32,83682,4627,618,declining,Beauty,Sunday,Afternoon,117301.2,29,0.756,ForYou
1,Us,North America,Education,original,26,30400,1902,171,seasonal,Fashion,Friday,Evening,95392.8,23,0.827,ForYou
1,Us,North America,Sports,trending,24,94658,3774,279,seasonal,Fashion,Monday,Evening,91380.1,23,0.833,ForYou
1,Mx,North America,Lifestyle,original,16,52976,2785,394,declining,Music,Friday,Morning,100197.7,26,0.631,ForYou
1,Us,North America,Art,licensed,42,29022,1913,142,stable,Tech,Thursday,Evening,118476.8,29,0.712,Following
1,Ca,North America,Gaming,trending,21,41380,2774,280,declining,Pets,Thursday,Morning,106295.8,17,0.729,ForYou
1,Us,North America,Travel,licensed,40,115533,8846,963,seasonal,Dance,Monday,Evening,114135.1,25,0.847,ForYou
1,Us,North America,News,original,16,3528,200,25,rising,Music,Tuesday,Evening,102026.5,28,0.688,Search
1,Mx,North America,Sports,trending,26,46363,4458,353,rising,Sports,Saturday,Evening,119732.9,24,0.831,ForYou
1,Us,North America,Gaming,original,23,59945,2178,195,rising,Pets,Friday,Evening,81001,17,0.739,ForYou
1,Mx,North America,Travel,licensed,32,605476,40079,3424,rising,Food,Sunday,Afternoon,106288.7,22,0.85,Search
1,Us,North America,Lifestyle,trending,18,769401,32999,3353,rising,Travel,Saturday,Afternoon,104175.6,20,0.844,ForYou
1,Mx,North America,News,trending,27,248914,16093,2078,declining,Comedy,Sunday,Evening,107610.4,19,0.756,External
2,Ca,North America,Beauty,licensed,24,22880,789,58,stable,Pets,Friday,Evening,78592,20,0.583,Home
2,Ca,North America,DIY,licensed,25,50334,1439,105,rising,Beauty,Wednesday,Evening,104158.3,21,0.72,Home
2,Mx,North America,Science,trending,31,55103,1900,253,stable,Dance,Tuesday,Evening,150387.6,23,0.674,Search
2,Ca,North America,Music,trending,35,28466,722,73,stable,Gaming,Saturday,Morning,84057.5,28,0.509,Home
2,Mx,North America,Automotive,licensed,56,11011,275,34,declining,Education,Friday,Night,79742.9,22,0.577,Home
2,Mx,North America,Beauty,original,29,285903,13243,1614,stable,Travel,Monday,Evening,90734.5,17,0.414,Home
2,Ca,North America,Fashion,trending,71,137791,4969,683,rising,Sports,Wednesday,Afternoon,94031.5,26,0.494,Home
2,Mx,North America,DIY,trending,44,22014,1035,98,seasonal,Fashion,Thursday,Afternoon,83156.5,21,0.652,External
2,Ca,North America,Pets,trending,20,15793,824,66,stable,Dance,Wednesday,Evening,90840.6,17,0.4,Home
2,Mx,North America,News,licensed,15,19859,556,79,declining,Sports,Monday,Evening,91443.2,22,0.693,Home
2,Us,North America,Comedy,licensed,32,68530,2663,195,rising,Comedy,Sunday,Evening,95343,27,0.675,Search
2,Mx,North America,Beauty,trending,19,20058,547,66,rising,Dance,Friday,Afternoon,98246.3,22,0.468,Suggested
1,Mx,North America,Gaming,licensed,25,68862,3644,422,rising,Education,Friday,Morning,90840.6,32,0.56,ForYou
1,Us,North America,DIY,licensed,18,74202,5130,703,rising,Education,Tuesday,Evening,75277.5,30,0.844,Search
1,Us,North America,Gaming,licensed,16,47275,2420,211,declining,Beauty,Saturday,Afternoon,81314.2,27,0.644,Following
1,Ca,North America,Music,trending,20,100468,6220,963,rising,Travel,Tuesday,Evening,106642.8,23,0.715,ForYou
1,Us,North America,Comedy,trending,11,74730,3917,275,rising,Sports,Friday,Morning,104994.3,24,0.545,Search
1,Ca,North America,Food,original,19,11330,673,97,seasonal,Food,Friday,Evening,89206.3,23,0.542,Following
1,Ca,North America,Sports,original,54,195061,13116,1991,stable,Comedy,Sunday,Evening,72726.1,20,0.587,ForYou
1,Ca,North America,Automotive,original,35,4563,201,29,rising,Food,Friday,Evening,110281.5,14,0.674,ForYou
1,Us,North America,Art,trending,13,187815,9106,1431,stable,Sports,Friday,Evening,89258.4,24,0.838,Following
2,Mx,North America,News,trending,43,218227,5530,710,stable,Fashion,Sunday,Evening,124137.5,17,0.442,External
2,Ca,North America,DIY,original,35,20084,1421,111,rising,Gaming,Tuesday,Evening,117301.2,26,0.449,Suggested
2,Us,North America,Fashion,licensed,52,60573,2710,397,rising,Tech,Sunday,Evening,91694.7,24,0.719,External
2,Ca,North America,Music,trending,23,42364,1396,185,rising,Music,Wednesday,Evening,108133.7,21,0.73,External
2,Mx,North America,Sports,licensed,25,84302,3189,239,stable,Tech,Friday,Evening,137118.7,31,0.672,External
2,Ca,North America,Pets,licensed,26,133445,5677,718,stable,Food,Friday,Night,93727.3,25,0.419,Suggested
2,Ca,North America,News,trending,41,27493,1080,152,stable,Comedy,Friday,Afternoon,95540.6,29,0.556,Suggested
1,Ca,North America,Automotive,original,41,112055,9959,821,declining,Gaming,Monday,Evening,81897,29,0.683,External
1,Us,North America,News,original,43,38446,1999,124,declining,Gaming,Saturday,Morning,108133.7,31,0.653,ForYou
1,Us,North America,Science,licensed,16,40377,2476,261,declining,Beauty,Tuesday,Night,66508.8,25,0.7,External
1,Us,North America,Beauty,licensed,33,55044,4354,368,rising,Pets,Tuesday,Evening,150519.5,17,0.733,Following
1,Us,North America,Automotive,licensed,13,224265,17415,2365,declining,Gaming,Friday,Morning,87617.4,27,0.654,ForYou
1,Mx,North America,Travel,original,41,83508,5633,693,stable,Pets,Friday,Afternoon,76368,26,0.578,ForYou
1,Us,North America,Science,original,47,24180,1124,101,declining,Beauty,Thursday,Afternoon,99200.2,25,0.64,ForYou
1,Mx,North America,Automotive,original,16,40186,2774,387,rising,Education,Sunday,Afternoon,91443.2,30,0.794,ForYou
1,Mx,North America,Education,original,18,123548,7020,919,rising,Education,Saturday,Afternoon,116225.5,29,0.672,Search
1,Mx,North America,Comedy,trending,17,41146,2171,319,rising,Tech,Wednesday,Morning,134259.1,25,0.794,Search
1,Ca,North America,Sports,trending,47,38798,2641,226,declining,Education,Tuesday,Afternoon,68775.5,18,0.779,Following
1,Us,North America,News,licensed,35,18617,1380,113,declining,Comedy,Friday,Afternoon,110281.5,11,0.84,ForYou
1,Us,North America,Beauty,licensed,38,15653,1812,230,seasonal,Travel,Friday,Night,83156.5,26,0.697,Search
2,Mx,North America,Gaming,original,51,62867,1494,126,stable,Travel,Saturday,Afternoon,97694.6,17,0.431,Home
2,Us,North America,News,original,40,43359,1151,80,stable,Sports,Saturday,Night,102500.9,26,0.59,Suggested
2,Us,North America,Pets,trending,70,190557,8979,1167,seasonal,Sports,Tuesday,Afternoon,88817.6,22,0.549,Home
2,Ca,North America,Fashion,trending,34,56001,3734,345,rising,Gaming,Friday,Evening,96426.1,23,0.426,Suggested
2,Mx,North America,Comedy,trending,29,13103,678,74,rising,Tech,Wednesday,Evening,132974.8,29,0.603,Search
2,Ca,North America,Finance,original,34,226570,10237,1539,stable,Beauty,Saturday,Evening,80243.4,28,0.735,Home
2,Us,North America,Comedy,trending,52,243735,16197,1672,rising,Pets,Thursday,Evening,89086.7,22,0.619,Search
2,Us,North America,Food,licensed,34,171551,8630,972,seasonal,Comedy,Friday,Night,102133.2,17,0.632,Home
2,Mx,North America,Fitness,trending,18,30665,708,76,declining,Dance,Friday,Evening,118088.6,23,0.522,Home
1,Mx,North America,Art,trending,38,45590,2374,155,declining,Fashion,Saturday,Afternoon,86206.8,18,0.797,ForYou
1,Ca,North America,Gaming,trending,29,73914,6181,483,rising,Tech,Tuesday,Evening,67379.6,23,0.652,External
1,Mx,North America,Fitness,original,26,7790,452,44,rising,Food,Saturday,Afternoon,109552,22,0.623,ForYou
1,Mx,North America,Automotive,trending,26,19729,1191,150,seasonal,Fashion,Tuesday,Afternoon,84424.3,20,0.642,External
1,Us,North America,Art,licensed,19,67184,3460,212,declining,Food,Monday,Evening,114135.1,19,0.621,ForYou
1,Us,North America,Comedy,trending,19,64623,4914,360,stable,Food,Saturday,Evening,88998.8,25,0.726,Following
1,Ca,North America,Food,trending,27,21587,1797,149,seasonal,Comedy,Sunday,Morning,92903,26,0.581,ForYou
1,Mx,North America,Travel,trending,42,448551,21126,3023,rising,Lifestyle,Tuesday,Afternoon,106932.7,27,0.533,External
1,Us,North America,Music,original,35,63051,9576,665,declining,Gaming,Sunday,Afternoon,106301.2,27,0.666,ForYou
1,Ca,North America,Food,original,18,22261,1885,233,seasonal,Beauty,Sunday,Evening,114801.6,22,0.606,ForYou
2,Ca,North America,Fashion,licensed,41,39769,1558,179,declining,Travel,Monday,Evening,44841.3,27,0.449,Suggested
2,Us,North America,Fitness,original,45,269418,12217,951,stable,Gaming,Tuesday,Evening,102802.1,24,0.68,Search
2,Ca,North America,Sports,trending,24,33469,1122,127,rising,Lifestyle,Friday,Afternoon,100207.3,24,0.708,Suggested
